<?xml version="1.0" encoding="UTF-8"?><PlanDefinition xmlns="http://hl7.org/fhir"><id value="IMMZ.DT.17.HepatitisA"/><url value="http://fhir.org/guides/who/smart-immunization/PlanDefinition/IMMZ.DT.17.HepatitisA"/><version value="0.1.0"/><name value="IMMZ.DT.17.HepatitisA"/><title value="IMMZ.DT.17.HepatitisA"/><status value="draft"/><date value="2023-03-31T14:38:57+00:00"/><publisher value="World Health Organization (WHO)"/><description value="If child or person has not been vaccinated, give Hepatitis A vaccine at 1 year of age"/><jurisdiction><coding><system value="http://unstats.un.org/unsd/methods/m49/m49.htm"/><code value="001"/></coding></jurisdiction><library value="http://fhir.org/guides/who/smart-immunization/Library/IMMZDT17"/><action><title value="Immunize Patient for Hepatitis A - No Doses"/><description value="Provide Hepatitis A immunization – using the &quot;Hepatitis A vaccine immunization – NO PREVIOUS&quot; Live attenuated HAV vaccine schedule (1 dose scheme)"/><condition><kind value="applicability"/><expression><description value="&quot;Hepatitis A vaccine immunization history&quot; = &quot;No-doses&quot;"/><language value="text/cql"/><expression value="Should vaccinate patient for Hepatitis A because no doses at 1 year old in a 1 dose scheme"/></expression></condition><condition><kind value="applicability"/><expression><description value="&quot;Current Patient Age in Years&quot; &gt;= 1"/><language value="text/cql"/><expression value="Should vaccinate patient for Hepatitis A because no doses at 1 year old in a 1 dose scheme"/></expression></condition><condition><kind value="applicability"/><expression><description value="&quot;Country is not highly endemic for Hepatitis A&quot; = TRUE"/><language value="text/cql"/><expression value="Should vaccinate patient for Hepatitis A because no doses at 1 year old in a 1 dose scheme"/></expression></condition><condition><kind value="applicability"/><expression><description value="&quot;Pregnancy Status&quot; = FALSE"/><language value="text/cql"/><expression value="Should vaccinate patient for Hepatitis A because no doses at 1 year old in a 1 dose scheme"/></expression></condition><condition><kind value="applicability"/><expression><description value="&quot;Immunocompromised&quot; = FALSE"/><language value="text/cql"/><expression value="Should vaccinate patient for Hepatitis A because no doses at 1 year old in a 1 dose scheme"/></expression></condition><condition><kind value="applicability"/><expression><description value="&quot;Country is administering a Live attenuated HAV vaccine&quot; = TRUE"/><language value="text/cql"/><expression value="Should vaccinate patient for Hepatitis A because no doses at 1 year old in a 1 dose scheme"/></expression></condition><definitionCanonical value="http://fhir.org/guides/who/smart-immunization/ActivityDefinition/IMMZ.DT.17.HepatitisA.01"/></action><action><title value="Immunize Patient for Hepatitis A - No Doses"/><description value="Provide Hepatitis A immunization – using the &quot;Hepatitis A vaccine immunization – NO PREVIOUS&quot; Inactivated HAV vaccine schedule (2 dose scheme)"/><condition><kind value="applicability"/><expression><description value="&quot;Hepatitis A vaccine immunization history&quot; = &quot;No-doses&quot;"/><language value="text/cql"/><expression value="Should vaccinate patient for Hepatitis A because no doses at 1 year old in a 2 dose scheme"/></expression></condition><condition><kind value="applicability"/><expression><description value="&quot;Current Patient Age in Years&quot; &gt;= 1"/><language value="text/cql"/><expression value="Should vaccinate patient for Hepatitis A because no doses at 1 year old in a 2 dose scheme"/></expression></condition><condition><kind value="applicability"/><expression><description value="&quot;Country is not highly endemic for Hepatitis A&quot; = TRUE"/><language value="text/cql"/><expression value="Should vaccinate patient for Hepatitis A because no doses at 1 year old in a 2 dose scheme"/></expression></condition><condition><kind value="applicability"/><expression><description value="&quot;Country is administering an Inactivated HAV vaccine&quot; = TRUE"/><language value="text/cql"/><expression value="Should vaccinate patient for Hepatitis A because no doses at 1 year old in a 2 dose scheme"/></expression></condition><definitionCanonical value="http://fhir.org/guides/who/smart-immunization/ActivityDefinition/IMMZ.DT.17.HepatitisA.02"/></action><action><title value="Immunize Patient for Hepatitis A - 1 Dose of Inactivated HAV (high risk or immunocompromised)"/><description value="Provide Hepatitis A immunization – using the &quot;Hepatitis A vaccine immunization – 1 PREVIOUS&quot; Inactivated HAV vaccine schedule (2 dose scheme)"/><condition><kind value="applicability"/><expression><description value="&quot;Hepatitis A vaccine immunization history&quot; = &quot;1 dose&quot;"/><language value="text/cql"/><expression value="Should vaccinate patient for Hepatitis A because 1 dose given 6 months to 5 years ago in a 2 dose scheme due to high risk or immunocompromised"/></expression></condition><condition><kind value="applicability"/><expression><description value="&quot;Date last Hepatitis A dose given&quot; &gt;= &quot;6 months&quot;"/><language value="text/cql"/><expression value="Should vaccinate patient for Hepatitis A because 1 dose given 6 months to 5 years ago in a 2 dose scheme due to high risk or immunocompromised"/></expression></condition><condition><kind value="applicability"/><expression><description value="&quot;Date last Hepatitis A dose given&quot; &lt;= &quot;5 years&quot;"/><language value="text/cql"/><expression value="Should vaccinate patient for Hepatitis A because 1 dose given 6 months to 5 years ago in a 2 dose scheme due to high risk or immunocompromised"/></expression></condition><condition><kind value="applicability"/><expression><description value="&quot;Type of last Hepatits A dose&quot; = &quot;Inactivated HAV&quot;"/><language value="text/cql"/><expression value="Should vaccinate patient for Hepatitis A because 1 dose given 6 months to 5 years ago in a 2 dose scheme due to high risk or immunocompromised"/></expression></condition><condition><kind value="applicability"/><expression><description value="&quot;Individual has a substantial risk of contracting Hepatitis A&quot; = TRUE"/><language value="text/cql"/><expression value="Should vaccinate patient for Hepatitis A because 1 dose given 6 months to 5 years ago in a 2 dose scheme due to high risk or immunocompromised"/></expression></condition><definitionCanonical value="http://fhir.org/guides/who/smart-immunization/ActivityDefinition/IMMZ.DT.17.HepatitisA.03"/></action></PlanDefinition>