<?xml version="1.0" encoding="UTF-8"?><PlanDefinition xmlns="http://hl7.org/fhir"><id value="IMMZ.DT.13.Tick-BorneEncephalitis"/><url value="http://fhir.org/guides/who/smart-immunization/PlanDefinition/IMMZ.DT.13.Tick-BorneEncephalitis"/><version value="0.1.0"/><name value="IMMZ.DT.13.Tick-BorneEncephalitis"/><title value="IMMZ.DT.13.Tick-BorneEncephalitis"/><status value="draft"/><date value="2023-03-31T14:01:17+00:00"/><publisher value="World Health Organization (WHO)"/><description value="If child or person has not been vaccinated, give Tick-Borne Encephalitis vaccine according to the defined schedule"/><jurisdiction><coding><system value="http://unstats.un.org/unsd/methods/m49/m49.htm"/><code value="001"/></coding></jurisdiction><library value="http://fhir.org/guides/who/smart-immunization/Library/IMMZDT13"/><action><title value="Immunize Patient for Tick-Borne Encephalitis - No Doses"/><description value="Provide Tick-Borne Encephalitis immunizations – using the &quot;FSME-Immun vaccine immunization – NO PREVIOUS&quot; schedule (3 dose scheme)"/><condition><kind value="applicability"/><expression><description value="&quot;Tick-Borne Encephalitis immunization history&quot; = &quot;No-doses&quot;"/><language value="text/cql"/><expression value="Should vaccinate patient for Tick-Borne Encephalitis using FSME-Immun because no doses on a 3 dose scheme"/></expression></condition><condition><kind value="applicability"/><expression><description value="&quot;Current Patient Age in Years&quot; &gt;= 1"/><language value="text/cql"/><expression value="Should vaccinate patient for Tick-Borne Encephalitis using FSME-Immun because no doses on a 3 dose scheme"/></expression></condition><condition><kind value="applicability"/><expression><description value="&quot;Country recognizes TBE as a priority&quot; = TRUE"/><language value="text/cql"/><expression value="Should vaccinate patient for Tick-Borne Encephalitis using FSME-Immun because no doses on a 3 dose scheme"/></expression></condition><definitionCanonical value="http://fhir.org/guides/who/smart-immunization/ActivityDefinition/IMMZ.DT.13.TBE.01"/></action><action><title value="Immunize Patient for Tick-Borne Encephalitis - 1st Dose given 1-3 months ago"/><description value="Provide Tick-Borne Encephalitis immunizations – using the &quot;FSME-Immun vaccine immunization – 1 PREVIOUS&quot; schedule (3 dose scheme)"/><condition><kind value="applicability"/><expression><description value="&quot;Tick-Borne Encephalitis immunization history&quot; = &quot;1 dose&quot;"/><language value="text/cql"/><expression value="Should vaccinate patient for Tick-Borne Encephalitis using FSME-Immun because 1st dose given 1-3 months ago on a 3 dose scheme"/></expression></condition><condition><kind value="applicability"/><expression><description value="&quot;Date last TBE dose given&quot; &gt;= &quot;1 month&quot;"/><language value="text/cql"/><expression value="Should vaccinate patient for Tick-Borne Encephalitis using FSME-Immun because 1st dose given 1-3 months ago on a 3 dose scheme"/></expression></condition><condition><kind value="applicability"/><expression><description value="&quot;Type of last TBE dose&quot; = &quot;FSME-Immun&quot;"/><language value="text/cql"/><expression value="Should vaccinate patient for Tick-Borne Encephalitis using FSME-Immun because 1st dose given 1-3 months ago on a 3 dose scheme"/></expression></condition><definitionCanonical value="http://fhir.org/guides/who/smart-immunization/ActivityDefinition/IMMZ.DT.13.TBE.02"/></action><action><title value="Immunize Patient for Tick-Borne Encephalitis - 2nd Dose given between 5 months to 12 months ago"/><description value="Provide Tick-Borne Encephalitis immunizations – using the &quot;FSME-Immun vaccine immunization – 2 PREVIOUS&quot; schedule (3 dose scheme)"/><condition><kind value="applicability"/><expression><description value="&quot;Tick-Borne Encephalitis immunization history&quot; = &quot;2 doses&quot;"/><language value="text/cql"/><expression value="Should vaccinate patient for Tick-Borne Encephalitis using FSME-Immun because 2nd doses given 5 months to 12 months ago on a 3 dose scheme"/></expression></condition><condition><kind value="applicability"/><expression><description value="&quot;Date last TBE dose given&quot; &gt;= &quot;5 months&quot;"/><language value="text/cql"/><expression value="Should vaccinate patient for Tick-Borne Encephalitis using FSME-Immun because 2nd doses given 5 months to 12 months ago on a 3 dose scheme"/></expression></condition><condition><kind value="applicability"/><expression><description value="&quot;Type of last TBE dose&quot; = &quot;FSME-Immun&quot;"/><language value="text/cql"/><expression value="Should vaccinate patient for Tick-Borne Encephalitis using FSME-Immun because 2nd doses given 5 months to 12 months ago on a 3 dose scheme"/></expression></condition><definitionCanonical value="http://fhir.org/guides/who/smart-immunization/ActivityDefinition/IMMZ.DT.13.TBE.03"/></action><action><title value="Immunize Patient for Tick-Borne Encephalitis - Last dose given 3 years ago"/><description value="Provide Tick-Borne Encephalitis immunizations – using the &quot;FSME-Immun vaccine immunization – BOOSTER&quot; schedule (1 every 3-5 years)"/><condition><kind value="applicability"/><expression><description value="&quot;Patient has completed TBE primary series&quot; = TRUE"/><language value="text/cql"/><expression value="Should vaccinate patient for Tick-Borne Encephalitis Booster using FSME-Immun because last dose given 3 years ago"/></expression></condition><condition><kind value="applicability"/><expression><description value="&quot;Date last TBE dose given&quot; &gt;= &quot;3 years&quot;"/><language value="text/cql"/><expression value="Should vaccinate patient for Tick-Borne Encephalitis Booster using FSME-Immun because last dose given 3 years ago"/></expression></condition><condition><kind value="applicability"/><expression><description value="&quot;Type of last TBE dose&quot; = &quot;FSME-Immun&quot;"/><language value="text/cql"/><expression value="Should vaccinate patient for Tick-Borne Encephalitis Booster using FSME-Immun because last dose given 3 years ago"/></expression></condition><condition><kind value="applicability"/><expression><description value="&quot;Country recognizes TBE as a priority&quot; = TRUE"/><language value="text/cql"/><expression value="Should vaccinate patient for Tick-Borne Encephalitis Booster using FSME-Immun because last dose given 3 years ago"/></expression></condition><definitionCanonical value="http://fhir.org/guides/who/smart-immunization/ActivityDefinition/IMMZ.DT.13.TBE.04"/></action><action><title value="Immunize Patient for Tick-Borne Encephalitis - No Doses"/><description value="Provide Tick-Borne Encephalitis immunizations – using the &quot;Encepur vaccine immunization – NO PREVIOUS&quot; schedule (3 dose scheme)"/><condition><kind value="applicability"/><expression><description value="&quot;Tick-Borne Encephalitis immunization history&quot; = &quot;No-doses&quot;"/><language value="text/cql"/><expression value="Should vaccinate patient for Tick-Borne Encephalitis using Encepur because no doses on a 3 dose scheme"/></expression></condition><condition><kind value="applicability"/><expression><description value="&quot;Current Patient Age in Years&quot; &gt;= 1"/><language value="text/cql"/><expression value="Should vaccinate patient for Tick-Borne Encephalitis using Encepur because no doses on a 3 dose scheme"/></expression></condition><condition><kind value="applicability"/><expression><description value="&quot;Country recognizes TBE as a priority&quot; = TRUE"/><language value="text/cql"/><expression value="Should vaccinate patient for Tick-Borne Encephalitis using Encepur because no doses on a 3 dose scheme"/></expression></condition><definitionCanonical value="http://fhir.org/guides/who/smart-immunization/ActivityDefinition/IMMZ.DT.13.TBE.05"/></action><action><title value="Immunize Patient for Tick-Borne Encephalitis - 1st Dose given 1-3 months ago"/><description value="Provide Tick-Borne Encephalitis immunizations – using the &quot;Encepur vaccine immunization – 1 PREVIOUS&quot; schedule (3 dose scheme)"/><condition><kind value="applicability"/><expression><description value="&quot;Tick-Borne Encephalitis immunization history&quot; = &quot;1 dose&quot;"/><language value="text/cql"/><expression value="Should vaccinate patient for Tick-Borne Encephalitis using Encepur because 1st dose given 1-3 months ago on a 3 dose scheme"/></expression></condition><condition><kind value="applicability"/><expression><description value="&quot;Date last TBE dose given&quot; &gt;= &quot;1 month&quot;"/><language value="text/cql"/><expression value="Should vaccinate patient for Tick-Borne Encephalitis using Encepur because 1st dose given 1-3 months ago on a 3 dose scheme"/></expression></condition><condition><kind value="applicability"/><expression><description value="&quot;Type of last TBE dose&quot; = &quot;Encepur&quot;"/><language value="text/cql"/><expression value="Should vaccinate patient for Tick-Borne Encephalitis using Encepur because 1st dose given 1-3 months ago on a 3 dose scheme"/></expression></condition><definitionCanonical value="http://fhir.org/guides/who/smart-immunization/ActivityDefinition/IMMZ.DT.13.TBE.06"/></action><action><title value="Immunize Patient for Tick-Borne Encephalitis - 2nd Dose given between 5 months to 12 months ago"/><description value="Provide Tick-Borne Encephalitis immunizations – using the &quot;Encepur vaccine immunization – 2 PREVIOUS&quot; schedule (3 dose scheme)"/><condition><kind value="applicability"/><expression><description value="&quot;Tick-Borne Encephalitis immunization history&quot; = &quot;2 doses&quot;"/><language value="text/cql"/><expression value="Should vaccinate patient for Tick-Borne Encephalitis using Encepur because 2nd doses given 5 months to 12 months ago on a 3 dose scheme"/></expression></condition><condition><kind value="applicability"/><expression><description value="&quot;Date last TBE dose given&quot; &gt;= &quot;5 months&quot;"/><language value="text/cql"/><expression value="Should vaccinate patient for Tick-Borne Encephalitis using Encepur because 2nd doses given 5 months to 12 months ago on a 3 dose scheme"/></expression></condition><condition><kind value="applicability"/><expression><description value="&quot;Type of last TBE dose&quot; = &quot;Encepur&quot;"/><language value="text/cql"/><expression value="Should vaccinate patient for Tick-Borne Encephalitis using Encepur because 2nd doses given 5 months to 12 months ago on a 3 dose scheme"/></expression></condition><definitionCanonical value="http://fhir.org/guides/who/smart-immunization/ActivityDefinition/IMMZ.DT.13.TBE.07"/></action><action><title value="Immunize Patient for Tick-Borne Encephalitis - Last dose given 3 years ago"/><description value="Provide Tick-Borne Encephalitis immunizations – using the &quot;Encepur vaccine immunization – BOOSTER&quot; schedule (1 every 3-5 years)"/><condition><kind value="applicability"/><expression><description value="&quot;Patient has completed TBE primary series&quot; = TRUE"/><language value="text/cql"/><expression value="Should vaccinate patient for Tick-Borne Encephalitis Booster using Encepur because last dose given 3 years ago"/></expression></condition><condition><kind value="applicability"/><expression><description value="&quot;Date last TBE dose given&quot; &gt;= &quot;3 years&quot;"/><language value="text/cql"/><expression value="Should vaccinate patient for Tick-Borne Encephalitis Booster using Encepur because last dose given 3 years ago"/></expression></condition><condition><kind value="applicability"/><expression><description value="&quot;Type of last TBE dose&quot; = &quot;Encepur&quot;"/><language value="text/cql"/><expression value="Should vaccinate patient for Tick-Borne Encephalitis Booster using Encepur because last dose given 3 years ago"/></expression></condition><condition><kind value="applicability"/><expression><description value="&quot;Country recognizes TBE as a priority&quot; = TRUE"/><language value="text/cql"/><expression value="Should vaccinate patient for Tick-Borne Encephalitis Booster using Encepur because last dose given 3 years ago"/></expression></condition><definitionCanonical value="http://fhir.org/guides/who/smart-immunization/ActivityDefinition/IMMZ.DT.13.TBE.08"/></action><action><title value="Immunize Patient for Tick-Borne Encephalitis - No Doses"/><description value="Provide Tick-Borne Encephalitis immunizations – using the &quot;TBE-Moscow vaccine immunization – NO PREVIOUS&quot; schedule (3 dose scheme)"/><condition><kind value="applicability"/><expression><description value="&quot;Tick-Borne Encephalitis immunization history&quot; = &quot;No-doses&quot;"/><language value="text/cql"/><expression value="Should vaccinate patient for Tick-Borne Encephalitis using TBE-Moscow because no doses on a 3 dose scheme"/></expression></condition><condition><kind value="applicability"/><expression><description value="&quot;Current Patient Age in Years&quot; &gt;= 3"/><language value="text/cql"/><expression value="Should vaccinate patient for Tick-Borne Encephalitis using TBE-Moscow because no doses on a 3 dose scheme"/></expression></condition><condition><kind value="applicability"/><expression><description value="&quot;Country recognizes TBE as a priority&quot; = TRUE"/><language value="text/cql"/><expression value="Should vaccinate patient for Tick-Borne Encephalitis using TBE-Moscow because no doses on a 3 dose scheme"/></expression></condition><definitionCanonical value="http://fhir.org/guides/who/smart-immunization/ActivityDefinition/IMMZ.DT.13.TBE.09"/></action><action><title value="Immunize Patient for Tick-Borne Encephalitis - 1st Dose given 1 month ago"/><description value="Provide Tick-Borne Encephalitis immunizations – using the &quot;TBE-Moscow vaccine immunization – 1 PREVIOUS&quot; schedule (3 dose scheme)"/><condition><kind value="applicability"/><expression><description value="&quot;Tick-Borne Encephalitis immunization history&quot; = &quot;1 dose&quot;"/><language value="text/cql"/><expression value="Should vaccinate patient for Tick-Borne Encephalitis using TBE-Moscow because 1st dose given 1 month to 7 months ago on a 3 dose scheme"/></expression></condition><condition><kind value="applicability"/><expression><description value="&quot;Date last TBE dose given&quot; &gt;=  &quot;1 month&quot;"/><language value="text/cql"/><expression value="Should vaccinate patient for Tick-Borne Encephalitis using TBE-Moscow because 1st dose given 1 month to 7 months ago on a 3 dose scheme"/></expression></condition><condition><kind value="applicability"/><expression><description value="&quot;Type of last TBE dose&quot; = &quot;TBE-Moscow&quot;"/><language value="text/cql"/><expression value="Should vaccinate patient for Tick-Borne Encephalitis using TBE-Moscow because 1st dose given 1 month to 7 months ago on a 3 dose scheme"/></expression></condition><definitionCanonical value="http://fhir.org/guides/who/smart-immunization/ActivityDefinition/IMMZ.DT.13.TBE.10"/></action><action><title value="Immunize Patient for Tick-Borne Encephalitis - 2nd Dose given 12 months ago"/><description value="Provide Tick-Borne Encephalitis immunizations – using the &quot;TBE-Moscow vaccine immunization – 2 PREVIOUS&quot; schedule (3 dose scheme)"/><condition><kind value="applicability"/><expression><description value="&quot;Tick-Borne Encephalitis immunization history&quot; = &quot;2 doses&quot;"/><language value="text/cql"/><expression value="Should vaccinate patient for Tick-Borne Encephalitis using TBE-Moscow because 2nd dose given 12 months ago on a 3 dose scheme"/></expression></condition><condition><kind value="applicability"/><expression><description value="&quot;Date last TBE dose given&quot; &gt;=  &quot;12 months&quot;"/><language value="text/cql"/><expression value="Should vaccinate patient for Tick-Borne Encephalitis using TBE-Moscow because 2nd dose given 12 months ago on a 3 dose scheme"/></expression></condition><condition><kind value="applicability"/><expression><description value="&quot;Type of last TBE dose&quot; = &quot;TBE-Moscow&quot;"/><language value="text/cql"/><expression value="Should vaccinate patient for Tick-Borne Encephalitis using TBE-Moscow because 2nd dose given 12 months ago on a 3 dose scheme"/></expression></condition><definitionCanonical value="http://fhir.org/guides/who/smart-immunization/ActivityDefinition/IMMZ.DT.13.TBE.11"/></action><action><title value="Immunize Patient for Tick-Borne Encephalitis - Last TBE-Moscow dose given 3 years ago"/><description value="Provide Tick-Borne Encephalitis immunizations – using the &quot;TBE-Moscow vaccine immunization – BOOSTER&quot; schedule (1 every 3 years)"/><condition><kind value="applicability"/><expression><description value="&quot;Patient has completed TBE primary series&quot; = TRUE"/><language value="text/cql"/><expression value="Should vaccinate patient for TBE-Moscow Booster because last dose given 3 years ago"/></expression></condition><condition><kind value="applicability"/><expression><description value="&quot;Date last TBE dose given&quot; &gt;= &quot;3 years&quot;"/><language value="text/cql"/><expression value="Should vaccinate patient for TBE-Moscow Booster because last dose given 3 years ago"/></expression></condition><condition><kind value="applicability"/><expression><description value="&quot;Type of last TBE dose&quot; = &quot;TBE-Moscow&quot;"/><language value="text/cql"/><expression value="Should vaccinate patient for TBE-Moscow Booster because last dose given 3 years ago"/></expression></condition><condition><kind value="applicability"/><expression><description value="&quot;Country recognizes TBE as a priority&quot; = TRUE"/><language value="text/cql"/><expression value="Should vaccinate patient for TBE-Moscow Booster because last dose given 3 years ago"/></expression></condition><definitionCanonical value="http://fhir.org/guides/who/smart-immunization/ActivityDefinition/IMMZ.DT.13.TBE.12"/></action><action><title value="Immunize Patient for Tick-Borne Encephalitis - No Doses"/><description value="Provide Tick-Borne Encephalitis immunizations – using the &quot;EnceVir vaccine immunization – NO PREVIOUS&quot; schedule (3 dose scheme)"/><condition><kind value="applicability"/><expression><description value="&quot;Tick-Borne Encephalitis immunization history&quot; = &quot;No-doses&quot;"/><language value="text/cql"/><expression value="Should vaccinate patient for Tick-Borne Encephalitis using EnceVir because no doses on a 3 dose scheme"/></expression></condition><condition><kind value="applicability"/><expression><description value="&quot;Current Patient Age in Years&quot; &gt;= 3"/><language value="text/cql"/><expression value="Should vaccinate patient for Tick-Borne Encephalitis using EnceVir because no doses on a 3 dose scheme"/></expression></condition><condition><kind value="applicability"/><expression><description value="&quot;Country recognizes TBE as a priority&quot; = TRUE"/><language value="text/cql"/><expression value="Should vaccinate patient for Tick-Borne Encephalitis using EnceVir because no doses on a 3 dose scheme"/></expression></condition><definitionCanonical value="http://fhir.org/guides/who/smart-immunization/ActivityDefinition/IMMZ.DT.13.TBE.13"/></action><action><title value="Immunize Patient for Tick-Borne Encephalitis - 1st Dose given 1 month ago"/><description value="Provide Tick-Borne Encephalitis immunizations – using the &quot;EnceVir vaccine immunization – 1 PREVIOUS&quot; schedule (3 dose scheme)"/><condition><kind value="applicability"/><expression><description value="&quot;Tick-Borne Encephalitis immunization history&quot; = &quot;1 dose&quot;"/><language value="text/cql"/><expression value="Should vaccinate patient for Tick-Borne Encephalitis using EnceVir because 1st dose given 1 month to 7 months ago on a 3 dose scheme"/></expression></condition><condition><kind value="applicability"/><expression><description value="&quot;Date last TBE dose given&quot; &gt;=  &quot;1 month&quot;"/><language value="text/cql"/><expression value="Should vaccinate patient for Tick-Borne Encephalitis using EnceVir because 1st dose given 1 month to 7 months ago on a 3 dose scheme"/></expression></condition><condition><kind value="applicability"/><expression><description value="&quot;Type of last TBE dose&quot; = &quot;EnceVir&quot;"/><language value="text/cql"/><expression value="Should vaccinate patient for Tick-Borne Encephalitis using EnceVir because 1st dose given 1 month to 7 months ago on a 3 dose scheme"/></expression></condition><definitionCanonical value="http://fhir.org/guides/who/smart-immunization/ActivityDefinition/IMMZ.DT.13.TBE.14"/></action><action><title value="Immunize Patient for Tick-Borne Encephalitis - 2nd Dose given 12 months ago"/><description value="Provide Tick-Borne Encephalitis immunizations – using the &quot;EnceVir vaccine immunization – 2 PREVIOUS&quot; schedule (3 dose scheme)"/><condition><kind value="applicability"/><expression><description value="&quot;Tick-Borne Encephalitis immunization history&quot; = &quot;2 doses&quot;"/><language value="text/cql"/><expression value="Should vaccinate patient for Tick-Borne Encephalitis using EnceVir because 2nd dose given 12 months ago on a 3 dose scheme"/></expression></condition><condition><kind value="applicability"/><expression><description value="&quot;Date last TBE dose given&quot; &gt;=  &quot;12 months&quot;"/><language value="text/cql"/><expression value="Should vaccinate patient for Tick-Borne Encephalitis using EnceVir because 2nd dose given 12 months ago on a 3 dose scheme"/></expression></condition><condition><kind value="applicability"/><expression><description value="&quot;Type of last TBE dose&quot; = &quot;EnceVir&quot;"/><language value="text/cql"/><expression value="Should vaccinate patient for Tick-Borne Encephalitis using EnceVir because 2nd dose given 12 months ago on a 3 dose scheme"/></expression></condition><definitionCanonical value="http://fhir.org/guides/who/smart-immunization/ActivityDefinition/IMMZ.DT.13.TBE.15"/></action><action><title value="Immunize Patient for Tick-Borne Encephalitis - Last dose given 3 years ago"/><description value="Provide Tick-Borne Encephalitis immunizations – using the &quot;EnceVir vaccine immunization – BOOSTER&quot; schedule (1 every 3 years)"/><condition><kind value="applicability"/><expression><description value="&quot;Patient has completed TBE primary series&quot; = TRUE"/><language value="text/cql"/><expression value="Should vaccinate patient for Tick-Borne Encephalitis Booster using EnceVir because last dose given 3 years ago"/></expression></condition><condition><kind value="applicability"/><expression><description value="&quot;Date last TBE dose given&quot; &gt;= &quot;3 years&quot;"/><language value="text/cql"/><expression value="Should vaccinate patient for Tick-Borne Encephalitis Booster using EnceVir because last dose given 3 years ago"/></expression></condition><condition><kind value="applicability"/><expression><description value="&quot;Type of last TBE dose&quot; = &quot;EnceVir&quot;"/><language value="text/cql"/><expression value="Should vaccinate patient for Tick-Borne Encephalitis Booster using EnceVir because last dose given 3 years ago"/></expression></condition><condition><kind value="applicability"/><expression><description value="&quot;Country recognizes TBE as a priority&quot; = TRUE"/><language value="text/cql"/><expression value="Should vaccinate patient for Tick-Borne Encephalitis Booster using EnceVir because last dose given 3 years ago"/></expression></condition><definitionCanonical value="http://fhir.org/guides/who/smart-immunization/ActivityDefinition/IMMZ.DT.13.TBE.16"/></action></PlanDefinition>