<?xml version="1.0" encoding="UTF-8"?><PlanDefinition xmlns="http://hl7.org/fhir"><id value="IMMZ.DT.03.Polio"/><url value="http://fhir.org/guides/who/smart-immunization/PlanDefinition/IMMZ.DT.03.Polio"/><version value="0.1.0"/><name value="IMMZ.DT.03.Polio"/><title value="IMMZ.DT.03.Polio"/><status value="draft"/><date value="2023-03-31T14:01:17+00:00"/><publisher value="World Health Organization (WHO)"/><description value="If child or person has not been vaccinated, give Polio vaccine"/><jurisdiction><coding><system value="http://unstats.un.org/unsd/methods/m49/m49.htm"/><code value="001"/></coding></jurisdiction><library value="http://fhir.org/guides/who/smart-immunization/Library/IMMZDT03"/><action><title value="Immunize Patient for Polio (bOPV) - No Doses at birth (polio-endemic country and high risk of spread)"/><description value="Provide birth dose Polio (bOPV) vaccination – using the zero dose recommendation at birth (until 2 weeks old) due to patient being in a polio-endemic country with high risk of spread. Patient will continue the &quot;bOPV-IPV-bOPV-IPV-bOPV&quot; schedule (5 doses scheme)"/><condition><kind value="applicability"/><expression><description value="&quot;Polio (IPV) vaccine immunization history&quot; = &quot;No-doses&quot;"/><language value="text/cql"/><expression value="Should vaccinate patient for Polio (bOPV) because no doses at birth (up to 2 weeks old) and patient is in a polio-endemic country with high risk of spread"/></expression></condition><condition><kind value="applicability"/><expression><description value="&quot;Polio (bOPV) vaccine immunization history&quot; = &quot;No-doses&quot;"/><language value="text/cql"/><expression value="Should vaccinate patient for Polio (bOPV) because no doses at birth (up to 2 weeks old) and patient is in a polio-endemic country with high risk of spread"/></expression></condition><condition><kind value="applicability"/><expression><description value="&quot;Current Patient Age in Weeks&quot; &lt; 2"/><language value="text/cql"/><expression value="Should vaccinate patient for Polio (bOPV) because no doses at birth (up to 2 weeks old) and patient is in a polio-endemic country with high risk of spread"/></expression></condition><condition><kind value="applicability"/><expression><description value="&quot;Combined bOPV and IPV Schedule&quot; = TRUE"/><language value="text/cql"/><expression value="Should vaccinate patient for Polio (bOPV) because no doses at birth (up to 2 weeks old) and patient is in a polio-endemic country with high risk of spread"/></expression></condition><condition><kind value="applicability"/><expression><description value="&quot;Polio-endemic country with high risk of spread&quot; = TRUE"/><language value="text/cql"/><expression value="Should vaccinate patient for Polio (bOPV) because no doses at birth (up to 2 weeks old) and patient is in a polio-endemic country with high risk of spread"/></expression></condition><definitionCanonical value="http://fhir.org/guides/who/smart-immunization/ActivityDefinition/IMMZ.DT.03.Polio.01"/></action><action><title value="Immunize Patient for Polio (bOPV) - No Doses at 6 weeks old"/><description value="Provide 1st dose Polio (bOPV) vaccination – using the &quot;bOPV-IPV-bOPV-IPV-bOPV&quot; schedule (5 doses scheme)"/><condition><kind value="applicability"/><expression><description value="&quot;Polio (bOPV) vaccine immunization history&quot; = &quot;No-doses&quot;"/><language value="text/cql"/><expression value="Should vaccinate patient for Polio (bOPV) because no doses at 6 weeks old"/></expression></condition><condition><kind value="applicability"/><expression><description value="&quot;Current Patient Age in Weeks&quot; &gt;= 6"/><language value="text/cql"/><expression value="Should vaccinate patient for Polio (bOPV) because no doses at 6 weeks old"/></expression></condition><condition><kind value="applicability"/><expression><description value="&quot;Combined bOPV and IPV Schedule&quot; = TRUE"/><language value="text/cql"/><expression value="Should vaccinate patient for Polio (bOPV) because no doses at 6 weeks old"/></expression></condition><definitionCanonical value="http://fhir.org/guides/who/smart-immunization/ActivityDefinition/IMMZ.DT.03.Polio.02"/></action><action><title value="Immunize Patient for Polio (IPV) - No Doses at 14 weeks old"/><description value="Provide 1st dose Polio (IPV) vaccination – using the &quot;bOPV-IPV-bOPV-IPV-bOPV&quot; schedule (5 doses scheme)"/><condition><kind value="applicability"/><expression><description value="&quot;Polio (IPV) vaccine immunization history&quot; = &quot;No-doses&quot;"/><language value="text/cql"/><expression value="Should vaccinate patient for Polio (IPV) because no doses at 14 weeks old"/></expression></condition><condition><kind value="applicability"/><expression><description value="&quot;Current Patient Age in Weeks&quot; &gt;= 14"/><language value="text/cql"/><expression value="Should vaccinate patient for Polio (IPV) because no doses at 14 weeks old"/></expression></condition><condition><kind value="applicability"/><expression><description value="&quot;Combined bOPV and IPV Schedule&quot; = TRUE"/><language value="text/cql"/><expression value="Should vaccinate patient for Polio (IPV) because no doses at 14 weeks old"/></expression></condition><definitionCanonical value="http://fhir.org/guides/who/smart-immunization/ActivityDefinition/IMMZ.DT.03.Polio.03"/></action><action><title value="Immunize Patient for Polio (bOPV) - 1 Dose given 4 weeks ago"/><description value="Provide 2nd dose Polio (bOPV) vaccination – using the &quot;bOPV-IPV-bOPV-IPV-bOPV&quot; schedule (5 doses scheme)"/><condition><kind value="applicability"/><expression><description value="&quot;Polio (bOPV) vaccine immunization history&quot; = &quot;1 dose&quot;"/><language value="text/cql"/><expression value="Should vaccinate patient for Polio (bOPV) because 1 dose bOPV given 4 weeks ago"/></expression></condition><condition><kind value="applicability"/><expression><description value="&quot;Date last bOPV dose given&quot; &gt;= &quot;4 weeks&quot;"/><language value="text/cql"/><expression value="Should vaccinate patient for Polio (bOPV) because 1 dose bOPV given 4 weeks ago"/></expression></condition><condition><kind value="applicability"/><expression><description value="&quot;Combined bOPV and IPV Schedule&quot; = TRUE"/><language value="text/cql"/><expression value="Should vaccinate patient for Polio (bOPV) because 1 dose bOPV given 4 weeks ago"/></expression></condition><definitionCanonical value="http://fhir.org/guides/who/smart-immunization/ActivityDefinition/IMMZ.DT.03.Polio.04"/></action><action><title value="Immunize Patient for Polio (IPV) - 1 Dose given at least 4 months ago"/><description value="Provide 2nd dose Polio (IPV) vaccination – using the &quot;bOPV-IPV-bOPV-IPV-bOPV&quot; schedule (5 doses scheme)"/><condition><kind value="applicability"/><expression><description value="&quot;Polio (IPV) vaccine immunization history&quot; = &quot;1 dose&quot;"/><language value="text/cql"/><expression value="Should vaccinate patient for Polio (IPV) because 1 dose IPV given at least 4 months ago"/></expression></condition><condition><kind value="applicability"/><expression><description value="&quot;Date last IPV dose given&quot; &gt;= &quot;4 months&quot;"/><language value="text/cql"/><expression value="Should vaccinate patient for Polio (IPV) because 1 dose IPV given at least 4 months ago"/></expression></condition><condition><kind value="applicability"/><expression><description value="&quot;Combined bOPV and IPV Schedule&quot; = TRUE"/><language value="text/cql"/><expression value="Should vaccinate patient for Polio (IPV) because 1 dose IPV given at least 4 months ago"/></expression></condition><definitionCanonical value="http://fhir.org/guides/who/smart-immunization/ActivityDefinition/IMMZ.DT.03.Polio.05"/></action><action><title value="Immunize Patient for Polio (bOPV) - 2 Doses given 4 weeks ago"/><description value="Provide 3rd dose Polio (bOPV) vaccination – using the &quot;bOPV-IPV-bOPV-IPV-bOPV&quot; schedule (5 doses scheme)"/><condition><kind value="applicability"/><expression><description value="&quot;Polio (bOPV) vaccine immunization history&quot; = &quot;2 doses&quot;"/><language value="text/cql"/><expression value="Should vaccinate patient for Polio (bOPV) because 2nd dose bOPV given 4 weeks ago"/></expression></condition><condition><kind value="applicability"/><expression><description value="&quot;Date last bOPV dose given&quot; &gt;= &quot;4 weeks&quot;"/><language value="text/cql"/><expression value="Should vaccinate patient for Polio (bOPV) because 2nd dose bOPV given 4 weeks ago"/></expression></condition><condition><kind value="applicability"/><expression><description value="&quot;Combined bOPV and IPV Schedule&quot; = TRUE"/><language value="text/cql"/><expression value="Should vaccinate patient for Polio (bOPV) because 2nd dose bOPV given 4 weeks ago"/></expression></condition><definitionCanonical value="http://fhir.org/guides/who/smart-immunization/ActivityDefinition/IMMZ.DT.03.Polio.06"/></action><action><title value="Immunize Patient for Polio (IPV) - No Doses at 8 weeks old"/><description value="Provide 1st dose Polio (IPV) vaccination – using the &quot;IPV-bOPV-bOPV&quot; schedule (3 doses scheme)"/><condition><kind value="applicability"/><expression><description value="&quot;Polio (IPV) vaccine immunization history&quot; = &quot;No-doses&quot;"/><language value="text/cql"/><expression value="Should vaccinate patient for Polio (IPV) because no doses at 8 weeks old"/></expression></condition><condition><kind value="applicability"/><expression><description value="&quot;Current Patient Age in Weeks&quot; &gt;= 8"/><language value="text/cql"/><expression value="Should vaccinate patient for Polio (IPV) because no doses at 8 weeks old"/></expression></condition><condition><kind value="applicability"/><expression><description value="&quot;Sequential IPV-OPV Schedule&quot; = TRUE"/><language value="text/cql"/><expression value="Should vaccinate patient for Polio (IPV) because no doses at 8 weeks old"/></expression></condition><definitionCanonical value="http://fhir.org/guides/who/smart-immunization/ActivityDefinition/IMMZ.DT.03.Polio.07"/></action><action><title value="Immunize Patient for Polio (IPV) - 1st Dose given 4-8 weeks ago (High risk of exposure scenario)"/><description value="Provide 1st dose Polio (bOPV) vaccination – using the &quot;IPV-bOPV-bOPV&quot; schedule (3 doses scheme)"/><condition><kind value="applicability"/><expression><description value="&quot;Polio (IPV) vaccine immunization history&quot; = &quot;1 dose&quot;"/><language value="text/cql"/><expression value="Should vaccinate patient for Polio (bOPV) because 1st dose IPV given 4-8 weeks ago"/></expression></condition><condition><kind value="applicability"/><expression><description value="&quot;Date last IPV dose given&quot; &gt;= &quot;4 weeks&quot;"/><language value="text/cql"/><expression value="Should vaccinate patient for Polio (bOPV) because 1st dose IPV given 4-8 weeks ago"/></expression></condition><condition><kind value="applicability"/><expression><description value="&quot;Date last IPV dose given&quot; &lt;= &quot;8 weeks&quot;"/><language value="text/cql"/><expression value="Should vaccinate patient for Polio (bOPV) because 1st dose IPV given 4-8 weeks ago"/></expression></condition><condition><kind value="applicability"/><expression><description value="&quot;Sequential IPV-OPV Schedule&quot; = TRUE"/><language value="text/cql"/><expression value="Should vaccinate patient for Polio (bOPV) because 1st dose IPV given 4-8 weeks ago"/></expression></condition><definitionCanonical value="http://fhir.org/guides/who/smart-immunization/ActivityDefinition/IMMZ.DT.03.Polio.08"/></action><action><title value="Immunize Patient for Polio (IPV) - 1st Dose given 4-8 weeks ago (High risk of exposure scenario)"/><description value="Provide 2nd dose Polio (IPV) vaccination – using the &quot;IPV-IPV-bOPV-bOPV&quot; schedule (4 doses scheme)"/><condition><kind value="applicability"/><expression><description value="&quot;Polio (IPV) vaccine immunization history&quot; = &quot;1 dose&quot;"/><language value="text/cql"/><expression value="Should vaccinate patient for Polio (IPV) because 1st dose IPV given 4-8 weeks ago (High risk of exposure scenario)"/></expression></condition><condition><kind value="applicability"/><expression><description value="&quot;Date last IPV dose given&quot; &gt;= &quot;4 weeks&quot;"/><language value="text/cql"/><expression value="Should vaccinate patient for Polio (IPV) because 1st dose IPV given 4-8 weeks ago (High risk of exposure scenario)"/></expression></condition><condition><kind value="applicability"/><expression><description value="&quot;Date last IPV dose given&quot; &lt;= &quot;8 weeks&quot;"/><language value="text/cql"/><expression value="Should vaccinate patient for Polio (IPV) because 1st dose IPV given 4-8 weeks ago (High risk of exposure scenario)"/></expression></condition><condition><kind value="applicability"/><expression><description value="&quot;Sequential IPV-OPV Schedule&quot; = TRUE"/><language value="text/cql"/><expression value="Should vaccinate patient for Polio (IPV) because 1st dose IPV given 4-8 weeks ago (High risk of exposure scenario)"/></expression></condition><condition><kind value="applicability"/><expression><description value="&quot;Country has a high risk of exposure to polio&quot; = TRUE"/><language value="text/cql"/><expression value="Should vaccinate patient for Polio (IPV) because 1st dose IPV given 4-8 weeks ago (High risk of exposure scenario)"/></expression></condition><definitionCanonical value="http://fhir.org/guides/who/smart-immunization/ActivityDefinition/IMMZ.DT.03.Polio.09"/></action><action><title value="Immunize Patient for Polio (bOPV) - 1st Dose (Second dose in 3-dose schedule) given 4-8 weeks ago"/><description value="Provide 2nd dose Polio (bOPV) vaccination – using the &quot;IPV-bOPV-bOPV&quot; schedule (3 doses scheme)"/><condition><kind value="applicability"/><expression><description value="&quot;Polio (bOPV) vaccine immunization history&quot; = &quot;1 dose&quot;"/><language value="text/cql"/><expression value="Should vaccinate patient for Polio (bOPV) because 1st dose bOPV (Second dose in 3-dose schedule) given 4-8 weeks ago"/></expression></condition><condition><kind value="applicability"/><expression><description value="&quot;Date last bOPV dose given&quot; &gt;= &quot;4 weeks&quot;"/><language value="text/cql"/><expression value="Should vaccinate patient for Polio (bOPV) because 1st dose bOPV (Second dose in 3-dose schedule) given 4-8 weeks ago"/></expression></condition><condition><kind value="applicability"/><expression><description value="&quot;Date last bOPV dose given&quot; &lt;= &quot;8 weeks&quot;"/><language value="text/cql"/><expression value="Should vaccinate patient for Polio (bOPV) because 1st dose bOPV (Second dose in 3-dose schedule) given 4-8 weeks ago"/></expression></condition><condition><kind value="applicability"/><expression><description value="&quot;Sequential IPV-OPV Schedule&quot; = TRUE"/><language value="text/cql"/><expression value="Should vaccinate patient for Polio (bOPV) because 1st dose bOPV (Second dose in 3-dose schedule) given 4-8 weeks ago"/></expression></condition><definitionCanonical value="http://fhir.org/guides/who/smart-immunization/ActivityDefinition/IMMZ.DT.03.Polio.10"/></action><action><title value="Immunize Patient for Polio (IPV) - 2nd Dose given 4-8 weeks ago (High risk of exposure scenario)"/><description value="Provide 3rd dose Polio (bOPV) vaccination – using the &quot;IPV-IPV-bOPV-bOPV&quot; schedule (4 doses scheme)"/><condition><kind value="applicability"/><expression><description value="&quot;Polio (IPV) vaccine immunization history&quot; = &quot;2 doses&quot;"/><language value="text/cql"/><expression value="Should vaccinate patient for Polio (bOPV) because 2nd dose IPV given 4-8 weeks ago (High risk of exposure scenario)"/></expression></condition><condition><kind value="applicability"/><expression><description value="&quot;Date last IPV dose given&quot; &gt;= &quot;4 weeks&quot;"/><language value="text/cql"/><expression value="Should vaccinate patient for Polio (bOPV) because 2nd dose IPV given 4-8 weeks ago (High risk of exposure scenario)"/></expression></condition><condition><kind value="applicability"/><expression><description value="&quot;Date last IPV dose given&quot; &lt;= &quot;8 weeks&quot;"/><language value="text/cql"/><expression value="Should vaccinate patient for Polio (bOPV) because 2nd dose IPV given 4-8 weeks ago (High risk of exposure scenario)"/></expression></condition><condition><kind value="applicability"/><expression><description value="&quot;Sequential IPV-OPV Schedule&quot; = TRUE"/><language value="text/cql"/><expression value="Should vaccinate patient for Polio (bOPV) because 2nd dose IPV given 4-8 weeks ago (High risk of exposure scenario)"/></expression></condition><condition><kind value="applicability"/><expression><description value="&quot;Country has a high risk of exposure to polio&quot; = TRUE"/><language value="text/cql"/><expression value="Should vaccinate patient for Polio (bOPV) because 2nd dose IPV given 4-8 weeks ago (High risk of exposure scenario)"/></expression></condition><definitionCanonical value="http://fhir.org/guides/who/smart-immunization/ActivityDefinition/IMMZ.DT.03.Polio.11"/></action><action><title value="Immunize Patient for Polio (bOPV) - 1st Dose (Third dose in 4-dose schedule) given 4-8 weeks ago"/><description value="Provide 4th dose Polio (bOPV) vaccination – using the &quot;IPV-IPV-bOPV-bOPV&quot; schedule (4 doses scheme)"/><condition><kind value="applicability"/><expression><description value="&quot;Polio (bOPV) vaccine immunization history&quot; = &quot;1 dose&quot;"/><language value="text/cql"/><expression value="Should vaccinate patient for Polio (bOPV) because 1st dose bOPV (Third dose in 4-dose schedule) given 4-8 weeks ago"/></expression></condition><condition><kind value="applicability"/><expression><description value="&quot;Polio (IPV) vaccine immunization history&quot; = &quot;2 doses&quot;"/><language value="text/cql"/><expression value="Should vaccinate patient for Polio (bOPV) because 1st dose bOPV (Third dose in 4-dose schedule) given 4-8 weeks ago"/></expression></condition><condition><kind value="applicability"/><expression><description value="&quot;Date last bOPV dose given&quot; &gt;= &quot;4 weeks&quot;"/><language value="text/cql"/><expression value="Should vaccinate patient for Polio (bOPV) because 1st dose bOPV (Third dose in 4-dose schedule) given 4-8 weeks ago"/></expression></condition><condition><kind value="applicability"/><expression><description value="&quot;Date last bOPV dose given&quot; &lt;= &quot;8 weeks&quot;"/><language value="text/cql"/><expression value="Should vaccinate patient for Polio (bOPV) because 1st dose bOPV (Third dose in 4-dose schedule) given 4-8 weeks ago"/></expression></condition><condition><kind value="applicability"/><expression><description value="&quot;Sequential IPV-OPV Schedule&quot; = TRUE"/><language value="text/cql"/><expression value="Should vaccinate patient for Polio (bOPV) because 1st dose bOPV (Third dose in 4-dose schedule) given 4-8 weeks ago"/></expression></condition><condition><kind value="applicability"/><expression><description value="&quot;Country has a high risk of exposure to polio&quot; = TRUE"/><language value="text/cql"/><expression value="Should vaccinate patient for Polio (bOPV) because 1st dose bOPV (Third dose in 4-dose schedule) given 4-8 weeks ago"/></expression></condition><definitionCanonical value="http://fhir.org/guides/who/smart-immunization/ActivityDefinition/IMMZ.DT.03.Polio.12"/></action><action><title value="Immunize Patient for Polio - No Doses"/><description value="Provide 1st dose Polio (IPV) vaccination – using the &quot;IPV Only&quot; schedule"/><condition><kind value="applicability"/><expression><description value="&quot;Polio (IPV) vaccine immunization history&quot; = &quot;No-doses&quot;"/><language value="text/cql"/><expression value="Should vaccinate patient with IPV 1st dose"/></expression></condition><condition><kind value="applicability"/><expression><description value="&quot;Current Patient Age in Weeks&quot; &lt;= 8"/><language value="text/cql"/><expression value="Should vaccinate patient with IPV 1st dose"/></expression></condition><condition><kind value="applicability"/><expression><description value="&quot;High Coverage of Polio and Risk of Wild Importation&quot; = TRUE"/><language value="text/cql"/><expression value="Should vaccinate patient with IPV 1st dose"/></expression></condition><definitionCanonical value="http://fhir.org/guides/who/smart-immunization/ActivityDefinition/IMMZ.DT.03.Polio.13"/></action><action><title value="Immunize Patient for Polio - 2nd dose"/><description value="Provide 2nd dose Polio (IPV) vaccination - using the &quot;IPV Only&quot; schedule - minimum of 4 weeks after previous dose"/><condition><kind value="applicability"/><expression><description value="&quot;Polio (IPV) vaccine immunization history&quot; = &quot;1 dose&quot;"/><language value="text/cql"/><expression value="Should vaccinate patient with IPV 2nd dose"/></expression></condition><condition><kind value="applicability"/><expression><description value="&quot;High Coverage of Polio and Risk of Wild Importation&quot; = TRUE"/><language value="text/cql"/><expression value="Should vaccinate patient with IPV 2nd dose"/></expression></condition><condition><kind value="applicability"/><expression><description value="&quot;Date last IPV dose given&quot; &gt;= &quot;4 weeks&quot;"/><language value="text/cql"/><expression value="Should vaccinate patient with IPV 2nd dose"/></expression></condition><condition><kind value="applicability"/><expression><description value="&quot;Date last IPV dose given&quot; &lt;= &quot;8 weeks&quot;"/><language value="text/cql"/><expression value="Should vaccinate patient with IPV 2nd dose"/></expression></condition><definitionCanonical value="http://fhir.org/guides/who/smart-immunization/ActivityDefinition/IMMZ.DT.03.Polio.14"/></action><action><title value="Immunize Patient for Polio - 3rd dose"/><description value="Provide 3rd dose Polio (IPV) vaccination - using the &quot;IPV Only&quot; schedule - minimum of 4 weeks after previous dose"/><condition><kind value="applicability"/><expression><description value="&quot;Polio (IPV) vaccine immunization history&quot; = &quot;2 doses&quot;"/><language value="text/cql"/><expression value="Should vaccinate patient with IPV 3rd dose"/></expression></condition><condition><kind value="applicability"/><expression><description value="&quot;High Coverage of Polio and Risk of Wild Importation&quot; = TRUE"/><language value="text/cql"/><expression value="Should vaccinate patient with IPV 3rd dose"/></expression></condition><condition><kind value="applicability"/><expression><description value="&quot;Date last IPV dose given&quot; &gt;= &quot;4 weeks&quot;"/><language value="text/cql"/><expression value="Should vaccinate patient with IPV 3rd dose"/></expression></condition><condition><kind value="applicability"/><expression><description value="&quot;Date last IPV dose given&quot; &lt;= &quot;8 weeks&quot;"/><language value="text/cql"/><expression value="Should vaccinate patient with IPV 3rd dose"/></expression></condition><definitionCanonical value="http://fhir.org/guides/who/smart-immunization/ActivityDefinition/IMMZ.DT.03.Polio.15"/></action><action><title value="Immunize Patient for Polio - 4th dose (booster)"/><description value="Provide 4th dose Polio (IPV) vaccination - using the &quot;IPV Only&quot; schedule - minimum of 4 weeks after previous dose"/><condition><kind value="applicability"/><expression><description value="&quot;Polio (IPV) vaccine immunization history&quot; = &quot;3 doses&quot;"/><language value="text/cql"/><expression value="Should vaccinate patient with IPV 4th dose (booster)"/></expression></condition><condition><kind value="applicability"/><expression><description value="&quot;Age when 1st IPV dose was given&quot; &lt; &quot;8 weeks&quot;"/><language value="text/cql"/><expression value="Should vaccinate patient with IPV 4th dose (booster)"/></expression></condition><condition><kind value="applicability"/><expression><description value="&quot;Current Patient Age in Months&quot; &gt;= 6"/><language value="text/cql"/><expression value="Should vaccinate patient with IPV 4th dose (booster)"/></expression></condition><condition><kind value="applicability"/><expression><description value="&quot;High Coverage of Polio and Risk of Wild Importation&quot; = TRUE"/><language value="text/cql"/><expression value="Should vaccinate patient with IPV 4th dose (booster)"/></expression></condition><definitionCanonical value="http://fhir.org/guides/who/smart-immunization/ActivityDefinition/IMMZ.DT.03.Polio.16"/></action></PlanDefinition>