<?xml version="1.0" encoding="UTF-8"?><PlanDefinition xmlns="http://hl7.org/fhir"><id value="IMMZ.DT.04.DTP"/><url value="http://fhir.org/guides/who/smart-immunization/PlanDefinition/IMMZ.DT.04.DTP"/><version value="0.1.0"/><name value="IMMZ.DT.04.DTP"/><title value="IMMZ.DT.04.DTP"/><status value="draft"/><date value="2023-03-31T14:38:57+00:00"/><publisher value="World Health Organization (WHO)"/><description value="If child or person has not been given DTP, start scheme"/><jurisdiction><coding><system value="http://unstats.un.org/unsd/methods/m49/m49.htm"/><code value="001"/></coding></jurisdiction><library value="http://fhir.org/guides/who/smart-immunization/Library/IMMZDT04"/><action><title value="Immunize Patient for DTP - No Doses"/><description value="Provide DTP immunization 1st dose – using the &quot;DTP vaccine immunization – NO PREVIOUS&quot; schedule (3 dose scheme) if the patient is the older 6 weeks of age"/><condition><kind value="applicability"/><expression><description value="&quot;DTP vaccine immunization history&quot; = &quot;No-doses&quot;"/><language value="text/cql"/><expression value="Should vaccinate patient with DTP 1st dose"/></expression></condition><condition><kind value="applicability"/><expression><description value="&quot;Current Patient Age in Weeks&quot; &gt;= 6"/><language value="text/cql"/><expression value="Should vaccinate patient with DTP 1st dose"/></expression></condition><definitionCanonical value="http://fhir.org/guides/who/smart-immunization/ActivityDefinition/IMMZ.DT.04.DTP.01"/></action><action><title value="Immunize Patient for DTP - 1 Dose"/><description value="Provide DTP immunization 2nd dose – using the &quot;DTP vaccine immunization – 3 dose scheme&quot; if the patient is  4-8 weeks after their first dose"/><condition><kind value="applicability"/><expression><description value="&quot;DTP vaccine immunization history&quot; = &quot;1 dose&quot;"/><language value="text/cql"/><expression value="Should vaccinate patient for DTP with 2nd dose"/></expression></condition><condition><kind value="applicability"/><expression><description value="&quot;Date last DTP dose given&quot; &gt;= &quot;4 weeks&quot;"/><language value="text/cql"/><expression value="Should vaccinate patient for DTP with 2nd dose"/></expression></condition><definitionCanonical value="http://fhir.org/guides/who/smart-immunization/ActivityDefinition/IMMZ.DT.04.DTP.02"/></action><action><title value="Immunize Patient for DTP - 2 Doses"/><description value="Provide DTP immunizations – using the &quot;DTP vaccine immunization – 3 dose scheme, provide the 3rd dose&quot; if the patient is  4-8 weeks after their first dose"/><condition><kind value="applicability"/><expression><description value="&quot;DTP vaccine immunization history&quot; = &quot;2 doses&quot;"/><language value="text/cql"/><expression value="Should vaccinate patient for DTP with 3rd dose"/></expression></condition><condition><kind value="applicability"/><expression><description value="&quot;Date last DTP dose given&quot; &gt;= &quot;4 weeks&quot;"/><language value="text/cql"/><expression value="Should vaccinate patient for DTP with 3rd dose"/></expression></condition><definitionCanonical value="http://fhir.org/guides/who/smart-immunization/ActivityDefinition/IMMZ.DT.04.DTP.03"/></action><action><title value="Immunize Patient for DTP - Booster 1"/><description value="Provide booster at 12-23 months (DTP-containing vaccine) if patient has completed primary 3 dose scheme"/><condition><kind value="applicability"/><expression><description value="&quot;DTP vaccine immunization history&quot; = &quot;3 doses&quot;"/><language value="text/cql"/><expression value="Should vaccinate patient for DTP with 1st booster"/></expression></condition><condition><kind value="applicability"/><expression><description value="&quot;Current Patient Age in Months&quot; &gt;= 12"/><language value="text/cql"/><expression value="Should vaccinate patient for DTP with 1st booster"/></expression></condition><definitionCanonical value="http://fhir.org/guides/who/smart-immunization/ActivityDefinition/IMMZ.DT.04.DTP.05"/></action><action><title value="Immunize Patient for DTP - Booster 2"/><description value="Provide booster at 4-7 years (Td/DT containing vaccine)  if patient has completed primary 3 dose scheme and 1 booster"/><condition><kind value="applicability"/><expression><description value="&quot;DTP vaccine immunization history&quot; = &quot;4 doses&quot;"/><language value="text/cql"/><expression value="Should vaccinate patient for DTP with 2nd booster"/></expression></condition><condition><kind value="applicability"/><expression><description value="&quot;Current Patient Age in Years&quot; &gt;= 4"/><language value="text/cql"/><expression value="Should vaccinate patient for DTP with 2nd booster"/></expression></condition><definitionCanonical value="http://fhir.org/guides/who/smart-immunization/ActivityDefinition/IMMZ.DT.04.DTP.06"/></action><action><title value="Immunize Patient for DTP - Booster 3"/><description value="Provide booster at 9-15 years (Td containing vaccine), if &gt;7 years use only aP containing vaccine - if patient has completed primary 3 dose scheme and 2 boosters"/><condition><kind value="applicability"/><expression><description value="&quot;DTP vaccine immunization history&quot; = &quot;5 doses&quot;"/><language value="text/cql"/><expression value="Should vaccinate patient for DTP with 3rd booster"/></expression></condition><condition><kind value="applicability"/><expression><description value="&quot;Current Patient Age in Years&quot; &gt;= 9"/><language value="text/cql"/><expression value="Should vaccinate patient for DTP with 3rd booster"/></expression></condition><definitionCanonical value="http://fhir.org/guides/who/smart-immunization/ActivityDefinition/IMMZ.DT.04.DTP.07"/></action><action><title value="Immunize Patient for DTP - No Doses at 15 years or older"/><description value="Provide DTP immunization 1st dose – using the &quot;DTP vaccine immunization – NO PREVIOUS&quot; schedule (5 dose scheme) if the patient is 15 years of age or more"/><condition><kind value="applicability"/><expression><description value="&quot;DTP vaccine immunization history&quot; = &quot;No-doses&quot;"/><language value="text/cql"/><expression value="Should vaccinate patient with DTP 1st dose"/></expression></condition><condition><kind value="applicability"/><expression><description value="&quot;Current Patient Age in Years&quot; &gt;= 15"/><language value="text/cql"/><expression value="Should vaccinate patient with DTP 1st dose"/></expression></condition><definitionCanonical value="http://fhir.org/guides/who/smart-immunization/ActivityDefinition/IMMZ.DT.04.DTP.08"/></action><action><title value="Immunize Patient for DTP - 1 Dose at 15 years or older"/><description value="Provide DTP immunization 2nd dose – using the &quot;DTP vaccine immunization – 1 PREVIOUS&quot; schedule (5 dose scheme) if the patient is 15 years of age or more and is 4-8 weeks after their first dose"/><condition><kind value="applicability"/><expression><description value="&quot;DTP vaccine immunization history&quot; = &quot;1 dose&quot;"/><language value="text/cql"/><expression value="Should vaccinate patient for DTP with 2nd dose"/></expression></condition><condition><kind value="applicability"/><expression><description value="&quot;Current Patient Age in Years&quot; &gt;= 15"/><language value="text/cql"/><expression value="Should vaccinate patient for DTP with 2nd dose"/></expression></condition><condition><kind value="applicability"/><expression><description value="&quot;Date last DTP dose given&quot; &gt;= &quot;4 weeks&quot;"/><language value="text/cql"/><expression value="Should vaccinate patient for DTP with 2nd dose"/></expression></condition><condition><kind value="applicability"/><expression><description value="&quot;Date last DTP dose given&quot; &lt;= &quot;8 weeks&quot;"/><language value="text/cql"/><expression value="Should vaccinate patient for DTP with 2nd dose"/></expression></condition><definitionCanonical value="http://fhir.org/guides/who/smart-immunization/ActivityDefinition/IMMZ.DT.04.DTP.09"/></action><action><title value="Immunize Patient for DTP - 2 Doses at 15 years or older"/><description value="Provide DTP immunization 3rd dose – using the &quot;DTP vaccine immunization – 2 PREVIOUS&quot; schedule (5 dose scheme) if the patient is 15 years of age or more and is 4-8 weeks after their second dose"/><condition><kind value="applicability"/><expression><description value="&quot;DTP vaccine immunization history&quot; = &quot;2 doses&quot;"/><language value="text/cql"/><expression value="Should vaccinate patient for DTP with 3rd dose"/></expression></condition><condition><kind value="applicability"/><expression><description value="&quot;Current Patient Age in Years&quot; &gt;= 15"/><language value="text/cql"/><expression value="Should vaccinate patient for DTP with 3rd dose"/></expression></condition><condition><kind value="applicability"/><expression><description value="&quot;Date last DTP dose given&quot; &gt;= &quot;4 weeks&quot;"/><language value="text/cql"/><expression value="Should vaccinate patient for DTP with 3rd dose"/></expression></condition><condition><kind value="applicability"/><expression><description value="&quot;Date last DTP dose given&quot; &lt;= &quot;8 weeks&quot;"/><language value="text/cql"/><expression value="Should vaccinate patient for DTP with 3rd dose"/></expression></condition><definitionCanonical value="http://fhir.org/guides/who/smart-immunization/ActivityDefinition/IMMZ.DT.04.DTP.10"/></action><action><title value="Immunize Patient for DTP - 3 Doses at 15 years or older"/><description value="Provide DTP immunization 4th dose – using the &quot;DTP vaccine immunization – 3 PREVIOUS&quot; schedule (5 dose scheme) if the patient is 15 years of age or more and is 4-8 weeks after their second dose"/><condition><kind value="applicability"/><expression><description value="&quot;DTP vaccine immunization history&quot; = &quot;3 doses&quot;"/><language value="text/cql"/><expression value="Should vaccinate patient for DTP with 4th dose"/></expression></condition><condition><kind value="applicability"/><expression><description value="&quot;Current Patient Age in Years&quot; &gt;= 15"/><language value="text/cql"/><expression value="Should vaccinate patient for DTP with 4th dose"/></expression></condition><condition><kind value="applicability"/><expression><description value="&quot;Date last DTP dose given&quot; &gt;= &quot;4 weeks&quot;"/><language value="text/cql"/><expression value="Should vaccinate patient for DTP with 4th dose"/></expression></condition><condition><kind value="applicability"/><expression><description value="&quot;Date last DTP dose given&quot; &lt;= &quot;8 weeks&quot;"/><language value="text/cql"/><expression value="Should vaccinate patient for DTP with 4th dose"/></expression></condition><definitionCanonical value="http://fhir.org/guides/who/smart-immunization/ActivityDefinition/IMMZ.DT.04.DTP.11"/></action><action><title value="Immunize Patient for DTP - 4 Doses at 15 years or older"/><description value="Provide DTP immunization 5th dose – using the &quot;DTP vaccine immunization – 4 PREVIOUS&quot; schedule (5 dose scheme) if the patient is 15 years of age or more and is 4-8 weeks after their second dose"/><condition><kind value="applicability"/><expression><description value="&quot;DTP vaccine immunization history&quot; = &quot;4 doses&quot;"/><language value="text/cql"/><expression value="Should vaccinate patient for DTP with 5th dose"/></expression></condition><condition><kind value="applicability"/><expression><description value="&quot;Current Patient Age in Years&quot; &gt;= 15"/><language value="text/cql"/><expression value="Should vaccinate patient for DTP with 5th dose"/></expression></condition><condition><kind value="applicability"/><expression><description value="&quot;Date last DTP dose given&quot; &gt;= &quot;4 weeks&quot;"/><language value="text/cql"/><expression value="Should vaccinate patient for DTP with 5th dose"/></expression></condition><condition><kind value="applicability"/><expression><description value="&quot;Date last DTP dose given&quot; &lt;= &quot;8 weeks&quot;"/><language value="text/cql"/><expression value="Should vaccinate patient for DTP with 5th dose"/></expression></condition><definitionCanonical value="http://fhir.org/guides/who/smart-immunization/ActivityDefinition/IMMZ.DT.04.DTP.12"/></action></PlanDefinition>