<?xml version="1.0" encoding="UTF-8"?><ValueSet xmlns="http://hl7.org/fhir"><id value="ARVDrugs-values"/><text><status value="generated"/><div xmlns="http://www.w3.org/1999/xhtml"><ul><li>Include these codes as defined in <a href="http://www.snomed.org/"><code>http://snomed.info/sct</code></a><table class="none"><tr><td style="white-space:nowrap"><b>Code</b></td><td><b>Display</b></td></tr><tr><td><a href="http://snomed.info/id/713540004">713540004</a></td><td>Substance with antiretroviral mechanism of action (substance)</td></tr><tr><td><a href="http://snomed.info/id/788075003">788075003</a></td><td>Medicinal product acting as antiretroviral agent (product)</td></tr></table></li></ul></div></text><url value="http://fhir.org/guides/who/smart-immunization/ValueSet/ARVDrugs-values"/><version value="0.1.0"/><name value="ARVDrugsvalues"/><title value="ARV Drugs values"/><status value="draft"/><experimental value="false"/><date value="2023-03-31T14:38:57+00:00"/><publisher value="World Health Organization (WHO)"/><description value="Codes representing ARV Drugs values"/><jurisdiction><coding><system value="http://unstats.un.org/unsd/methods/m49/m49.htm"/><code value="001"/></coding></jurisdiction><immutable value="true"/><compose><include><system value="http://snomed.info/sct"/><concept><code value="713540004"/><display value="Substance with antiretroviral mechanism of action (substance)"/></concept><concept><code value="788075003"/><display value="Medicinal product acting as antiretroviral agent (product)"/></concept></include></compose></ValueSet>