<?xml version="1.0" encoding="UTF-8"?><ValueSet xmlns="http://hl7.org/fhir"><id value="HIVstatus-values"/><text><status value="generated"/><div xmlns="http://www.w3.org/1999/xhtml"><p>This value set includes codes based on the following rules:</p><ul><li>Include these codes as defined in <a href="http://www.snomed.org/"><code>http://snomed.info/sct</code></a><table class="none"><tr><td style="white-space:nowrap"><b>Code</b></td><td><b>Display</b></td></tr><tr><td><a href="http://snomed.info/id/278977008">278977008</a></td><td>Human immunodeficiency virus status (observable entity)</td></tr></table></li><li>Include these codes as defined in <code>http://hl7.org/fhir/sid/icd-11</code><table class="none"><tr><td style="white-space:nowrap"><b>Code</b></td><td><b>Display</b></td></tr><tr><td>1C62.Z</td><td>Human immunodeficiency virus disease without mention of associated disease or condition, clinical stage unspecified</td></tr><tr><td>MA14.0</td><td>Laboratory evidence of human immunodeficiency virus</td></tr></table></li></ul></div></text><url value="http://fhir.org/guides/who/smart-immunization/ValueSet/HIVstatus-values"/><version value="0.1.0"/><name value="HIVstatusvalues"/><title value="HIV status values"/><status value="draft"/><experimental value="false"/><date value="2023-03-31T14:38:57+00:00"/><publisher value="World Health Organization (WHO)"/><description value="Codes representing HIV status values"/><jurisdiction><coding><system value="http://unstats.un.org/unsd/methods/m49/m49.htm"/><code value="001"/></coding></jurisdiction><immutable value="true"/><compose><include><system value="http://snomed.info/sct"/><concept><code value="278977008"/><display value="Human immunodeficiency virus status (observable entity)"/></concept></include><include><system value="http://hl7.org/fhir/sid/icd-11"/><concept><code value="1C62.Z"/><display value="Human immunodeficiency virus disease without mention of associated disease or condition, clinical stage unspecified"/></concept><concept><code value="MA14.0"/><display value="Laboratory evidence of human immunodeficiency virus"/></concept></include></compose></ValueSet>