<?xml version="1.0" encoding="UTF-8"?><ValueSet xmlns="http://hl7.org/fhir"><id value="InactivatedJE-values"/><text><status value="generated"/><div xmlns="http://www.w3.org/1999/xhtml"><ul><li>Include these codes as defined in <a href="http://www.snomed.org/"><code>http://snomed.info/sct</code></a><table class="none"><tr><td style="white-space:nowrap"><b>Code</b></td><td><b>Display</b></td></tr><tr><td><a href="http://snomed.info/id/871725009">871725009</a></td><td>Vaccine product containing only inactivated whole Japanese encephalitis virus antigen (medicinal product)</td></tr></table></li></ul></div></text><url value="http://fhir.org/guides/who/smart-immunization/ValueSet/InactivatedJE-values"/><version value="0.1.0"/><name value="InactivatedJEvalues"/><title value="Inactivated Vero cell-derived Japanese Encephalitis vaccines valueset"/><status value="draft"/><experimental value="false"/><date value="2023-03-31T14:01:17+00:00"/><publisher value="World Health Organization (WHO)"/><description value="Codes representing Inactivated Vero cell-derived Japanese Encephalitis vaccines values"/><jurisdiction><coding><system value="http://unstats.un.org/unsd/methods/m49/m49.htm"/><code value="001"/></coding></jurisdiction><immutable value="true"/><compose><include><system value="http://snomed.info/sct"/><concept><code value="871725009"/><display value="Vaccine product containing only inactivated whole Japanese encephalitis virus antigen (medicinal product)"/></concept></include></compose></ValueSet>