<?xml version="1.0" encoding="UTF-8"?><ValueSet xmlns="http://hl7.org/fhir"><id value="VNAlevelsRabies-values"/><text><status value="generated"/><div xmlns="http://www.w3.org/1999/xhtml"><p>This value set includes codes based on the following rules:</p><ul><li>Include these codes as defined in <a href="http://loinc.org"><code>http://loinc.org</code></a><table class="none"><tr><td style="white-space:nowrap"><b>Code</b></td><td><b>Display</b></td></tr><tr><td><a href="https://loinc.org/70859-4/">70859-4</a></td><td>Rabies virus neutralizing antibody [Presence] in Cerebral spinal fluid by Neutralization test</td></tr><tr><td><a href="https://loinc.org/6527-6/">6527-6</a></td><td>Rabies virus neutralizing antibody [Units/volume] in Specimen by Neutralization test</td></tr><tr><td><a href="https://loinc.org/6523-5/">6523-5</a></td><td>Rabies virus neutralizing antibody [Units/volume] in Cerebral spinal fluid by Neutralization test</td></tr><tr><td><a href="https://loinc.org/6525-0/">6525-0</a></td><td>Rabies virus neutralizing antibody [Units/volume] in Tissue by Neutralization test</td></tr><tr><td><a href="https://loinc.org/6524-3/">6524-3</a></td><td>Rabies virus neutralizing antibody [Units/volume] in Serum by Neutralization test</td></tr><tr><td><a href="https://loinc.org/43980-2/">43980-2</a></td><td>Rabies virus neutralizing antibody [Titer] in Serum by Neutralization test</td></tr></table></li><li>Include these codes as defined in <a href="http://www.snomed.org/"><code>http://snomed.info/sct</code></a><table class="none"><tr><td style="white-space:nowrap"><b>Code</b></td><td><b>Display</b></td></tr><tr><td><a href="http://snomed.info/id/122078009">122078009</a></td><td>Measurement of Rabies virus antibody (procedure)</td></tr></table></li></ul></div></text><url value="http://fhir.org/guides/who/smart-immunization/ValueSet/VNAlevelsRabies-values"/><version value="0.1.0"/><name value="VNAlevelsRabiesvalues"/><title value="VNA Level Rabies valueset"/><status value="draft"/><experimental value="false"/><date value="2023-03-31T14:01:17+00:00"/><publisher value="World Health Organization (WHO)"/><description value="Codes representing Virus Neutralizing Antibody Levels values"/><jurisdiction><coding><system value="http://unstats.un.org/unsd/methods/m49/m49.htm"/><code value="001"/></coding></jurisdiction><immutable value="true"/><compose><include><system value="http://loinc.org"/><concept><code value="70859-4"/><display value="Rabies virus neutralizing antibody [Presence] in Cerebral spinal fluid by Neutralization test"/></concept><concept><code value="6527-6"/><display value="Rabies virus neutralizing antibody [Units/volume] in Specimen by Neutralization test"/></concept><concept><code value="6523-5"/><display value="Rabies virus neutralizing antibody [Units/volume] in Cerebral spinal fluid by Neutralization test"/></concept><concept><code value="6525-0"/><display value="Rabies virus neutralizing antibody [Units/volume] in Tissue by Neutralization test"/></concept><concept><code value="6524-3"/><display value="Rabies virus neutralizing antibody [Units/volume] in Serum by Neutralization test"/></concept><concept><code value="43980-2"/><display value="Rabies virus neutralizing antibody [Titer] in Serum by Neutralization test"/></concept></include><include><system value="http://snomed.info/sct"/><concept><code value="122078009"/><display value="Measurement of Rabies virus antibody (procedure)"/></concept></include></compose></ValueSet>