<?xml version="1.0" encoding="UTF-8"?>

<Bundle xmlns="http://hl7.org/fhir">
  <id value="5cd085c1-0975-4e67-ad50-03483a02132d"/>
  <meta>
    <lastUpdated value="2023-03-31T14:38:57.014+00:00"/>
  </meta>
  <type value="collection"/>
  <entry>
    <fullUrl value="http://fhir.org/guides/who/smart-immunization/ValueSet/EnceVirClassTBEVaccine-values"/>
    <resource>
      <ValueSet>
        <id value="EnceVirClassTBEVaccine-values"/>
        <text>
          <status value="generated"/>
          <div xmlns="http://www.w3.org/1999/xhtml">
            <p>This value set contains 2 concepts</p>
            <p style="border: black 1px dotted; background-color: #EEEEEE; padding: 8px; margin-bottom: 8px">Expansion based on SNOMED CT International edition 31-Jul 2022</p>
            <table class="codes">
              <tr>
                <td style="white-space:nowrap">
                  <b>Code</b>
                </td>
                <td>
                  <b>System</b>
                </td>
                <td>
                  <b>Display</b>
                </td>
              </tr>
              <tr>
                <td style="white-space:nowrap">
                  <a name="http---snomed.info-sct-871719005"> </a>  
                  <a href="http://snomed.info/id/871719005">871719005</a>
                </td>
                <td>http://snomed.info/sct</td>
                <td>Vaccine product containing only Tick-borne encephalitis virus antigen (medicinal product)</td>
              </tr>
              <tr>
                <td style="white-space:nowrap">
                  <a name="http---snomed.info-sct-836403007"> </a>  
                  <a href="http://snomed.info/id/836403007">836403007</a>
                </td>
                <td>http://snomed.info/sct</td>
                <td>Vaccine product containing Tick-borne encephalitis virus antigen (medicinal product)</td>
              </tr>
            </table>
          </div>
        </text>
        <url value="http://fhir.org/guides/who/smart-immunization/ValueSet/EnceVirClassTBEVaccine-values"/>
        <version value="0.1.0"/>
        <name value="EnceVirClassTBEVaccinevalues"/>
        <title value="EnceVir Class TBE Vaccine values"/>
        <status value="draft"/>
        <experimental value="false"/>
        <date value="2023-03-31T14:38:57+00:00"/>
        <publisher value="World Health Organization (WHO)"/>
        <description value="Codes representing EnceVir Class TBE Vaccine values"/>
        <jurisdiction>
          <coding>
            <system value="http://unstats.un.org/unsd/methods/m49/m49.htm"/>
            <code value="001"/>
          </coding>
        </jurisdiction>
        <immutable value="true"/>
        <expansion>
          <identifier value="urn:uuid:3ac99eef-dc17-4924-a828-098929feebed"/>
          <timestamp value="2023-03-31T14:40:02+00:00"/>
          <total value="2"/>
          <parameter>
            <name value="excludeNested"/>
            <valueBoolean value="false"/>
          </parameter>
          <parameter>
            <name value="limitedExpansion"/>
            <valueBoolean value="true"/>
          </parameter>
          <parameter>
            <name value="version"/>
            <valueUri value="http://snomed.info/sct|http://snomed.info/sct/900000000000207008/version/20220731"/>
          </parameter>
          <contains>
            <system value="http://snomed.info/sct"/>
            <code value="871719005"/>
            <display value="Vaccine product containing only Tick-borne encephalitis virus antigen (medicinal product)"/>
          </contains>
          <contains>
            <system value="http://snomed.info/sct"/>
            <code value="836403007"/>
            <display value="Vaccine product containing Tick-borne encephalitis virus antigen (medicinal product)"/>
          </contains>
        </expansion>
      </ValueSet>
    </resource>
  </entry>
  <entry>
    <fullUrl value="http://fhir.org/guides/who/smart-immunization/ValueSet/TBEMoscowClassTBEVaccine-values"/>
    <resource>
      <ValueSet>
        <id value="TBEMoscowClassTBEVaccine-values"/>
        <text>
          <status value="generated"/>
          <div xmlns="http://www.w3.org/1999/xhtml">
            <p>This value set contains 2 concepts</p>
            <p style="border: black 1px dotted; background-color: #EEEEEE; padding: 8px; margin-bottom: 8px">Expansion based on SNOMED CT International edition 31-Jul 2022</p>
            <table class="codes">
              <tr>
                <td style="white-space:nowrap">
                  <b>Code</b>
                </td>
                <td>
                  <b>System</b>
                </td>
                <td>
                  <b>Display</b>
                </td>
              </tr>
              <tr>
                <td style="white-space:nowrap">
                  <a name="http---snomed.info-sct-871719005"> </a>  
                  <a href="http://snomed.info/id/871719005">871719005</a>
                </td>
                <td>http://snomed.info/sct</td>
                <td>Vaccine product containing only Tick-borne encephalitis virus antigen (medicinal product)</td>
              </tr>
              <tr>
                <td style="white-space:nowrap">
                  <a name="http---snomed.info-sct-836403007"> </a>  
                  <a href="http://snomed.info/id/836403007">836403007</a>
                </td>
                <td>http://snomed.info/sct</td>
                <td>Vaccine product containing Tick-borne encephalitis virus antigen (medicinal product)</td>
              </tr>
            </table>
          </div>
        </text>
        <url value="http://fhir.org/guides/who/smart-immunization/ValueSet/TBEMoscowClassTBEVaccine-values"/>
        <version value="0.1.0"/>
        <name value="TBEMoscowClassTBEVaccinevalues"/>
        <title value="TBE-Moscow Class TBE Vaccine values"/>
        <status value="draft"/>
        <experimental value="false"/>
        <date value="2023-03-31T14:38:57+00:00"/>
        <publisher value="World Health Organization (WHO)"/>
        <description value="Codes representing TBE-Moscow Class TBE Vaccine values"/>
        <jurisdiction>
          <coding>
            <system value="http://unstats.un.org/unsd/methods/m49/m49.htm"/>
            <code value="001"/>
          </coding>
        </jurisdiction>
        <immutable value="true"/>
        <expansion>
          <identifier value="urn:uuid:23b69fba-708b-4598-8d60-199807129804"/>
          <timestamp value="2023-03-31T14:40:03+00:00"/>
          <total value="2"/>
          <parameter>
            <name value="excludeNested"/>
            <valueBoolean value="false"/>
          </parameter>
          <parameter>
            <name value="limitedExpansion"/>
            <valueBoolean value="true"/>
          </parameter>
          <parameter>
            <name value="version"/>
            <valueUri value="http://snomed.info/sct|http://snomed.info/sct/900000000000207008/version/20220731"/>
          </parameter>
          <contains>
            <system value="http://snomed.info/sct"/>
            <code value="871719005"/>
            <display value="Vaccine product containing only Tick-borne encephalitis virus antigen (medicinal product)"/>
          </contains>
          <contains>
            <system value="http://snomed.info/sct"/>
            <code value="836403007"/>
            <display value="Vaccine product containing Tick-borne encephalitis virus antigen (medicinal product)"/>
          </contains>
        </expansion>
      </ValueSet>
    </resource>
  </entry>
  <entry>
    <fullUrl value="http://fhir.org/guides/who/smart-immunization/ValueSet/InactivatedJE-values"/>
    <resource>
      <ValueSet>
        <id value="InactivatedJE-values"/>
        <text>
          <status value="generated"/>
          <div xmlns="http://www.w3.org/1999/xhtml">
            <p>This value set contains 1 concepts</p>
            <p style="border: black 1px dotted; background-color: #EEEEEE; padding: 8px; margin-bottom: 8px">Expansion based on SNOMED CT International edition 31-Jul 2022</p>
            <table class="codes">
              <tr>
                <td style="white-space:nowrap">
                  <b>Code</b>
                </td>
                <td>
                  <b>System</b>
                </td>
                <td>
                  <b>Display</b>
                </td>
              </tr>
              <tr>
                <td style="white-space:nowrap">
                  <a name="http---snomed.info-sct-871725009"> </a>  
                  <a href="http://snomed.info/id/871725009">871725009</a>
                </td>
                <td>http://snomed.info/sct</td>
                <td>Vaccine product containing only inactivated whole Japanese encephalitis virus antigen (medicinal product)</td>
              </tr>
            </table>
          </div>
        </text>
        <url value="http://fhir.org/guides/who/smart-immunization/ValueSet/InactivatedJE-values"/>
        <version value="0.1.0"/>
        <name value="InactivatedJEvalues"/>
        <title value="Inactivated Vero cell-derived Japanese Encephalitis vaccines valueset"/>
        <status value="draft"/>
        <experimental value="false"/>
        <date value="2023-03-31T14:38:57+00:00"/>
        <publisher value="World Health Organization (WHO)"/>
        <description value="Codes representing Inactivated Vero cell-derived Japanese Encephalitis vaccines values"/>
        <jurisdiction>
          <coding>
            <system value="http://unstats.un.org/unsd/methods/m49/m49.htm"/>
            <code value="001"/>
          </coding>
        </jurisdiction>
        <immutable value="true"/>
        <expansion>
          <identifier value="urn:uuid:396c70d7-7892-4045-a78a-3b94d00803ce"/>
          <timestamp value="2023-03-31T14:40:03+00:00"/>
          <total value="1"/>
          <parameter>
            <name value="excludeNested"/>
            <valueBoolean value="false"/>
          </parameter>
          <parameter>
            <name value="limitedExpansion"/>
            <valueBoolean value="true"/>
          </parameter>
          <parameter>
            <name value="version"/>
            <valueUri value="http://snomed.info/sct|http://snomed.info/sct/900000000000207008/version/20220731"/>
          </parameter>
          <contains>
            <system value="http://snomed.info/sct"/>
            <code value="871725009"/>
            <display value="Vaccine product containing only inactivated whole Japanese encephalitis virus antigen (medicinal product)"/>
          </contains>
        </expansion>
      </ValueSet>
    </resource>
  </entry>
  <entry>
    <fullUrl value="http://fhir.org/guides/who/smart-immunization/ValueSet/WCClassCholeraVaccine-values"/>
    <resource>
      <ValueSet>
        <id value="WCClassCholeraVaccine-values"/>
        <text>
          <status value="generated"/>
          <div xmlns="http://www.w3.org/1999/xhtml">
            <p>This value set contains 1 concepts</p>
            <p style="border: black 1px dotted; background-color: #EEEEEE; padding: 8px; margin-bottom: 8px">Expansion based on SNOMED CT International edition 31-Jul 2022</p>
            <table class="codes">
              <tr>
                <td style="white-space:nowrap">
                  <b>Code</b>
                </td>
                <td>
                  <b>System</b>
                </td>
                <td>
                  <b>Display</b>
                </td>
              </tr>
              <tr>
                <td style="white-space:nowrap">
                  <a name="http---snomed.info-sct-991000221105"> </a>  
                  <a href="http://snomed.info/id/991000221105">991000221105</a>
                </td>
                <td>http://snomed.info/sct</td>
                <td>Vaccine product containing only Vibrio cholerae antigen (medicinal product)</td>
              </tr>
            </table>
          </div>
        </text>
        <url value="http://fhir.org/guides/who/smart-immunization/ValueSet/WCClassCholeraVaccine-values"/>
        <version value="0.1.0"/>
        <name value="WCClassCholeraVaccinevalues"/>
        <title value="WC Class Cholera Vaccine values"/>
        <status value="draft"/>
        <experimental value="false"/>
        <date value="2023-03-31T14:38:57+00:00"/>
        <publisher value="World Health Organization (WHO)"/>
        <description value="Codes representing WC Class Cholera Vaccine values"/>
        <jurisdiction>
          <coding>
            <system value="http://unstats.un.org/unsd/methods/m49/m49.htm"/>
            <code value="001"/>
          </coding>
        </jurisdiction>
        <immutable value="true"/>
        <expansion>
          <identifier value="urn:uuid:0e6b3d4c-dc37-409c-ad44-8b912e72ce43"/>
          <timestamp value="2023-03-31T14:40:03+00:00"/>
          <total value="1"/>
          <parameter>
            <name value="excludeNested"/>
            <valueBoolean value="false"/>
          </parameter>
          <parameter>
            <name value="limitedExpansion"/>
            <valueBoolean value="true"/>
          </parameter>
          <parameter>
            <name value="version"/>
            <valueUri value="http://snomed.info/sct|http://snomed.info/sct/900000000000207008/version/20220731"/>
          </parameter>
          <contains>
            <system value="http://snomed.info/sct"/>
            <code value="991000221105"/>
            <display value="Vaccine product containing only Vibrio cholerae antigen (medicinal product)"/>
          </contains>
        </expansion>
      </ValueSet>
    </resource>
  </entry>
  <entry>
    <fullUrl value="http://fhir.org/guides/who/smart-immunization/ValueSet/CD4percentageTest-values"/>
    <resource>
      <ValueSet>
        <id value="CD4percentageTest-values"/>
        <text>
          <status value="generated"/>
          <div xmlns="http://www.w3.org/1999/xhtml">
            <p>This value set contains 3 concepts</p>
            <div style="border: black 1px dotted; background-color: #EEEEEE; padding: 8px; margin-bottom: 8px">
              <p>Expansion based on: </p>
              <ul>
                <li>Loinc v2.73</li>
                <li>SNOMED CT International edition 31-Jul 2022</li>
              </ul>
            </div>
            <table class="codes">
              <tr>
                <td style="white-space:nowrap">
                  <b>Code</b>
                </td>
                <td>
                  <b>System</b>
                </td>
                <td>
                  <b>Display</b>
                </td>
              </tr>
              <tr>
                <td style="white-space:nowrap">
                  <a name="http---snomed.info-sct-313938009"> </a>  
                  <a href="http://snomed.info/id/313938009">313938009</a>
                </td>
                <td>http://snomed.info/sct</td>
                <td>CD4 percent count (procedure)</td>
              </tr>
              <tr>
                <td style="white-space:nowrap">
                  <a name="http---snomed.info-sct-413069009"> </a>  
                  <a href="http://snomed.info/id/413069009">413069009</a>
                </td>
                <td>http://snomed.info/sct</td>
                <td>Percentage CD4 (T4 cells) count (procedure)</td>
              </tr>
              <tr>
                <td style="white-space:nowrap">
                  <a name="http---loinc.org-80223-1"> </a>  
                  <a href="https://loinc.org/80223-1/">80223-1</a>
                </td>
                <td>http://loinc.org</td>
                <td>CD4 cells/100 lymphocytes in Specimen</td>
              </tr>
            </table>
          </div>
        </text>
        <url value="http://fhir.org/guides/who/smart-immunization/ValueSet/CD4percentageTest-values"/>
        <version value="0.1.0"/>
        <name value="CD4percentageTestvalues"/>
        <title value="CD4 Percentage Test"/>
        <status value="draft"/>
        <experimental value="false"/>
        <date value="2023-03-31T14:38:57+00:00"/>
        <publisher value="World Health Organization (WHO)"/>
        <description value="Codes representing CD4 Percentage Test values"/>
        <jurisdiction>
          <coding>
            <system value="http://unstats.un.org/unsd/methods/m49/m49.htm"/>
            <code value="001"/>
          </coding>
        </jurisdiction>
        <immutable value="true"/>
        <expansion>
          <identifier value="urn:uuid:3c2645d3-0d16-495d-8ee7-516fcbba72a6"/>
          <timestamp value="2023-03-31T14:40:03+00:00"/>
          <total value="3"/>
          <parameter>
            <name value="excludeNested"/>
            <valueBoolean value="false"/>
          </parameter>
          <parameter>
            <name value="limitedExpansion"/>
            <valueBoolean value="true"/>
          </parameter>
          <parameter>
            <name value="version"/>
            <valueUri value="http://snomed.info/sct|http://snomed.info/sct/900000000000207008/version/20220731"/>
          </parameter>
          <parameter>
            <name value="excludeNested"/>
            <valueBoolean value="true"/>
          </parameter>
          <parameter>
            <name value="version"/>
            <valueUri value="http://loinc.org|2.73"/>
          </parameter>
          <contains>
            <system value="http://snomed.info/sct"/>
            <code value="313938009"/>
            <display value="CD4 percent count (procedure)"/>
          </contains>
          <contains>
            <system value="http://snomed.info/sct"/>
            <code value="413069009"/>
            <display value="Percentage CD4 (T4 cells) count (procedure)"/>
          </contains>
          <contains>
            <system value="http://loinc.org"/>
            <code value="80223-1"/>
            <display value="CD4 cells/100 lymphocytes in Specimen"/>
          </contains>
        </expansion>
      </ValueSet>
    </resource>
  </entry>
  <entry>
    <fullUrl value="http://fhir.org/guides/who/smart-immunization/ValueSet/VNAlevelsRabies-values"/>
    <resource>
      <ValueSet>
        <id value="VNAlevelsRabies-values"/>
        <text>
          <status value="generated"/>
          <div xmlns="http://www.w3.org/1999/xhtml">
            <p>This value set contains 7 concepts</p>
            <div style="border: black 1px dotted; background-color: #EEEEEE; padding: 8px; margin-bottom: 8px">
              <p>Expansion based on: </p>
              <ul>
                <li>Loinc v2.73</li>
                <li>SNOMED CT International edition 31-Jul 2022</li>
              </ul>
            </div>
            <table class="codes">
              <tr>
                <td style="white-space:nowrap">
                  <b>Code</b>
                </td>
                <td>
                  <b>System</b>
                </td>
                <td>
                  <b>Display</b>
                </td>
              </tr>
              <tr>
                <td style="white-space:nowrap">
                  <a name="http---loinc.org-70859-4"> </a>  
                  <a href="https://loinc.org/70859-4/">70859-4</a>
                </td>
                <td>http://loinc.org</td>
                <td>Rabies virus neutralizing antibody [Presence] in Cerebral spinal fluid by Neutralization test</td>
              </tr>
              <tr>
                <td style="white-space:nowrap">
                  <a name="http---loinc.org-6527-6"> </a>  
                  <a href="https://loinc.org/6527-6/">6527-6</a>
                </td>
                <td>http://loinc.org</td>
                <td>Rabies virus neutralizing antibody [Units/volume] in Specimen by Neutralization test</td>
              </tr>
              <tr>
                <td style="white-space:nowrap">
                  <a name="http---loinc.org-6523-5"> </a>  
                  <a href="https://loinc.org/6523-5/">6523-5</a>
                </td>
                <td>http://loinc.org</td>
                <td>Rabies virus neutralizing antibody [Units/volume] in Cerebral spinal fluid by Neutralization test</td>
              </tr>
              <tr>
                <td style="white-space:nowrap">
                  <a name="http---loinc.org-6525-0"> </a>  
                  <a href="https://loinc.org/6525-0/">6525-0</a>
                </td>
                <td>http://loinc.org</td>
                <td>Rabies virus neutralizing antibody [Units/volume] in Tissue by Neutralization test</td>
              </tr>
              <tr>
                <td style="white-space:nowrap">
                  <a name="http---loinc.org-6524-3"> </a>  
                  <a href="https://loinc.org/6524-3/">6524-3</a>
                </td>
                <td>http://loinc.org</td>
                <td>Rabies virus neutralizing antibody [Units/volume] in Serum by Neutralization test</td>
              </tr>
              <tr>
                <td style="white-space:nowrap">
                  <a name="http---loinc.org-43980-2"> </a>  
                  <a href="https://loinc.org/43980-2/">43980-2</a>
                </td>
                <td>http://loinc.org</td>
                <td>Rabies virus neutralizing antibody [Titer] in Serum by Neutralization test</td>
              </tr>
              <tr>
                <td style="white-space:nowrap">
                  <a name="http---snomed.info-sct-122078009"> </a>  
                  <a href="http://snomed.info/id/122078009">122078009</a>
                </td>
                <td>http://snomed.info/sct</td>
                <td>Measurement of Rabies virus antibody (procedure)</td>
              </tr>
            </table>
          </div>
        </text>
        <url value="http://fhir.org/guides/who/smart-immunization/ValueSet/VNAlevelsRabies-values"/>
        <version value="0.1.0"/>
        <name value="VNAlevelsRabiesvalues"/>
        <title value="VNA Level Rabies valueset"/>
        <status value="draft"/>
        <experimental value="false"/>
        <date value="2023-03-31T14:38:57+00:00"/>
        <publisher value="World Health Organization (WHO)"/>
        <description value="Codes representing Virus Neutralizing Antibody Levels values"/>
        <jurisdiction>
          <coding>
            <system value="http://unstats.un.org/unsd/methods/m49/m49.htm"/>
            <code value="001"/>
          </coding>
        </jurisdiction>
        <immutable value="true"/>
        <expansion>
          <identifier value="urn:uuid:9fbc574b-5e08-48e9-a6a8-ded4cbe8558d"/>
          <timestamp value="2023-03-31T14:40:04+00:00"/>
          <total value="7"/>
          <parameter>
            <name value="excludeNested"/>
            <valueBoolean value="false"/>
          </parameter>
          <parameter>
            <name value="limitedExpansion"/>
            <valueBoolean value="true"/>
          </parameter>
          <parameter>
            <name value="version"/>
            <valueUri value="http://loinc.org|2.73"/>
          </parameter>
          <parameter>
            <name value="excludeNested"/>
            <valueBoolean value="true"/>
          </parameter>
          <parameter>
            <name value="version"/>
            <valueUri value="http://snomed.info/sct|http://snomed.info/sct/900000000000207008/version/20220731"/>
          </parameter>
          <contains>
            <system value="http://loinc.org"/>
            <code value="70859-4"/>
            <display value="Rabies virus neutralizing antibody [Presence] in Cerebral spinal fluid by Neutralization test"/>
          </contains>
          <contains>
            <system value="http://loinc.org"/>
            <code value="6527-6"/>
            <display value="Rabies virus neutralizing antibody [Units/volume] in Specimen by Neutralization test"/>
          </contains>
          <contains>
            <system value="http://loinc.org"/>
            <code value="6523-5"/>
            <display value="Rabies virus neutralizing antibody [Units/volume] in Cerebral spinal fluid by Neutralization test"/>
          </contains>
          <contains>
            <system value="http://loinc.org"/>
            <code value="6525-0"/>
            <display value="Rabies virus neutralizing antibody [Units/volume] in Tissue by Neutralization test"/>
          </contains>
          <contains>
            <system value="http://loinc.org"/>
            <code value="6524-3"/>
            <display value="Rabies virus neutralizing antibody [Units/volume] in Serum by Neutralization test"/>
          </contains>
          <contains>
            <system value="http://loinc.org"/>
            <code value="43980-2"/>
            <display value="Rabies virus neutralizing antibody [Titer] in Serum by Neutralization test"/>
          </contains>
          <contains>
            <system value="http://snomed.info/sct"/>
            <code value="122078009"/>
            <display value="Measurement of Rabies virus antibody (procedure)"/>
          </contains>
        </expansion>
      </ValueSet>
    </resource>
  </entry>
  <entry>
    <fullUrl value="http://fhir.org/guides/who/smart-immunization/ValueSet/WCrBSClassCholeraVaccine-values"/>
    <resource>
      <ValueSet>
        <id value="WCrBSClassCholeraVaccine-values"/>
        <text>
          <status value="generated"/>
          <div xmlns="http://www.w3.org/1999/xhtml">
            <p>This value set contains 1 concepts</p>
            <p style="border: black 1px dotted; background-color: #EEEEEE; padding: 8px; margin-bottom: 8px">Expansion based on SNOMED CT International edition 31-Jul 2022</p>
            <table class="codes">
              <tr>
                <td style="white-space:nowrap">
                  <b>Code</b>
                </td>
                <td>
                  <b>System</b>
                </td>
                <td>
                  <b>Display</b>
                </td>
              </tr>
              <tr>
                <td style="white-space:nowrap">
                  <a name="http---snomed.info-sct-991000221105"> </a>  
                  <a href="http://snomed.info/id/991000221105">991000221105</a>
                </td>
                <td>http://snomed.info/sct</td>
                <td>Vaccine product containing only Vibrio cholerae antigen (medicinal product)</td>
              </tr>
            </table>
          </div>
        </text>
        <url value="http://fhir.org/guides/who/smart-immunization/ValueSet/WCrBSClassCholeraVaccine-values"/>
        <version value="0.1.0"/>
        <name value="WCrBSClassCholeraVaccinevalues"/>
        <title value="WC-rBS Class Cholera Vaccine values"/>
        <status value="draft"/>
        <experimental value="false"/>
        <date value="2023-03-31T14:38:57+00:00"/>
        <publisher value="World Health Organization (WHO)"/>
        <description value="Codes representing WC-rBS Class Cholera Vaccine values"/>
        <jurisdiction>
          <coding>
            <system value="http://unstats.un.org/unsd/methods/m49/m49.htm"/>
            <code value="001"/>
          </coding>
        </jurisdiction>
        <immutable value="true"/>
        <expansion>
          <identifier value="urn:uuid:ed93df1b-ddff-405c-814c-4c94b4197e3c"/>
          <timestamp value="2023-03-31T14:40:04+00:00"/>
          <total value="1"/>
          <parameter>
            <name value="excludeNested"/>
            <valueBoolean value="false"/>
          </parameter>
          <parameter>
            <name value="limitedExpansion"/>
            <valueBoolean value="true"/>
          </parameter>
          <parameter>
            <name value="version"/>
            <valueUri value="http://snomed.info/sct|http://snomed.info/sct/900000000000207008/version/20220731"/>
          </parameter>
          <contains>
            <system value="http://snomed.info/sct"/>
            <code value="991000221105"/>
            <display value="Vaccine product containing only Vibrio cholerae antigen (medicinal product)"/>
          </contains>
        </expansion>
      </ValueSet>
    </resource>
  </entry>
  <entry>
    <fullUrl value="http://fhir.org/guides/who/smart-immunization/ValueSet/TSTTestResult-values"/>
    <resource>
      <ValueSet>
        <id value="TSTTestResult-values"/>
        <text>
          <status value="generated"/>
          <div xmlns="http://www.w3.org/1999/xhtml">
            <p>This value set contains 1 concepts</p>
            <p style="border: black 1px dotted; background-color: #EEEEEE; padding: 8px; margin-bottom: 8px">Expansion based on SNOMED CT International edition 31-Jul 2022</p>
            <table class="codes">
              <tr>
                <td style="white-space:nowrap">
                  <b>Code</b>
                </td>
                <td>
                  <b>System</b>
                </td>
                <td>
                  <b>Display</b>
                </td>
              </tr>
              <tr>
                <td style="white-space:nowrap">
                  <a name="http---snomed.info-sct-28163009"> </a>  
                  <a href="http://snomed.info/id/28163009">28163009</a>
                </td>
                <td>http://snomed.info/sct</td>
                <td>Skin test for tuberculosis, Tine test (procedure)</td>
              </tr>
            </table>
          </div>
        </text>
        <url value="http://fhir.org/guides/who/smart-immunization/ValueSet/TSTTestResult-values"/>
        <version value="0.1.0"/>
        <name value="TSTTestResultvalues"/>
        <title value="TST Test Result values"/>
        <status value="draft"/>
        <experimental value="false"/>
        <date value="2023-03-31T14:38:57+00:00"/>
        <publisher value="World Health Organization (WHO)"/>
        <description value="Codes representing TST Test Result values"/>
        <jurisdiction>
          <coding>
            <system value="http://unstats.un.org/unsd/methods/m49/m49.htm"/>
            <code value="001"/>
          </coding>
        </jurisdiction>
        <immutable value="true"/>
        <expansion>
          <identifier value="urn:uuid:f6c88996-eaac-4f3d-9aee-a65d18d7e2cf"/>
          <timestamp value="2023-03-31T14:40:04+00:00"/>
          <total value="1"/>
          <parameter>
            <name value="excludeNested"/>
            <valueBoolean value="false"/>
          </parameter>
          <parameter>
            <name value="limitedExpansion"/>
            <valueBoolean value="true"/>
          </parameter>
          <parameter>
            <name value="version"/>
            <valueUri value="http://snomed.info/sct|http://snomed.info/sct/900000000000207008/version/20220731"/>
          </parameter>
          <contains>
            <system value="http://snomed.info/sct"/>
            <code value="28163009"/>
            <display value="Skin test for tuberculosis, Tine test (procedure)"/>
          </contains>
        </expansion>
      </ValueSet>
    </resource>
  </entry>
  <entry>
    <fullUrl value="http://fhir.org/guides/who/smart-immunization/ValueSet/Immunocompromised-values"/>
    <resource>
      <ValueSet>
        <id value="Immunocompromised-values"/>
        <text>
          <status value="generated"/>
          <div xmlns="http://www.w3.org/1999/xhtml">
            <p>This value set contains 2 concepts</p>
            <p style="border: black 1px dotted; background-color: #EEEEEE; padding: 8px; margin-bottom: 8px">Expansion based on SNOMED CT International edition 31-Jul 2022</p>
            <table class="codes">
              <tr>
                <td style="white-space:nowrap">
                  <b>Code</b>
                </td>
                <td>
                  <b>System</b>
                </td>
                <td>
                  <b>Display</b>
                </td>
              </tr>
              <tr>
                <td style="white-space:nowrap">
                  <a name="http---snomed.info-sct-370388006"> </a>  
                  <a href="http://snomed.info/id/370388006">370388006</a>
                </td>
                <td>http://snomed.info/sct</td>
                <td>Patient immunocompromised</td>
              </tr>
              <tr>
                <td style="white-space:nowrap">
                  <a name="http---snomed.info-sct-370391006"> </a>  
                  <a href="http://snomed.info/id/370391006">370391006</a>
                </td>
                <td>http://snomed.info/sct</td>
                <td>Patient immunosuppressed</td>
              </tr>
            </table>
          </div>
        </text>
        <url value="http://fhir.org/guides/who/smart-immunization/ValueSet/Immunocompromised-values"/>
        <version value="0.1.0"/>
        <name value="Immunocompromisedvalues"/>
        <title value="Immunocompromised valueset"/>
        <status value="draft"/>
        <experimental value="false"/>
        <date value="2023-03-31T14:38:57+00:00"/>
        <publisher value="World Health Organization (WHO)"/>
        <description value="Codes representing Immunocompromised values"/>
        <jurisdiction>
          <coding>
            <system value="http://unstats.un.org/unsd/methods/m49/m49.htm"/>
            <code value="001"/>
          </coding>
        </jurisdiction>
        <immutable value="true"/>
        <expansion>
          <identifier value="urn:uuid:3252d416-b432-48a1-9d42-8f9fc3fb7b3b"/>
          <timestamp value="2023-03-31T14:40:09+00:00"/>
          <total value="2"/>
          <parameter>
            <name value="excludeNested"/>
            <valueBoolean value="false"/>
          </parameter>
          <parameter>
            <name value="limitedExpansion"/>
            <valueBoolean value="true"/>
          </parameter>
          <parameter>
            <name value="version"/>
            <valueUri value="http://snomed.info/sct|http://snomed.info/sct/900000000000207008/version/20220731"/>
          </parameter>
          <contains>
            <system value="http://snomed.info/sct"/>
            <code value="370388006"/>
            <display value="Patient immunocompromised"/>
          </contains>
          <contains>
            <system value="http://snomed.info/sct"/>
            <code value="370391006"/>
            <display value="Patient immunosuppressed"/>
          </contains>
        </expansion>
      </ValueSet>
    </resource>
  </entry>
  <entry>
    <fullUrl value="http://fhir.org/guides/who/smart-immunization/ValueSet/ARVDrugs-values"/>
    <resource>
      <ValueSet>
        <id value="ARVDrugs-values"/>
        <text>
          <status value="generated"/>
          <div xmlns="http://www.w3.org/1999/xhtml">
            <p>This value set contains 2 concepts</p>
            <p style="border: black 1px dotted; background-color: #EEEEEE; padding: 8px; margin-bottom: 8px">Expansion based on SNOMED CT International edition 31-Jul 2022</p>
            <table class="codes">
              <tr>
                <td style="white-space:nowrap">
                  <b>Code</b>
                </td>
                <td>
                  <b>System</b>
                </td>
                <td>
                  <b>Display</b>
                </td>
              </tr>
              <tr>
                <td style="white-space:nowrap">
                  <a name="http---snomed.info-sct-713540004"> </a>  
                  <a href="http://snomed.info/id/713540004">713540004</a>
                </td>
                <td>http://snomed.info/sct</td>
                <td>Substance with antiretroviral mechanism of action (substance)</td>
              </tr>
              <tr>
                <td style="white-space:nowrap">
                  <a name="http---snomed.info-sct-788075003"> </a>  
                  <a href="http://snomed.info/id/788075003">788075003</a>
                </td>
                <td>http://snomed.info/sct</td>
                <td>Medicinal product acting as antiretroviral agent (product)</td>
              </tr>
            </table>
          </div>
        </text>
        <url value="http://fhir.org/guides/who/smart-immunization/ValueSet/ARVDrugs-values"/>
        <version value="0.1.0"/>
        <name value="ARVDrugsvalues"/>
        <title value="ARV Drugs values"/>
        <status value="draft"/>
        <experimental value="false"/>
        <date value="2023-03-31T14:38:57+00:00"/>
        <publisher value="World Health Organization (WHO)"/>
        <description value="Codes representing ARV Drugs values"/>
        <jurisdiction>
          <coding>
            <system value="http://unstats.un.org/unsd/methods/m49/m49.htm"/>
            <code value="001"/>
          </coding>
        </jurisdiction>
        <immutable value="true"/>
        <expansion>
          <identifier value="urn:uuid:1e187e62-71ef-41b8-a091-94613ee47dfa"/>
          <timestamp value="2023-03-31T14:40:09+00:00"/>
          <total value="2"/>
          <parameter>
            <name value="excludeNested"/>
            <valueBoolean value="false"/>
          </parameter>
          <parameter>
            <name value="limitedExpansion"/>
            <valueBoolean value="true"/>
          </parameter>
          <parameter>
            <name value="version"/>
            <valueUri value="http://snomed.info/sct|http://snomed.info/sct/900000000000207008/version/20220731"/>
          </parameter>
          <contains>
            <system value="http://snomed.info/sct"/>
            <code value="713540004"/>
            <display value="Substance with antiretroviral mechanism of action (substance)"/>
          </contains>
          <contains>
            <system value="http://snomed.info/sct"/>
            <code value="788075003"/>
            <display value="Medicinal product acting as antiretroviral agent (product)"/>
          </contains>
        </expansion>
      </ValueSet>
    </resource>
  </entry>
  <entry>
    <fullUrl value="http://fhir.org/guides/who/smart-immunization/ValueSet/FSMEImmunClassTBEVaccine-values"/>
    <resource>
      <ValueSet>
        <id value="FSMEImmunClassTBEVaccine-values"/>
        <text>
          <status value="generated"/>
          <div xmlns="http://www.w3.org/1999/xhtml">
            <p>This value set contains 2 concepts</p>
            <p style="border: black 1px dotted; background-color: #EEEEEE; padding: 8px; margin-bottom: 8px">Expansion based on SNOMED CT International edition 31-Jul 2022</p>
            <table class="codes">
              <tr>
                <td style="white-space:nowrap">
                  <b>Code</b>
                </td>
                <td>
                  <b>System</b>
                </td>
                <td>
                  <b>Display</b>
                </td>
              </tr>
              <tr>
                <td style="white-space:nowrap">
                  <a name="http---snomed.info-sct-871719005"> </a>  
                  <a href="http://snomed.info/id/871719005">871719005</a>
                </td>
                <td>http://snomed.info/sct</td>
                <td>Vaccine product containing only Tick-borne encephalitis virus antigen (medicinal product)</td>
              </tr>
              <tr>
                <td style="white-space:nowrap">
                  <a name="http---snomed.info-sct-836403007"> </a>  
                  <a href="http://snomed.info/id/836403007">836403007</a>
                </td>
                <td>http://snomed.info/sct</td>
                <td>Vaccine product containing Tick-borne encephalitis virus antigen (medicinal product)</td>
              </tr>
            </table>
          </div>
        </text>
        <url value="http://fhir.org/guides/who/smart-immunization/ValueSet/FSMEImmunClassTBEVaccine-values"/>
        <version value="0.1.0"/>
        <name value="FSMEImmunClassTBEVaccinevalues"/>
        <title value="FSME-Immun Class TBE Vaccine values"/>
        <status value="draft"/>
        <experimental value="false"/>
        <date value="2023-03-31T14:38:57+00:00"/>
        <publisher value="World Health Organization (WHO)"/>
        <description value="Codes representing FSME-Immun Class TBE Vaccine values"/>
        <jurisdiction>
          <coding>
            <system value="http://unstats.un.org/unsd/methods/m49/m49.htm"/>
            <code value="001"/>
          </coding>
        </jurisdiction>
        <immutable value="true"/>
        <expansion>
          <identifier value="urn:uuid:3e30bb08-2a77-4ecd-b261-ba9d73ac36d0"/>
          <timestamp value="2023-03-31T14:40:10+00:00"/>
          <total value="2"/>
          <parameter>
            <name value="excludeNested"/>
            <valueBoolean value="false"/>
          </parameter>
          <parameter>
            <name value="limitedExpansion"/>
            <valueBoolean value="true"/>
          </parameter>
          <parameter>
            <name value="version"/>
            <valueUri value="http://snomed.info/sct|http://snomed.info/sct/900000000000207008/version/20220731"/>
          </parameter>
          <contains>
            <system value="http://snomed.info/sct"/>
            <code value="871719005"/>
            <display value="Vaccine product containing only Tick-borne encephalitis virus antigen (medicinal product)"/>
          </contains>
          <contains>
            <system value="http://snomed.info/sct"/>
            <code value="836403007"/>
            <display value="Vaccine product containing Tick-borne encephalitis virus antigen (medicinal product)"/>
          </contains>
        </expansion>
      </ValueSet>
    </resource>
  </entry>
  <entry>
    <fullUrl value="http://fhir.org/guides/who/smart-immunization/ValueSet/Negativetestresult-values"/>
    <resource>
      <ValueSet>
        <id value="Negativetestresult-values"/>
        <text>
          <status value="generated"/>
          <div xmlns="http://www.w3.org/1999/xhtml">
            <p>This value set contains 1 concepts</p>
            <p style="border: black 1px dotted; background-color: #EEEEEE; padding: 8px; margin-bottom: 8px">Expansion based on SNOMED CT International edition 31-Jul 2022</p>
            <table class="codes">
              <tr>
                <td style="white-space:nowrap">
                  <b>Code</b>
                </td>
                <td>
                  <b>System</b>
                </td>
                <td>
                  <b>Display</b>
                </td>
              </tr>
              <tr>
                <td style="white-space:nowrap">
                  <a name="http---snomed.info-sct-260385009"> </a>  
                  <a href="http://snomed.info/id/260385009">260385009</a>
                </td>
                <td>http://snomed.info/sct</td>
                <td>Negative (qualifier value)</td>
              </tr>
            </table>
          </div>
        </text>
        <url value="http://fhir.org/guides/who/smart-immunization/ValueSet/Negativetestresult-values"/>
        <version value="0.1.0"/>
        <name value="Negativetestresultvalues"/>
        <title value="Negative Test Results"/>
        <status value="draft"/>
        <experimental value="false"/>
        <date value="2023-03-31T14:38:57+00:00"/>
        <publisher value="World Health Organization (WHO)"/>
        <description value="Codes representing negative test result values"/>
        <jurisdiction>
          <coding>
            <system value="http://unstats.un.org/unsd/methods/m49/m49.htm"/>
            <code value="001"/>
          </coding>
        </jurisdiction>
        <immutable value="true"/>
        <expansion>
          <identifier value="urn:uuid:e81abc0e-0477-4926-b981-292801333142"/>
          <timestamp value="2023-03-31T14:40:10+00:00"/>
          <total value="1"/>
          <parameter>
            <name value="excludeNested"/>
            <valueBoolean value="false"/>
          </parameter>
          <parameter>
            <name value="limitedExpansion"/>
            <valueBoolean value="true"/>
          </parameter>
          <parameter>
            <name value="version"/>
            <valueUri value="http://snomed.info/sct|http://snomed.info/sct/900000000000207008/version/20220731"/>
          </parameter>
          <contains>
            <system value="http://snomed.info/sct"/>
            <code value="260385009"/>
            <display value="Negative (qualifier value)"/>
          </contains>
        </expansion>
      </ValueSet>
    </resource>
  </entry>
  <entry>
    <fullUrl value="http://fhir.org/guides/who/smart-immunization/ValueSet/SickleCell-values"/>
    <resource>
      <ValueSet>
        <id value="SickleCell-values"/>
        <text>
          <status value="generated"/>
          <div xmlns="http://www.w3.org/1999/xhtml">
            <p>This value set contains 1 concepts</p>
            <p style="border: black 1px dotted; background-color: #EEEEEE; padding: 8px; margin-bottom: 8px">Expansion based on SNOMED CT International edition 31-Jul 2022</p>
            <table class="codes">
              <tr>
                <td style="white-space:nowrap">
                  <b>Code</b>
                </td>
                <td>
                  <b>System</b>
                </td>
                <td>
                  <b>Display</b>
                </td>
              </tr>
              <tr>
                <td style="white-space:nowrap">
                  <a name="http---snomed.info-sct-127040003"> </a>  
                  <a href="http://snomed.info/id/127040003">127040003</a>
                </td>
                <td>http://snomed.info/sct</td>
                <td>Sickle cell-hemoglobin SS disease (disorder)</td>
              </tr>
            </table>
          </div>
        </text>
        <url value="http://fhir.org/guides/who/smart-immunization/ValueSet/SickleCell-values"/>
        <version value="0.1.0"/>
        <name value="SickleCellvalues"/>
        <title value="Sickle Cell valuest"/>
        <status value="draft"/>
        <experimental value="false"/>
        <date value="2023-03-31T14:38:57+00:00"/>
        <publisher value="World Health Organization (WHO)"/>
        <description value="Codes representing Sickle Cell values"/>
        <jurisdiction>
          <coding>
            <system value="http://unstats.un.org/unsd/methods/m49/m49.htm"/>
            <code value="001"/>
          </coding>
        </jurisdiction>
        <immutable value="true"/>
        <expansion>
          <identifier value="urn:uuid:3fdc9564-58b1-4c5f-b1d2-049d5c1bf97b"/>
          <timestamp value="2023-03-31T14:40:11+00:00"/>
          <total value="1"/>
          <parameter>
            <name value="excludeNested"/>
            <valueBoolean value="false"/>
          </parameter>
          <parameter>
            <name value="limitedExpansion"/>
            <valueBoolean value="true"/>
          </parameter>
          <parameter>
            <name value="version"/>
            <valueUri value="http://snomed.info/sct|http://snomed.info/sct/900000000000207008/version/20220731"/>
          </parameter>
          <contains>
            <system value="http://snomed.info/sct"/>
            <code value="127040003"/>
            <display value="Sickle cell-hemoglobin SS disease (disorder)"/>
          </contains>
        </expansion>
      </ValueSet>
    </resource>
  </entry>
  <entry>
    <fullUrl value="http://fhir.org/guides/who/smart-immunization/ValueSet/IGRATestResult-values"/>
    <resource>
      <ValueSet>
        <id value="IGRATestResult-values"/>
        <text>
          <status value="generated"/>
          <div xmlns="http://www.w3.org/1999/xhtml">
            <p>This value set contains 1 concepts</p>
            <p style="border: black 1px dotted; background-color: #EEEEEE; padding: 8px; margin-bottom: 8px">Expansion based on SNOMED CT International edition 31-Jul 2022</p>
            <table class="codes">
              <tr>
                <td style="white-space:nowrap">
                  <b>Code</b>
                </td>
                <td>
                  <b>System</b>
                </td>
                <td>
                  <b>Display</b>
                </td>
              </tr>
              <tr>
                <td style="white-space:nowrap">
                  <a name="http---snomed.info-sct-35140007"> </a>  
                  <a href="http://snomed.info/id/35140007">35140007</a>
                </td>
                <td>http://snomed.info/sct</td>
                <td>Interferon gamma assay (procedure)</td>
              </tr>
            </table>
          </div>
        </text>
        <url value="http://fhir.org/guides/who/smart-immunization/ValueSet/IGRATestResult-values"/>
        <version value="0.1.0"/>
        <name value="IGRATestResultvalues"/>
        <title value="IGRA Test Result values"/>
        <status value="draft"/>
        <experimental value="false"/>
        <date value="2023-03-31T14:38:57+00:00"/>
        <publisher value="World Health Organization (WHO)"/>
        <description value="Codes representing IGRA Test Result values"/>
        <jurisdiction>
          <coding>
            <system value="http://unstats.un.org/unsd/methods/m49/m49.htm"/>
            <code value="001"/>
          </coding>
        </jurisdiction>
        <immutable value="true"/>
        <expansion>
          <identifier value="urn:uuid:ab9254ad-9da6-493a-8932-2a183f22d6de"/>
          <timestamp value="2023-03-31T14:40:19+00:00"/>
          <total value="1"/>
          <parameter>
            <name value="excludeNested"/>
            <valueBoolean value="false"/>
          </parameter>
          <parameter>
            <name value="limitedExpansion"/>
            <valueBoolean value="true"/>
          </parameter>
          <parameter>
            <name value="version"/>
            <valueUri value="http://snomed.info/sct|http://snomed.info/sct/900000000000207008/version/20220731"/>
          </parameter>
          <contains>
            <system value="http://snomed.info/sct"/>
            <code value="35140007"/>
            <display value="Interferon gamma assay (procedure)"/>
          </contains>
        </expansion>
      </ValueSet>
    </resource>
  </entry>
  <entry>
    <fullUrl value="http://fhir.org/guides/who/smart-immunization/ValueSet/Birthweight-values"/>
    <resource>
      <ValueSet>
        <id value="Birthweight-values"/>
        <text>
          <status value="generated"/>
          <div xmlns="http://www.w3.org/1999/xhtml">
            <p>This value set contains 3 concepts</p>
            <div style="border: black 1px dotted; background-color: #EEEEEE; padding: 8px; margin-bottom: 8px">
              <p>Expansion based on: </p>
              <ul>
                <li>Loinc v2.73</li>
                <li>SNOMED CT International edition 31-Jul 2022</li>
              </ul>
            </div>
            <table class="codes">
              <tr>
                <td style="white-space:nowrap">
                  <b>Code</b>
                </td>
                <td>
                  <b>System</b>
                </td>
                <td>
                  <b>Display</b>
                </td>
              </tr>
              <tr>
                <td style="white-space:nowrap">
                  <a name="http---snomed.info-sct-276610007"> </a>  
                  <a href="http://snomed.info/id/276610007">276610007</a>
                </td>
                <td>http://snomed.info/sct</td>
                <td>Birthweight</td>
              </tr>
              <tr>
                <td style="white-space:nowrap">
                  <a name="http---loinc.org-8339-4"> </a>  
                  <a href="https://loinc.org/8339-4/">8339-4</a>
                </td>
                <td>http://loinc.org</td>
                <td>Birth weight Measured</td>
              </tr>
              <tr>
                <td style="white-space:nowrap">
                  <a name="http---loinc.org-56056-5"> </a>  
                  <a href="https://loinc.org/56056-5/">56056-5</a>
                </td>
                <td>http://loinc.org</td>
                <td>Birth weight - Reported</td>
              </tr>
            </table>
          </div>
        </text>
        <url value="http://fhir.org/guides/who/smart-immunization/ValueSet/Birthweight-values"/>
        <version value="0.1.0"/>
        <name value="Birthweightvalues"/>
        <title value="Birthweight valueset"/>
        <status value="draft"/>
        <experimental value="false"/>
        <date value="2023-03-31T14:38:57+00:00"/>
        <publisher value="World Health Organization (WHO)"/>
        <description value="Codes representing Birthweight values"/>
        <jurisdiction>
          <coding>
            <system value="http://unstats.un.org/unsd/methods/m49/m49.htm"/>
            <code value="001"/>
          </coding>
        </jurisdiction>
        <immutable value="true"/>
        <expansion>
          <identifier value="urn:uuid:213f7ca9-3678-4266-b3e6-d764cd1161bd"/>
          <timestamp value="2023-03-31T14:40:20+00:00"/>
          <total value="3"/>
          <parameter>
            <name value="excludeNested"/>
            <valueBoolean value="false"/>
          </parameter>
          <parameter>
            <name value="limitedExpansion"/>
            <valueBoolean value="true"/>
          </parameter>
          <parameter>
            <name value="version"/>
            <valueUri value="http://snomed.info/sct|http://snomed.info/sct/900000000000207008/version/20220731"/>
          </parameter>
          <parameter>
            <name value="excludeNested"/>
            <valueBoolean value="true"/>
          </parameter>
          <parameter>
            <name value="version"/>
            <valueUri value="http://loinc.org|2.73"/>
          </parameter>
          <contains>
            <system value="http://snomed.info/sct"/>
            <code value="276610007"/>
            <display value="Birthweight"/>
          </contains>
          <contains>
            <system value="http://loinc.org"/>
            <code value="8339-4"/>
            <display value="Birth weight Measured"/>
          </contains>
          <contains>
            <system value="http://loinc.org"/>
            <code value="56056-5"/>
            <display value="Birth weight - Reported"/>
          </contains>
        </expansion>
      </ValueSet>
    </resource>
  </entry>
  <entry>
    <fullUrl value="http://fhir.org/guides/who/smart-immunization/ValueSet/EncepurClassTBEVaccine-values"/>
    <resource>
      <ValueSet>
        <id value="EncepurClassTBEVaccine-values"/>
        <text>
          <status value="generated"/>
          <div xmlns="http://www.w3.org/1999/xhtml">
            <p>This value set contains 2 concepts</p>
            <p style="border: black 1px dotted; background-color: #EEEEEE; padding: 8px; margin-bottom: 8px">Expansion based on SNOMED CT International edition 31-Jul 2022</p>
            <table class="codes">
              <tr>
                <td style="white-space:nowrap">
                  <b>Code</b>
                </td>
                <td>
                  <b>System</b>
                </td>
                <td>
                  <b>Display</b>
                </td>
              </tr>
              <tr>
                <td style="white-space:nowrap">
                  <a name="http---snomed.info-sct-871719005"> </a>  
                  <a href="http://snomed.info/id/871719005">871719005</a>
                </td>
                <td>http://snomed.info/sct</td>
                <td>Vaccine product containing only Tick-borne encephalitis virus antigen (medicinal product)</td>
              </tr>
              <tr>
                <td style="white-space:nowrap">
                  <a name="http---snomed.info-sct-836403007"> </a>  
                  <a href="http://snomed.info/id/836403007">836403007</a>
                </td>
                <td>http://snomed.info/sct</td>
                <td>Vaccine product containing Tick-borne encephalitis virus antigen (medicinal product)</td>
              </tr>
            </table>
          </div>
        </text>
        <url value="http://fhir.org/guides/who/smart-immunization/ValueSet/EncepurClassTBEVaccine-values"/>
        <version value="0.1.0"/>
        <name value="EncepurClassTBEVaccinevalues"/>
        <title value="Encepur Class TBE Vaccine values"/>
        <status value="draft"/>
        <experimental value="false"/>
        <date value="2023-03-31T14:38:57+00:00"/>
        <publisher value="World Health Organization (WHO)"/>
        <description value="Codes representing Encepur Class TBE Vaccine values"/>
        <jurisdiction>
          <coding>
            <system value="http://unstats.un.org/unsd/methods/m49/m49.htm"/>
            <code value="001"/>
          </coding>
        </jurisdiction>
        <immutable value="true"/>
        <expansion>
          <identifier value="urn:uuid:ae06c514-7d18-42ec-a4a2-a57f487bf181"/>
          <timestamp value="2023-03-31T14:40:25+00:00"/>
          <total value="2"/>
          <parameter>
            <name value="excludeNested"/>
            <valueBoolean value="false"/>
          </parameter>
          <parameter>
            <name value="limitedExpansion"/>
            <valueBoolean value="true"/>
          </parameter>
          <parameter>
            <name value="version"/>
            <valueUri value="http://snomed.info/sct|http://snomed.info/sct/900000000000207008/version/20220731"/>
          </parameter>
          <contains>
            <system value="http://snomed.info/sct"/>
            <code value="871719005"/>
            <display value="Vaccine product containing only Tick-borne encephalitis virus antigen (medicinal product)"/>
          </contains>
          <contains>
            <system value="http://snomed.info/sct"/>
            <code value="836403007"/>
            <display value="Vaccine product containing Tick-borne encephalitis virus antigen (medicinal product)"/>
          </contains>
        </expansion>
      </ValueSet>
    </resource>
  </entry>
  <entry>
    <fullUrl value="http://fhir.org/guides/who/smart-immunization/ValueSet/Seronegative-values"/>
    <resource>
      <ValueSet>
        <id value="Seronegative-values"/>
        <text>
          <status value="generated"/>
          <div xmlns="http://www.w3.org/1999/xhtml">
            <p>This value set contains 1 concepts</p>
            <p style="border: black 1px dotted; background-color: #EEEEEE; padding: 8px; margin-bottom: 8px">Expansion based on SNOMED CT International edition 31-Jul 2022</p>
            <table class="codes">
              <tr>
                <td style="white-space:nowrap">
                  <b>Code</b>
                </td>
                <td>
                  <b>System</b>
                </td>
                <td>
                  <b>Display</b>
                </td>
              </tr>
              <tr>
                <td style="white-space:nowrap">
                  <a name="http---snomed.info-sct-81321002"> </a>  
                  <a href="http://snomed.info/id/81321002">81321002</a>
                </td>
                <td>http://snomed.info/sct</td>
                <td>Seronegative (qualifier value)</td>
              </tr>
            </table>
          </div>
        </text>
        <url value="http://fhir.org/guides/who/smart-immunization/ValueSet/Seronegative-values"/>
        <version value="0.1.0"/>
        <name value="Seronegativevalues"/>
        <title value="Seronegative valuest"/>
        <status value="draft"/>
        <experimental value="false"/>
        <date value="2023-03-31T14:38:57+00:00"/>
        <publisher value="World Health Organization (WHO)"/>
        <description value="Codes representing Seronegative values"/>
        <jurisdiction>
          <coding>
            <system value="http://unstats.un.org/unsd/methods/m49/m49.htm"/>
            <code value="001"/>
          </coding>
        </jurisdiction>
        <immutable value="true"/>
        <expansion>
          <identifier value="urn:uuid:a91be0e3-2fcd-4ab8-874a-1e3daa558925"/>
          <timestamp value="2023-03-31T14:40:25+00:00"/>
          <total value="1"/>
          <parameter>
            <name value="excludeNested"/>
            <valueBoolean value="false"/>
          </parameter>
          <parameter>
            <name value="limitedExpansion"/>
            <valueBoolean value="true"/>
          </parameter>
          <parameter>
            <name value="version"/>
            <valueUri value="http://snomed.info/sct|http://snomed.info/sct/900000000000207008/version/20220731"/>
          </parameter>
          <contains>
            <system value="http://snomed.info/sct"/>
            <code value="81321002"/>
            <display value="Seronegative (qualifier value)"/>
          </contains>
        </expansion>
      </ValueSet>
    </resource>
  </entry>
  <entry>
    <fullUrl value="http://fhir.org/guides/who/smart-immunization/ValueSet/Preterm-values"/>
    <resource>
      <ValueSet>
        <id value="Preterm-values"/>
        <text>
          <status value="generated"/>
          <div xmlns="http://www.w3.org/1999/xhtml">
            <p>This value set contains 4 concepts</p>
            <div style="border: black 1px dotted; background-color: #EEEEEE; padding: 8px; margin-bottom: 8px">
              <p>Expansion based on: </p>
              <ul>
                <li>Loinc v2.73</li>
                <li>SNOMED CT International edition 31-Jul 2022</li>
              </ul>
            </div>
            <table class="codes">
              <tr>
                <td style="white-space:nowrap">
                  <b>Code</b>
                </td>
                <td>
                  <b>System</b>
                </td>
                <td>
                  <b>Display</b>
                </td>
              </tr>
              <tr>
                <td style="white-space:nowrap">
                  <a name="http---snomed.info-sct-367494004"> </a>  
                  <a href="http://snomed.info/id/367494004">367494004</a>
                </td>
                <td>http://snomed.info/sct</td>
                <td>Premature birth of newborn (finding)</td>
              </tr>
              <tr>
                <td style="white-space:nowrap">
                  <a name="http---snomed.info-sct-4886009"> </a>  
                  <a href="http://snomed.info/id/4886009">4886009</a>
                </td>
                <td>http://snomed.info/sct</td>
                <td>Premature birth of newborn male (finding)</td>
              </tr>
              <tr>
                <td style="white-space:nowrap">
                  <a name="http---snomed.info-sct-59403008"> </a>  
                  <a href="http://snomed.info/id/59403008">59403008</a>
                </td>
                <td>http://snomed.info/sct</td>
                <td>Premature birth of newborn female (finding)</td>
              </tr>
              <tr>
                <td style="white-space:nowrap">
                  <a name="http---loinc.org-76517-2"> </a>  
                  <a href="https://loinc.org/76517-2/">76517-2</a>
                </td>
                <td>http://loinc.org</td>
                <td>Premature infant</td>
              </tr>
            </table>
          </div>
        </text>
        <url value="http://fhir.org/guides/who/smart-immunization/ValueSet/Preterm-values"/>
        <version value="0.1.0"/>
        <name value="Pretermvalues"/>
        <title value="Preterm valueset"/>
        <status value="draft"/>
        <experimental value="false"/>
        <date value="2023-03-31T14:38:57+00:00"/>
        <publisher value="World Health Organization (WHO)"/>
        <description value="Codes representing Preterm values"/>
        <jurisdiction>
          <coding>
            <system value="http://unstats.un.org/unsd/methods/m49/m49.htm"/>
            <code value="001"/>
          </coding>
        </jurisdiction>
        <immutable value="true"/>
        <expansion>
          <identifier value="urn:uuid:fe331fd6-d353-4f01-898e-04c9992b53e3"/>
          <timestamp value="2023-03-31T14:40:28+00:00"/>
          <total value="4"/>
          <parameter>
            <name value="excludeNested"/>
            <valueBoolean value="false"/>
          </parameter>
          <parameter>
            <name value="limitedExpansion"/>
            <valueBoolean value="true"/>
          </parameter>
          <parameter>
            <name value="version"/>
            <valueUri value="http://snomed.info/sct|http://snomed.info/sct/900000000000207008/version/20220731"/>
          </parameter>
          <parameter>
            <name value="excludeNested"/>
            <valueBoolean value="true"/>
          </parameter>
          <parameter>
            <name value="version"/>
            <valueUri value="http://loinc.org|2.73"/>
          </parameter>
          <contains>
            <system value="http://snomed.info/sct"/>
            <code value="367494004"/>
            <display value="Premature birth of newborn (finding)"/>
          </contains>
          <contains>
            <system value="http://snomed.info/sct"/>
            <code value="4886009"/>
            <display value="Premature birth of newborn male (finding)"/>
          </contains>
          <contains>
            <system value="http://snomed.info/sct"/>
            <code value="59403008"/>
            <display value="Premature birth of newborn female (finding)"/>
          </contains>
          <contains>
            <system value="http://loinc.org"/>
            <code value="76517-2"/>
            <display value="Premature infant"/>
          </contains>
        </expansion>
      </ValueSet>
    </resource>
  </entry>
  <entry>
    <fullUrl value="http://fhir.org/guides/who/smart-immunization/ValueSet/PositiveTestResult-values"/>
    <resource>
      <ValueSet>
        <id value="PositiveTestResult-values"/>
        <text>
          <status value="generated"/>
          <div xmlns="http://www.w3.org/1999/xhtml">
            <p>This value set contains 1 concepts</p>
            <p style="border: black 1px dotted; background-color: #EEEEEE; padding: 8px; margin-bottom: 8px">Expansion based on SNOMED CT International edition 31-Jul 2022</p>
            <table class="codes">
              <tr>
                <td style="white-space:nowrap">
                  <b>Code</b>
                </td>
                <td>
                  <b>System</b>
                </td>
                <td>
                  <b>Display</b>
                </td>
              </tr>
              <tr>
                <td style="white-space:nowrap">
                  <a name="http---snomed.info-sct-10828004"> </a>  
                  <a href="http://snomed.info/id/10828004">10828004</a>
                </td>
                <td>http://snomed.info/sct</td>
                <td>Positive (qualifier value)</td>
              </tr>
            </table>
          </div>
        </text>
        <url value="http://fhir.org/guides/who/smart-immunization/ValueSet/PositiveTestResult-values"/>
        <version value="0.1.0"/>
        <name value="PositiveTestResultvalues"/>
        <title value="Positive Test Result valuest"/>
        <status value="draft"/>
        <experimental value="false"/>
        <date value="2023-03-31T14:38:57+00:00"/>
        <publisher value="World Health Organization (WHO)"/>
        <description value="Codes representing Positive Test Result values"/>
        <jurisdiction>
          <coding>
            <system value="http://unstats.un.org/unsd/methods/m49/m49.htm"/>
            <code value="001"/>
          </coding>
        </jurisdiction>
        <immutable value="true"/>
        <expansion>
          <identifier value="urn:uuid:2bb357d0-04f2-48be-8864-c464d612ac40"/>
          <timestamp value="2023-03-31T14:40:32+00:00"/>
          <total value="1"/>
          <parameter>
            <name value="excludeNested"/>
            <valueBoolean value="false"/>
          </parameter>
          <parameter>
            <name value="limitedExpansion"/>
            <valueBoolean value="true"/>
          </parameter>
          <parameter>
            <name value="version"/>
            <valueUri value="http://snomed.info/sct|http://snomed.info/sct/900000000000207008/version/20220731"/>
          </parameter>
          <contains>
            <system value="http://snomed.info/sct"/>
            <code value="10828004"/>
            <display value="Positive (qualifier value)"/>
          </contains>
        </expansion>
      </ValueSet>
    </resource>
  </entry>
</Bundle>