<?xml version="1.0" encoding="UTF-8"?>

<PlanDefinition xmlns="http://hl7.org/fhir">
  <id value="IMMZ.DT.08.Measles"/>
  <text>
    <status value="generated"/><div xmlns="http://www.w3.org/1999/xhtml"><p><b>Generated Narrative: PlanDefinition</b><a name="IMMZ.DT.08.Measles"> </a></p><div style="display: inline-block; background-color: #d9e0e7; padding: 6px; margin: 4px; border: 1px solid #8da1b4; border-radius: 5px; line-height: 60%"><p style="margin-bottom: 0px">Resource PlanDefinition &quot;IMMZ.DT.08.Measles&quot; </p></div><p><b>url</b>: <code>http://fhir.org/guides/who/smart-immunization/PlanDefinition/IMMZ.DT.08.Measles</code></p><p><b>version</b>: 0.1.0</p><p><b>name</b>: IMMZ.DT.08.Measles</p><p><b>title</b>: IMMZ.DT.08.Measles</p><p><b>status</b>: draft</p><p><b>date</b>: 2023-03-31 14:40:29+0000</p><p><b>publisher</b>: World Health Organization (WHO)</p><p><b>description</b>: If the child or patient has not been given MCV1 (at 9 months) and MCV2 (between 15-18 months) vaccination</p><p><b>jurisdiction</b>: Global (Whole world) <span style="background: LightGoldenRodYellow; margin: 4px; border: 1px solid khaki"> (m49.htm#001)</span></p><p><b>library</b>: <a href="Library-IMMZDT08.html">IMMZDT08</a></p><blockquote><p><b>action</b></p><p><b>title</b>: Immunize patient for Measles - No doses</p><p><b>description</b>: Provide measles immunization supplimentary dose - Using the &quot;MCV0 Vaccine immunization - NO Previous&quot; schedule (supplimentary dose zero)</p><blockquote><p><b>condition</b></p><p><b>kind</b>: applicability</p><h3>Expressions</h3><table class="grid"><tr><td>-</td><td><b>Description</b></td><td><b>Language</b></td><td><b>Expression</b></td></tr><tr><td>*</td><td>&quot;Measles vaccine immunization history&quot; = &quot;No-doses&quot;</td><td>text/cql</td><td>Should vaccinate patient for measles (supplimentary) because no doses</td></tr></table></blockquote><blockquote><p><b>condition</b></p><p><b>kind</b>: applicability</p><h3>Expressions</h3><table class="grid"><tr><td>-</td><td><b>Description</b></td><td><b>Language</b></td><td><b>Expression</b></td></tr><tr><td>*</td><td>&quot;Current Patient Age in Months&quot; &gt; 6</td><td>text/cql</td><td>Should vaccinate patient for measles (supplimentary) because no doses</td></tr></table></blockquote><blockquote><p><b>condition</b></p><p><b>kind</b>: applicability</p><h3>Expressions</h3><table class="grid"><tr><td>-</td><td><b>Description</b></td><td><b>Language</b></td><td><b>Expression</b></td></tr><tr><td>*</td><td>&quot;HIV Status&quot; = &quot;Positive&quot;</td><td>text/cql</td><td>Should vaccinate patient for measles (supplimentary) because no doses</td></tr></table></blockquote><blockquote><p><b>condition</b></p><p><b>kind</b>: applicability</p><h3>Expressions</h3><table class="grid"><tr><td>-</td><td><b>Description</b></td><td><b>Language</b></td><td><b>Expression</b></td></tr><tr><td>*</td><td>&quot;Current Patient Age in Months&quot; &lt; 9</td><td>text/cql</td><td>Should vaccinate patient for measles (supplimentary) because no doses</td></tr></table></blockquote><blockquote><p><b>condition</b></p><p><b>kind</b>: applicability</p><h3>Expressions</h3><table class="grid"><tr><td>-</td><td><b>Description</b></td><td><b>Language</b></td><td><b>Expression</b></td></tr><tr><td>*</td><td>&quot;Patient is receiving HAART&quot; = FALSE</td><td>text/cql</td><td>Should vaccinate patient for measles (supplimentary) because no doses</td></tr></table></blockquote><p><b>definition</b>: <a href="ActivityDefinition-IMMZ.DT.08.Measles.01.html">IMMZ.DT.08.Measles.01</a></p></blockquote><blockquote><p><b>action</b></p><p><b>title</b>: Immunize patient for Measles - No doses</p><p><b>description</b>: Provide measles immunization 1st dose - Using the &quot;MCV1 Vaccine immunization - NO Previous&quot; schedule (2 doses scheme)</p><blockquote><p><b>condition</b></p><p><b>kind</b>: applicability</p><h3>Expressions</h3><table class="grid"><tr><td>-</td><td><b>Description</b></td><td><b>Language</b></td><td><b>Expression</b></td></tr><tr><td>*</td><td>&quot;Measles vaccine immunization history&quot; = &quot;No-doses&quot;</td><td>text/cql</td><td>Should vaccinate patient for measles because no doses in a 2 dose scheme</td></tr></table></blockquote><blockquote><p><b>condition</b></p><p><b>kind</b>: applicability</p><h3>Expressions</h3><table class="grid"><tr><td>-</td><td><b>Description</b></td><td><b>Language</b></td><td><b>Expression</b></td></tr><tr><td>*</td><td>&quot;Current Patient Age in Months&quot; &gt;= 9</td><td>text/cql</td><td>Should vaccinate patient for measles because no doses in a 2 dose scheme</td></tr></table></blockquote><blockquote><p><b>condition</b></p><p><b>kind</b>: applicability</p><h3>Expressions</h3><table class="grid"><tr><td>-</td><td><b>Description</b></td><td><b>Language</b></td><td><b>Expression</b></td></tr><tr><td>*</td><td>&quot;In a setting where there is high transmission of Measles&quot; = TRUE</td><td>text/cql</td><td>Should vaccinate patient for measles because no doses in a 2 dose scheme</td></tr></table></blockquote><blockquote><p><b>condition</b></p><p><b>kind</b>: applicability</p><h3>Expressions</h3><table class="grid"><tr><td>-</td><td><b>Description</b></td><td><b>Language</b></td><td><b>Expression</b></td></tr><tr><td>*</td><td>&quot;Pregnancy Status&quot; = FALSE</td><td>text/cql</td><td>Should vaccinate patient for measles because no doses in a 2 dose scheme</td></tr></table></blockquote><p><b>definition</b>: <a href="ActivityDefinition-IMMZ.DT.08.Measles.08.html">IMMZ.DT.08.Measles.08</a></p></blockquote><blockquote><p><b>action</b></p><p><b>title</b>: Immunize patient for Measles - 1 Dose</p><p><b>description</b>: Provide measles immunization 1st dose - Using the &quot;MCV2 Vaccine immunization - 1 Previous&quot; schedule (2 doses scheme)</p><blockquote><p><b>condition</b></p><p><b>kind</b>: applicability</p><h3>Expressions</h3><table class="grid"><tr><td>-</td><td><b>Description</b></td><td><b>Language</b></td><td><b>Expression</b></td></tr><tr><td>*</td><td>&quot;Measles vaccine immunization history&quot; = &quot;1 dose&quot;</td><td>text/cql</td><td>Should vaccinate patient for measles because 1 dose in a 2 dose scheme</td></tr></table></blockquote><blockquote><p><b>condition</b></p><p><b>kind</b>: applicability</p><h3>Expressions</h3><table class="grid"><tr><td>-</td><td><b>Description</b></td><td><b>Language</b></td><td><b>Expression</b></td></tr><tr><td>*</td><td>&quot;Current Patient Age in Months&quot; &gt;= 15</td><td>text/cql</td><td>Should vaccinate patient for measles because 1 dose in a 2 dose scheme</td></tr></table></blockquote><blockquote><p><b>condition</b></p><p><b>kind</b>: applicability</p><h3>Expressions</h3><table class="grid"><tr><td>-</td><td><b>Description</b></td><td><b>Language</b></td><td><b>Expression</b></td></tr><tr><td>*</td><td>&quot;Date last Measles dose given&quot; &gt;= &quot;4 weeks&quot;</td><td>text/cql</td><td>Should vaccinate patient for measles because 1 dose in a 2 dose scheme</td></tr></table></blockquote><blockquote><p><b>condition</b></p><p><b>kind</b>: applicability</p><h3>Expressions</h3><table class="grid"><tr><td>-</td><td><b>Description</b></td><td><b>Language</b></td><td><b>Expression</b></td></tr><tr><td>*</td><td>&quot;Pregnancy Status&quot; = FALSE</td><td>text/cql</td><td>Should vaccinate patient for measles because 1 dose in a 2 dose scheme</td></tr></table></blockquote><p><b>definition</b>: <a href="ActivityDefinition-IMMZ.DT.08.Measles.10.html">IMMZ.DT.08.Measles.10</a></p></blockquote><blockquote><p><b>action</b></p><p><b>title</b>: Immunize patient for Measles supplimentary</p><p><b>description</b>: Provide measles immunization supplimentary dose - Using the &quot;MCV Vaccine immunization&quot; schedule (additional supplimentary dose)</p><blockquote><p><b>condition</b></p><p><b>kind</b>: applicability</p><h3>Expressions</h3><table class="grid"><tr><td>-</td><td><b>Description</b></td><td><b>Language</b></td><td><b>Expression</b></td></tr><tr><td>*</td><td>&quot;HIV Status&quot; = &quot;Positive&quot;</td><td>text/cql</td><td>Should vaccinate patient for measles supplimentary dose because HIV positive and started HAART</td></tr></table></blockquote><blockquote><p><b>condition</b></p><p><b>kind</b>: applicability</p><h3>Expressions</h3><table class="grid"><tr><td>-</td><td><b>Description</b></td><td><b>Language</b></td><td><b>Expression</b></td></tr><tr><td>*</td><td>&quot;Patient is receiving HAART&quot; = TRUE</td><td>text/cql</td><td>Should vaccinate patient for measles supplimentary dose because HIV positive and started HAART</td></tr></table></blockquote><blockquote><p><b>condition</b></p><p><b>kind</b>: applicability</p><h3>Expressions</h3><table class="grid"><tr><td>-</td><td><b>Description</b></td><td><b>Language</b></td><td><b>Expression</b></td></tr><tr><td>*</td><td>&quot;Immune reconstitution was achieved&quot; = TRUE</td><td>text/cql</td><td>Should vaccinate patient for measles supplimentary dose because HIV positive and started HAART</td></tr></table></blockquote><blockquote><p><b>condition</b></p><p><b>kind</b>: applicability</p><h3>Expressions</h3><table class="grid"><tr><td>-</td><td><b>Description</b></td><td><b>Language</b></td><td><b>Expression</b></td></tr><tr><td>*</td><td>&quot;Pregnancy Status&quot; = FALSE</td><td>text/cql</td><td>Should vaccinate patient for measles supplimentary dose because HIV positive and started HAART</td></tr></table></blockquote><p><b>definition</b>: <a href="ActivityDefinition-IMMZ.DT.08.Measles.11.html">IMMZ.DT.08.Measles.11</a></p></blockquote></div>
  </text>
  <url value="http://fhir.org/guides/who/smart-immunization/PlanDefinition/IMMZ.DT.08.Measles"/>
  <version value="0.1.0"/>
  <name value="IMMZ.DT.08.Measles"/>
  <title value="IMMZ.DT.08.Measles"/>
  <status value="draft"/>
  <date value="2023-03-31T14:40:29+00:00"/>
  <publisher value="World Health Organization (WHO)"/>
  <description value="If the child or patient has not been given MCV1 (at 9 months) and MCV2 (between 15-18 months) vaccination"/>
  <jurisdiction>
    <coding>
      <system value="http://unstats.un.org/unsd/methods/m49/m49.htm"/>
      <code value="001"/>
    </coding>
  </jurisdiction>
  <library value="http://fhir.org/guides/who/smart-immunization/Library/IMMZDT08"/>
  <action>
    <title value="Immunize patient for Measles - No doses"/>
    <description value="Provide measles immunization supplimentary dose - Using the &quot;MCV0 Vaccine immunization - NO Previous&quot; schedule (supplimentary dose zero)"/>
    <condition>
      <kind value="applicability"/>
      <expression>
        <description value="&quot;Measles vaccine immunization history&quot; = &quot;No-doses&quot;"/>
        <language value="text/cql"/>
        <expression value="Should vaccinate patient for measles (supplimentary) because no doses"/>
      </expression>
    </condition>
    <condition>
      <kind value="applicability"/>
      <expression>
        <description value="&quot;Current Patient Age in Months&quot; &gt; 6"/>
        <language value="text/cql"/>
        <expression value="Should vaccinate patient for measles (supplimentary) because no doses"/>
      </expression>
    </condition>
    <condition>
      <kind value="applicability"/>
      <expression>
        <description value="&quot;HIV Status&quot; = &quot;Positive&quot;"/>
        <language value="text/cql"/>
        <expression value="Should vaccinate patient for measles (supplimentary) because no doses"/>
      </expression>
    </condition>
    <condition>
      <kind value="applicability"/>
      <expression>
        <description value="&quot;Current Patient Age in Months&quot; &lt; 9"/>
        <language value="text/cql"/>
        <expression value="Should vaccinate patient for measles (supplimentary) because no doses"/>
      </expression>
    </condition>
    <condition>
      <kind value="applicability"/>
      <expression>
        <description value="&quot;Patient is receiving HAART&quot; = FALSE"/>
        <language value="text/cql"/>
        <expression value="Should vaccinate patient for measles (supplimentary) because no doses"/>
      </expression>
    </condition>
    <definitionCanonical value="http://fhir.org/guides/who/smart-immunization/ActivityDefinition/IMMZ.DT.08.Measles.01"/>
  </action>
  <action>
    <title value="Immunize patient for Measles - No doses"/>
    <description value="Provide measles immunization 1st dose - Using the &quot;MCV1 Vaccine immunization - NO Previous&quot; schedule (2 doses scheme)"/>
    <condition>
      <kind value="applicability"/>
      <expression>
        <description value="&quot;Measles vaccine immunization history&quot; = &quot;No-doses&quot;"/>
        <language value="text/cql"/>
        <expression value="Should vaccinate patient for measles because no doses in a 2 dose scheme"/>
      </expression>
    </condition>
    <condition>
      <kind value="applicability"/>
      <expression>
        <description value="&quot;Current Patient Age in Months&quot; &gt;= 9"/>
        <language value="text/cql"/>
        <expression value="Should vaccinate patient for measles because no doses in a 2 dose scheme"/>
      </expression>
    </condition>
    <condition>
      <kind value="applicability"/>
      <expression>
        <description value="&quot;In a setting where there is high transmission of Measles&quot; = TRUE"/>
        <language value="text/cql"/>
        <expression value="Should vaccinate patient for measles because no doses in a 2 dose scheme"/>
      </expression>
    </condition>
    <condition>
      <kind value="applicability"/>
      <expression>
        <description value="&quot;Pregnancy Status&quot; = FALSE"/>
        <language value="text/cql"/>
        <expression value="Should vaccinate patient for measles because no doses in a 2 dose scheme"/>
      </expression>
    </condition>
    <definitionCanonical value="http://fhir.org/guides/who/smart-immunization/ActivityDefinition/IMMZ.DT.08.Measles.08"/>
  </action>
  <action>
    <title value="Immunize patient for Measles - 1 Dose"/>
    <description value="Provide measles immunization 1st dose - Using the &quot;MCV2 Vaccine immunization - 1 Previous&quot; schedule (2 doses scheme)"/>
    <condition>
      <kind value="applicability"/>
      <expression>
        <description value="&quot;Measles vaccine immunization history&quot; = &quot;1 dose&quot;"/>
        <language value="text/cql"/>
        <expression value="Should vaccinate patient for measles because 1 dose in a 2 dose scheme"/>
      </expression>
    </condition>
    <condition>
      <kind value="applicability"/>
      <expression>
        <description value="&quot;Current Patient Age in Months&quot; &gt;= 15"/>
        <language value="text/cql"/>
        <expression value="Should vaccinate patient for measles because 1 dose in a 2 dose scheme"/>
      </expression>
    </condition>
    <condition>
      <kind value="applicability"/>
      <expression>
        <description value="&quot;Date last Measles dose given&quot; &gt;= &quot;4 weeks&quot;"/>
        <language value="text/cql"/>
        <expression value="Should vaccinate patient for measles because 1 dose in a 2 dose scheme"/>
      </expression>
    </condition>
    <condition>
      <kind value="applicability"/>
      <expression>
        <description value="&quot;Pregnancy Status&quot; = FALSE"/>
        <language value="text/cql"/>
        <expression value="Should vaccinate patient for measles because 1 dose in a 2 dose scheme"/>
      </expression>
    </condition>
    <definitionCanonical value="http://fhir.org/guides/who/smart-immunization/ActivityDefinition/IMMZ.DT.08.Measles.10"/>
  </action>
  <action>
    <title value="Immunize patient for Measles supplimentary"/>
    <description value="Provide measles immunization supplimentary dose - Using the &quot;MCV Vaccine immunization&quot; schedule (additional supplimentary dose)"/>
    <condition>
      <kind value="applicability"/>
      <expression>
        <description value="&quot;HIV Status&quot; = &quot;Positive&quot;"/>
        <language value="text/cql"/>
        <expression value="Should vaccinate patient for measles supplimentary dose because HIV positive and started HAART"/>
      </expression>
    </condition>
    <condition>
      <kind value="applicability"/>
      <expression>
        <description value="&quot;Patient is receiving HAART&quot; = TRUE"/>
        <language value="text/cql"/>
        <expression value="Should vaccinate patient for measles supplimentary dose because HIV positive and started HAART"/>
      </expression>
    </condition>
    <condition>
      <kind value="applicability"/>
      <expression>
        <description value="&quot;Immune reconstitution was achieved&quot; = TRUE"/>
        <language value="text/cql"/>
        <expression value="Should vaccinate patient for measles supplimentary dose because HIV positive and started HAART"/>
      </expression>
    </condition>
    <condition>
      <kind value="applicability"/>
      <expression>
        <description value="&quot;Pregnancy Status&quot; = FALSE"/>
        <language value="text/cql"/>
        <expression value="Should vaccinate patient for measles supplimentary dose because HIV positive and started HAART"/>
      </expression>
    </condition>
    <definitionCanonical value="http://fhir.org/guides/who/smart-immunization/ActivityDefinition/IMMZ.DT.08.Measles.11"/>
  </action>
</PlanDefinition>