<?xml version="1.0" encoding="UTF-8"?>

<PlanDefinition xmlns="http://hl7.org/fhir">
  <id value="IMMZ.DT.22.Varicella"/>
  <text>
    <status value="generated"/><div xmlns="http://www.w3.org/1999/xhtml"><p><b>Generated Narrative: PlanDefinition</b><a name="IMMZ.DT.22.Varicella"> </a></p><div style="display: inline-block; background-color: #d9e0e7; padding: 6px; margin: 4px; border: 1px solid #8da1b4; border-radius: 5px; line-height: 60%"><p style="margin-bottom: 0px">Resource PlanDefinition &quot;IMMZ.DT.22.Varicella&quot; </p></div><p><b>url</b>: <code>http://fhir.org/guides/who/smart-immunization/PlanDefinition/IMMZ.DT.22.Varicella</code></p><p><b>version</b>: 0.1.0</p><p><b>name</b>: IMMZ.DT.22.Varicella</p><p><b>title</b>: IMMZ.DT.22.Varicella</p><p><b>status</b>: draft</p><p><b>date</b>: 2023-03-31 14:40:29+0000</p><p><b>publisher</b>: World Health Organization (WHO)</p><p><b>description</b>: If child or person has not been vaccinated against Varicella</p><p><b>jurisdiction</b>: Global (Whole world) <span style="background: LightGoldenRodYellow; margin: 4px; border: 1px solid khaki"> (m49.htm#001)</span></p><p><b>library</b>: <a href="Library-IMMZDT22.html">IMMZDT22</a></p><blockquote><p><b>action</b></p><p><b>title</b>: Immunize Patient for Varicella- No Doses</p><p><b>description</b>: Provide Varicella immunizations – using the &quot;Varicella vaccine immunization – NO PREVIOUS&quot; schedule (2 dose scheme)</p><blockquote><p><b>condition</b></p><p><b>kind</b>: applicability</p><h3>Expressions</h3><table class="grid"><tr><td>-</td><td><b>Description</b></td><td><b>Language</b></td><td><b>Expression</b></td></tr><tr><td>*</td><td>&quot;Varicella vaccine immunization history&quot; = &quot;No-doses&quot;</td><td>text/cql</td><td>Should vaccinate patient with Varicella vaccine because no doses in a 2 dose scheme</td></tr></table></blockquote><blockquote><p><b>condition</b></p><p><b>kind</b>: applicability</p><h3>Expressions</h3><table class="grid"><tr><td>-</td><td><b>Description</b></td><td><b>Language</b></td><td><b>Expression</b></td></tr><tr><td>*</td><td>&quot;Current Patient Age in Months&quot; &gt;= 12</td><td>text/cql</td><td>Should vaccinate patient with Varicella vaccine because no doses in a 2 dose scheme</td></tr></table></blockquote><blockquote><p><b>condition</b></p><p><b>kind</b>: applicability</p><h3>Expressions</h3><table class="grid"><tr><td>-</td><td><b>Description</b></td><td><b>Language</b></td><td><b>Expression</b></td></tr><tr><td>*</td><td>&quot;Pregnancy Status&quot; = FALSE</td><td>text/cql</td><td>Should vaccinate patient with Varicella vaccine because no doses in a 2 dose scheme</td></tr></table></blockquote><blockquote><p><b>condition</b></p><p><b>kind</b>: applicability</p><h3>Expressions</h3><table class="grid"><tr><td>-</td><td><b>Description</b></td><td><b>Language</b></td><td><b>Expression</b></td></tr><tr><td>*</td><td>&quot;Country recognizes Varicella an important public health burden&quot; = TRUE</td><td>text/cql</td><td>Should vaccinate patient with Varicella vaccine because no doses in a 2 dose scheme</td></tr></table></blockquote><p><b>definition</b>: <a href="ActivityDefinition-IMMZ.DT.22.Varicella.01.html">IMMZ.DT.22.Varicella.01</a></p></blockquote><blockquote><p><b>action</b></p><p><b>title</b>: Immunize Patient for Varicella -  1st dose given between 4 weeks and 3 months ago</p><p><b>description</b>: Provide Varicella immunizations – using the &quot;Varicella vaccine immunization – 1 PREVIOUS&quot; schedule (2 dose scheme)</p><blockquote><p><b>condition</b></p><p><b>kind</b>: applicability</p><h3>Expressions</h3><table class="grid"><tr><td>-</td><td><b>Description</b></td><td><b>Language</b></td><td><b>Expression</b></td></tr><tr><td>*</td><td>&quot;Varicella vaccine immunization history&quot; = &quot;1 dose&quot;</td><td>text/cql</td><td>Should vaccinate patient with Varicella vaccine because 1 dose given 4 weeks ago in a 2 dose scheme</td></tr></table></blockquote><blockquote><p><b>condition</b></p><p><b>kind</b>: applicability</p><h3>Expressions</h3><table class="grid"><tr><td>-</td><td><b>Description</b></td><td><b>Language</b></td><td><b>Expression</b></td></tr><tr><td>*</td><td>&quot;Date last Varicella dose given&quot; &gt;= &quot;4 weeks&quot;</td><td>text/cql</td><td>Should vaccinate patient with Varicella vaccine because 1 dose given 4 weeks ago in a 2 dose scheme</td></tr></table></blockquote><blockquote><p><b>condition</b></p><p><b>kind</b>: applicability</p><h3>Expressions</h3><table class="grid"><tr><td>-</td><td><b>Description</b></td><td><b>Language</b></td><td><b>Expression</b></td></tr><tr><td>*</td><td>&quot;Pregnancy Status&quot; = FALSE</td><td>text/cql</td><td>Should vaccinate patient with Varicella vaccine because 1 dose given 4 weeks ago in a 2 dose scheme</td></tr></table></blockquote><p><b>definition</b>: <a href="ActivityDefinition-IMMZ.DT.22.Varicella.02.html">IMMZ.DT.22.Varicella.02</a></p></blockquote></div>
  </text>
  <url value="http://fhir.org/guides/who/smart-immunization/PlanDefinition/IMMZ.DT.22.Varicella"/>
  <version value="0.1.0"/>
  <name value="IMMZ.DT.22.Varicella"/>
  <title value="IMMZ.DT.22.Varicella"/>
  <status value="draft"/>
  <date value="2023-03-31T14:40:29+00:00"/>
  <publisher value="World Health Organization (WHO)"/>
  <description value="If child or person has not been vaccinated against Varicella"/>
  <jurisdiction>
    <coding>
      <system value="http://unstats.un.org/unsd/methods/m49/m49.htm"/>
      <code value="001"/>
    </coding>
  </jurisdiction>
  <library value="http://fhir.org/guides/who/smart-immunization/Library/IMMZDT22"/>
  <action>
    <title value="Immunize Patient for Varicella- No Doses"/>
    <description value="Provide Varicella immunizations – using the &quot;Varicella vaccine immunization – NO PREVIOUS&quot; schedule (2 dose scheme)"/>
    <condition>
      <kind value="applicability"/>
      <expression>
        <description value="&quot;Varicella vaccine immunization history&quot; = &quot;No-doses&quot;"/>
        <language value="text/cql"/>
        <expression value="Should vaccinate patient with Varicella vaccine because no doses in a 2 dose scheme"/>
      </expression>
    </condition>
    <condition>
      <kind value="applicability"/>
      <expression>
        <description value="&quot;Current Patient Age in Months&quot; &gt;= 12"/>
        <language value="text/cql"/>
        <expression value="Should vaccinate patient with Varicella vaccine because no doses in a 2 dose scheme"/>
      </expression>
    </condition>
    <condition>
      <kind value="applicability"/>
      <expression>
        <description value="&quot;Pregnancy Status&quot; = FALSE"/>
        <language value="text/cql"/>
        <expression value="Should vaccinate patient with Varicella vaccine because no doses in a 2 dose scheme"/>
      </expression>
    </condition>
    <condition>
      <kind value="applicability"/>
      <expression>
        <description value="&quot;Country recognizes Varicella an important public health burden&quot; = TRUE"/>
        <language value="text/cql"/>
        <expression value="Should vaccinate patient with Varicella vaccine because no doses in a 2 dose scheme"/>
      </expression>
    </condition>
    <definitionCanonical value="http://fhir.org/guides/who/smart-immunization/ActivityDefinition/IMMZ.DT.22.Varicella.01"/>
  </action>
  <action>
    <title value="Immunize Patient for Varicella -  1st dose given between 4 weeks and 3 months ago"/>
    <description value="Provide Varicella immunizations – using the &quot;Varicella vaccine immunization – 1 PREVIOUS&quot; schedule (2 dose scheme)"/>
    <condition>
      <kind value="applicability"/>
      <expression>
        <description value="&quot;Varicella vaccine immunization history&quot; = &quot;1 dose&quot;"/>
        <language value="text/cql"/>
        <expression value="Should vaccinate patient with Varicella vaccine because 1 dose given 4 weeks ago in a 2 dose scheme"/>
      </expression>
    </condition>
    <condition>
      <kind value="applicability"/>
      <expression>
        <description value="&quot;Date last Varicella dose given&quot; &gt;= &quot;4 weeks&quot;"/>
        <language value="text/cql"/>
        <expression value="Should vaccinate patient with Varicella vaccine because 1 dose given 4 weeks ago in a 2 dose scheme"/>
      </expression>
    </condition>
    <condition>
      <kind value="applicability"/>
      <expression>
        <description value="&quot;Pregnancy Status&quot; = FALSE"/>
        <language value="text/cql"/>
        <expression value="Should vaccinate patient with Varicella vaccine because 1 dose given 4 weeks ago in a 2 dose scheme"/>
      </expression>
    </condition>
    <definitionCanonical value="http://fhir.org/guides/who/smart-immunization/ActivityDefinition/IMMZ.DT.22.Varicella.02"/>
  </action>
</PlanDefinition>