<?xml version="1.0" encoding="UTF-8"?>

<PlanDefinition xmlns="http://hl7.org/fhir">
  <id value="IMMZ.DT.17.HepatitisA"/>
  <text>
    <status value="generated"/><div xmlns="http://www.w3.org/1999/xhtml"><p><b>Generated Narrative: PlanDefinition</b><a name="IMMZ.DT.17.HepatitisA"> </a></p><div style="display: inline-block; background-color: #d9e0e7; padding: 6px; margin: 4px; border: 1px solid #8da1b4; border-radius: 5px; line-height: 60%"><p style="margin-bottom: 0px">Resource PlanDefinition &quot;IMMZ.DT.17.HepatitisA&quot; </p></div><p><b>url</b>: <code>http://fhir.org/guides/who/smart-immunization/PlanDefinition/IMMZ.DT.17.HepatitisA</code></p><p><b>version</b>: 0.1.0</p><p><b>name</b>: IMMZ.DT.17.HepatitisA</p><p><b>title</b>: IMMZ.DT.17.HepatitisA</p><p><b>status</b>: draft</p><p><b>date</b>: 2023-03-31 14:40:29+0000</p><p><b>publisher</b>: World Health Organization (WHO)</p><p><b>description</b>: If child or person has not been vaccinated, give Hepatitis A vaccine at 1 year of age</p><p><b>jurisdiction</b>: Global (Whole world) <span style="background: LightGoldenRodYellow; margin: 4px; border: 1px solid khaki"> (m49.htm#001)</span></p><p><b>library</b>: <a href="Library-IMMZDT17.html">IMMZDT17</a></p><blockquote><p><b>action</b></p><p><b>title</b>: Immunize Patient for Hepatitis A - No Doses</p><p><b>description</b>: Provide Hepatitis A immunization – using the &quot;Hepatitis A vaccine immunization – NO PREVIOUS&quot; Live attenuated HAV vaccine schedule (1 dose scheme)</p><blockquote><p><b>condition</b></p><p><b>kind</b>: applicability</p><h3>Expressions</h3><table class="grid"><tr><td>-</td><td><b>Description</b></td><td><b>Language</b></td><td><b>Expression</b></td></tr><tr><td>*</td><td>&quot;Hepatitis A vaccine immunization history&quot; = &quot;No-doses&quot;</td><td>text/cql</td><td>Should vaccinate patient for Hepatitis A because no doses at 1 year old in a 1 dose scheme</td></tr></table></blockquote><blockquote><p><b>condition</b></p><p><b>kind</b>: applicability</p><h3>Expressions</h3><table class="grid"><tr><td>-</td><td><b>Description</b></td><td><b>Language</b></td><td><b>Expression</b></td></tr><tr><td>*</td><td>&quot;Current Patient Age in Years&quot; &gt;= 1</td><td>text/cql</td><td>Should vaccinate patient for Hepatitis A because no doses at 1 year old in a 1 dose scheme</td></tr></table></blockquote><blockquote><p><b>condition</b></p><p><b>kind</b>: applicability</p><h3>Expressions</h3><table class="grid"><tr><td>-</td><td><b>Description</b></td><td><b>Language</b></td><td><b>Expression</b></td></tr><tr><td>*</td><td>&quot;Country is not highly endemic for Hepatitis A&quot; = TRUE</td><td>text/cql</td><td>Should vaccinate patient for Hepatitis A because no doses at 1 year old in a 1 dose scheme</td></tr></table></blockquote><blockquote><p><b>condition</b></p><p><b>kind</b>: applicability</p><h3>Expressions</h3><table class="grid"><tr><td>-</td><td><b>Description</b></td><td><b>Language</b></td><td><b>Expression</b></td></tr><tr><td>*</td><td>&quot;Pregnancy Status&quot; = FALSE</td><td>text/cql</td><td>Should vaccinate patient for Hepatitis A because no doses at 1 year old in a 1 dose scheme</td></tr></table></blockquote><blockquote><p><b>condition</b></p><p><b>kind</b>: applicability</p><h3>Expressions</h3><table class="grid"><tr><td>-</td><td><b>Description</b></td><td><b>Language</b></td><td><b>Expression</b></td></tr><tr><td>*</td><td>&quot;Immunocompromised&quot; = FALSE</td><td>text/cql</td><td>Should vaccinate patient for Hepatitis A because no doses at 1 year old in a 1 dose scheme</td></tr></table></blockquote><blockquote><p><b>condition</b></p><p><b>kind</b>: applicability</p><h3>Expressions</h3><table class="grid"><tr><td>-</td><td><b>Description</b></td><td><b>Language</b></td><td><b>Expression</b></td></tr><tr><td>*</td><td>&quot;Country is administering a Live attenuated HAV vaccine&quot; = TRUE</td><td>text/cql</td><td>Should vaccinate patient for Hepatitis A because no doses at 1 year old in a 1 dose scheme</td></tr></table></blockquote><p><b>definition</b>: <a href="ActivityDefinition-IMMZ.DT.17.HepatitisA.01.html">IMMZ.DT.17.HepatitisA.01</a></p></blockquote><blockquote><p><b>action</b></p><p><b>title</b>: Immunize Patient for Hepatitis A - No Doses</p><p><b>description</b>: Provide Hepatitis A immunization – using the &quot;Hepatitis A vaccine immunization – NO PREVIOUS&quot; Inactivated HAV vaccine schedule (2 dose scheme)</p><blockquote><p><b>condition</b></p><p><b>kind</b>: applicability</p><h3>Expressions</h3><table class="grid"><tr><td>-</td><td><b>Description</b></td><td><b>Language</b></td><td><b>Expression</b></td></tr><tr><td>*</td><td>&quot;Hepatitis A vaccine immunization history&quot; = &quot;No-doses&quot;</td><td>text/cql</td><td>Should vaccinate patient for Hepatitis A because no doses at 1 year old in a 2 dose scheme</td></tr></table></blockquote><blockquote><p><b>condition</b></p><p><b>kind</b>: applicability</p><h3>Expressions</h3><table class="grid"><tr><td>-</td><td><b>Description</b></td><td><b>Language</b></td><td><b>Expression</b></td></tr><tr><td>*</td><td>&quot;Current Patient Age in Years&quot; &gt;= 1</td><td>text/cql</td><td>Should vaccinate patient for Hepatitis A because no doses at 1 year old in a 2 dose scheme</td></tr></table></blockquote><blockquote><p><b>condition</b></p><p><b>kind</b>: applicability</p><h3>Expressions</h3><table class="grid"><tr><td>-</td><td><b>Description</b></td><td><b>Language</b></td><td><b>Expression</b></td></tr><tr><td>*</td><td>&quot;Country is not highly endemic for Hepatitis A&quot; = TRUE</td><td>text/cql</td><td>Should vaccinate patient for Hepatitis A because no doses at 1 year old in a 2 dose scheme</td></tr></table></blockquote><blockquote><p><b>condition</b></p><p><b>kind</b>: applicability</p><h3>Expressions</h3><table class="grid"><tr><td>-</td><td><b>Description</b></td><td><b>Language</b></td><td><b>Expression</b></td></tr><tr><td>*</td><td>&quot;Country is administering an Inactivated HAV vaccine&quot; = TRUE</td><td>text/cql</td><td>Should vaccinate patient for Hepatitis A because no doses at 1 year old in a 2 dose scheme</td></tr></table></blockquote><p><b>definition</b>: <a href="ActivityDefinition-IMMZ.DT.17.HepatitisA.02.html">IMMZ.DT.17.HepatitisA.02</a></p></blockquote><blockquote><p><b>action</b></p><p><b>title</b>: Immunize Patient for Hepatitis A - 1 Dose of Inactivated HAV (high risk or immunocompromised)</p><p><b>description</b>: Provide Hepatitis A immunization – using the &quot;Hepatitis A vaccine immunization – 1 PREVIOUS&quot; Inactivated HAV vaccine schedule (2 dose scheme)</p><blockquote><p><b>condition</b></p><p><b>kind</b>: applicability</p><h3>Expressions</h3><table class="grid"><tr><td>-</td><td><b>Description</b></td><td><b>Language</b></td><td><b>Expression</b></td></tr><tr><td>*</td><td>&quot;Hepatitis A vaccine immunization history&quot; = &quot;1 dose&quot;</td><td>text/cql</td><td>Should vaccinate patient for Hepatitis A because 1 dose given 6 months to 5 years ago in a 2 dose scheme due to high risk or immunocompromised</td></tr></table></blockquote><blockquote><p><b>condition</b></p><p><b>kind</b>: applicability</p><h3>Expressions</h3><table class="grid"><tr><td>-</td><td><b>Description</b></td><td><b>Language</b></td><td><b>Expression</b></td></tr><tr><td>*</td><td>&quot;Date last Hepatitis A dose given&quot; &gt;= &quot;6 months&quot;</td><td>text/cql</td><td>Should vaccinate patient for Hepatitis A because 1 dose given 6 months to 5 years ago in a 2 dose scheme due to high risk or immunocompromised</td></tr></table></blockquote><blockquote><p><b>condition</b></p><p><b>kind</b>: applicability</p><h3>Expressions</h3><table class="grid"><tr><td>-</td><td><b>Description</b></td><td><b>Language</b></td><td><b>Expression</b></td></tr><tr><td>*</td><td>&quot;Date last Hepatitis A dose given&quot; &lt;= &quot;5 years&quot;</td><td>text/cql</td><td>Should vaccinate patient for Hepatitis A because 1 dose given 6 months to 5 years ago in a 2 dose scheme due to high risk or immunocompromised</td></tr></table></blockquote><blockquote><p><b>condition</b></p><p><b>kind</b>: applicability</p><h3>Expressions</h3><table class="grid"><tr><td>-</td><td><b>Description</b></td><td><b>Language</b></td><td><b>Expression</b></td></tr><tr><td>*</td><td>&quot;Type of last Hepatits A dose&quot; = &quot;Inactivated HAV&quot;</td><td>text/cql</td><td>Should vaccinate patient for Hepatitis A because 1 dose given 6 months to 5 years ago in a 2 dose scheme due to high risk or immunocompromised</td></tr></table></blockquote><blockquote><p><b>condition</b></p><p><b>kind</b>: applicability</p><h3>Expressions</h3><table class="grid"><tr><td>-</td><td><b>Description</b></td><td><b>Language</b></td><td><b>Expression</b></td></tr><tr><td>*</td><td>&quot;Individual has a substantial risk of contracting Hepatitis A&quot; = TRUE</td><td>text/cql</td><td>Should vaccinate patient for Hepatitis A because 1 dose given 6 months to 5 years ago in a 2 dose scheme due to high risk or immunocompromised</td></tr></table></blockquote><p><b>definition</b>: <a href="ActivityDefinition-IMMZ.DT.17.HepatitisA.03.html">IMMZ.DT.17.HepatitisA.03</a></p></blockquote></div>
  </text>
  <url value="http://fhir.org/guides/who/smart-immunization/PlanDefinition/IMMZ.DT.17.HepatitisA"/>
  <version value="0.1.0"/>
  <name value="IMMZ.DT.17.HepatitisA"/>
  <title value="IMMZ.DT.17.HepatitisA"/>
  <status value="draft"/>
  <date value="2023-03-31T14:40:29+00:00"/>
  <publisher value="World Health Organization (WHO)"/>
  <description value="If child or person has not been vaccinated, give Hepatitis A vaccine at 1 year of age"/>
  <jurisdiction>
    <coding>
      <system value="http://unstats.un.org/unsd/methods/m49/m49.htm"/>
      <code value="001"/>
    </coding>
  </jurisdiction>
  <library value="http://fhir.org/guides/who/smart-immunization/Library/IMMZDT17"/>
  <action>
    <title value="Immunize Patient for Hepatitis A - No Doses"/>
    <description value="Provide Hepatitis A immunization – using the &quot;Hepatitis A vaccine immunization – NO PREVIOUS&quot; Live attenuated HAV vaccine schedule (1 dose scheme)"/>
    <condition>
      <kind value="applicability"/>
      <expression>
        <description value="&quot;Hepatitis A vaccine immunization history&quot; = &quot;No-doses&quot;"/>
        <language value="text/cql"/>
        <expression value="Should vaccinate patient for Hepatitis A because no doses at 1 year old in a 1 dose scheme"/>
      </expression>
    </condition>
    <condition>
      <kind value="applicability"/>
      <expression>
        <description value="&quot;Current Patient Age in Years&quot; &gt;= 1"/>
        <language value="text/cql"/>
        <expression value="Should vaccinate patient for Hepatitis A because no doses at 1 year old in a 1 dose scheme"/>
      </expression>
    </condition>
    <condition>
      <kind value="applicability"/>
      <expression>
        <description value="&quot;Country is not highly endemic for Hepatitis A&quot; = TRUE"/>
        <language value="text/cql"/>
        <expression value="Should vaccinate patient for Hepatitis A because no doses at 1 year old in a 1 dose scheme"/>
      </expression>
    </condition>
    <condition>
      <kind value="applicability"/>
      <expression>
        <description value="&quot;Pregnancy Status&quot; = FALSE"/>
        <language value="text/cql"/>
        <expression value="Should vaccinate patient for Hepatitis A because no doses at 1 year old in a 1 dose scheme"/>
      </expression>
    </condition>
    <condition>
      <kind value="applicability"/>
      <expression>
        <description value="&quot;Immunocompromised&quot; = FALSE"/>
        <language value="text/cql"/>
        <expression value="Should vaccinate patient for Hepatitis A because no doses at 1 year old in a 1 dose scheme"/>
      </expression>
    </condition>
    <condition>
      <kind value="applicability"/>
      <expression>
        <description value="&quot;Country is administering a Live attenuated HAV vaccine&quot; = TRUE"/>
        <language value="text/cql"/>
        <expression value="Should vaccinate patient for Hepatitis A because no doses at 1 year old in a 1 dose scheme"/>
      </expression>
    </condition>
    <definitionCanonical value="http://fhir.org/guides/who/smart-immunization/ActivityDefinition/IMMZ.DT.17.HepatitisA.01"/>
  </action>
  <action>
    <title value="Immunize Patient for Hepatitis A - No Doses"/>
    <description value="Provide Hepatitis A immunization – using the &quot;Hepatitis A vaccine immunization – NO PREVIOUS&quot; Inactivated HAV vaccine schedule (2 dose scheme)"/>
    <condition>
      <kind value="applicability"/>
      <expression>
        <description value="&quot;Hepatitis A vaccine immunization history&quot; = &quot;No-doses&quot;"/>
        <language value="text/cql"/>
        <expression value="Should vaccinate patient for Hepatitis A because no doses at 1 year old in a 2 dose scheme"/>
      </expression>
    </condition>
    <condition>
      <kind value="applicability"/>
      <expression>
        <description value="&quot;Current Patient Age in Years&quot; &gt;= 1"/>
        <language value="text/cql"/>
        <expression value="Should vaccinate patient for Hepatitis A because no doses at 1 year old in a 2 dose scheme"/>
      </expression>
    </condition>
    <condition>
      <kind value="applicability"/>
      <expression>
        <description value="&quot;Country is not highly endemic for Hepatitis A&quot; = TRUE"/>
        <language value="text/cql"/>
        <expression value="Should vaccinate patient for Hepatitis A because no doses at 1 year old in a 2 dose scheme"/>
      </expression>
    </condition>
    <condition>
      <kind value="applicability"/>
      <expression>
        <description value="&quot;Country is administering an Inactivated HAV vaccine&quot; = TRUE"/>
        <language value="text/cql"/>
        <expression value="Should vaccinate patient for Hepatitis A because no doses at 1 year old in a 2 dose scheme"/>
      </expression>
    </condition>
    <definitionCanonical value="http://fhir.org/guides/who/smart-immunization/ActivityDefinition/IMMZ.DT.17.HepatitisA.02"/>
  </action>
  <action>
    <title value="Immunize Patient for Hepatitis A - 1 Dose of Inactivated HAV (high risk or immunocompromised)"/>
    <description value="Provide Hepatitis A immunization – using the &quot;Hepatitis A vaccine immunization – 1 PREVIOUS&quot; Inactivated HAV vaccine schedule (2 dose scheme)"/>
    <condition>
      <kind value="applicability"/>
      <expression>
        <description value="&quot;Hepatitis A vaccine immunization history&quot; = &quot;1 dose&quot;"/>
        <language value="text/cql"/>
        <expression value="Should vaccinate patient for Hepatitis A because 1 dose given 6 months to 5 years ago in a 2 dose scheme due to high risk or immunocompromised"/>
      </expression>
    </condition>
    <condition>
      <kind value="applicability"/>
      <expression>
        <description value="&quot;Date last Hepatitis A dose given&quot; &gt;= &quot;6 months&quot;"/>
        <language value="text/cql"/>
        <expression value="Should vaccinate patient for Hepatitis A because 1 dose given 6 months to 5 years ago in a 2 dose scheme due to high risk or immunocompromised"/>
      </expression>
    </condition>
    <condition>
      <kind value="applicability"/>
      <expression>
        <description value="&quot;Date last Hepatitis A dose given&quot; &lt;= &quot;5 years&quot;"/>
        <language value="text/cql"/>
        <expression value="Should vaccinate patient for Hepatitis A because 1 dose given 6 months to 5 years ago in a 2 dose scheme due to high risk or immunocompromised"/>
      </expression>
    </condition>
    <condition>
      <kind value="applicability"/>
      <expression>
        <description value="&quot;Type of last Hepatits A dose&quot; = &quot;Inactivated HAV&quot;"/>
        <language value="text/cql"/>
        <expression value="Should vaccinate patient for Hepatitis A because 1 dose given 6 months to 5 years ago in a 2 dose scheme due to high risk or immunocompromised"/>
      </expression>
    </condition>
    <condition>
      <kind value="applicability"/>
      <expression>
        <description value="&quot;Individual has a substantial risk of contracting Hepatitis A&quot; = TRUE"/>
        <language value="text/cql"/>
        <expression value="Should vaccinate patient for Hepatitis A because 1 dose given 6 months to 5 years ago in a 2 dose scheme due to high risk or immunocompromised"/>
      </expression>
    </condition>
    <definitionCanonical value="http://fhir.org/guides/who/smart-immunization/ActivityDefinition/IMMZ.DT.17.HepatitisA.03"/>
  </action>
</PlanDefinition>