<?xml version="1.0" encoding="UTF-8"?>

<ValueSet xmlns="http://hl7.org/fhir">
  <id value="CD4CountTestResult-values"/>
  <text>
    <status value="generated"/><div xmlns="http://www.w3.org/1999/xhtml"><p>This value set includes codes based on the following rules:</p><ul><li>Include these codes as defined in <a href="http://www.snomed.org/"><code>http://snomed.info/sct</code></a><table class="none"><tr><td style="white-space:nowrap"><b>Code</b></td><td><b>Display</b></td></tr><tr><td><a href="http://snomed.info/id/313660005">313660005</a></td><td>Absolute CD4 count procedure (procedure)</td></tr></table></li><li>Include these codes as defined in <code>http://hl7.org/fhir/sid/icd-11</code><table class="none"><tr><td style="white-space:nowrap"><b>Code</b></td><td><b>Display</b></td></tr><tr><td>XH7EL2</td><td>Primary cutaneous CD4-positive small/medium T-cell lymphoma</td></tr></table></li></ul></div>
  </text>
  <url value="http://fhir.org/guides/who/smart-immunization/ValueSet/CD4CountTestResult-values"/>
  <version value="0.1.0"/>
  <name value="CD4CountTestResultvalues"/>
  <title value="CD4 Count Test Result"/>
  <status value="draft"/>
  <experimental value="false"/>
  <date value="2023-03-31T14:00:01+00:00"/>
  <publisher value="World Health Organization (WHO)"/>
  <description value="Codes representing CD4 Count Test Result values"/>
  <jurisdiction>
    <coding>
      <system value="http://unstats.un.org/unsd/methods/m49/m49.htm"/>
      <code value="001"/>
    </coding>
  </jurisdiction>
  <immutable value="true"/>
  <compose>
    <include>
      <system value="http://snomed.info/sct"/>
      <concept>
        <code value="313660005"/>
        <display value="Absolute CD4 count procedure (procedure)"/>
      </concept>
    </include>
    <include>
      <system value="http://hl7.org/fhir/sid/icd-11"/>
      <concept>
        <code value="XH7EL2"/>
        <display value="Primary cutaneous CD4-positive small/medium T-cell lymphoma"/>
      </concept>
    </include>
  </compose>
</ValueSet>