{
  "resourceType" : "PlanDefinition",
  "id" : "IMMZ.S.01.BCG",
  "text" : {
    "status" : "generated",
    "div" : "<div xmlns=\"http://www.w3.org/1999/xhtml\"><p><b>Generated Narrative: PlanDefinition</b><a name=\"IMMZ.S.01.BCG\"> </a></p><div style=\"display: inline-block; background-color: #d9e0e7; padding: 6px; margin: 4px; border: 1px solid #8da1b4; border-radius: 5px; line-height: 60%\"><p style=\"margin-bottom: 0px\">Resource PlanDefinition &quot;IMMZ.S.01.BCG&quot; </p></div><p><b>url</b>: <code>http://fhir.org/guides/who/smart-immunization/PlanDefinition/IMMZ.S.01.BCG</code></p><p><b>version</b>: 0.1.0</p><p><b>name</b>: IMMZ.S.01.BCG</p><p><b>title</b>: IMMZ.S.01.BCG</p><p><b>status</b>: draft</p><p><b>date</b>: 2023-03-31 14:38:57+0000</p><p><b>publisher</b>: World Health Organization (WHO)</p><p><b>description</b>: BCG dose should be provided</p><p><b>jurisdiction</b>: Global (Whole world) <span style=\"background: LightGoldenRodYellow; margin: 4px; border: 1px solid khaki\"> (m49.htm#001)</span></p><p><b>library</b>: <a href=\"Library-library-IMMZS01.html\">IMMZS01</a></p><blockquote><p><b>action</b></p><p><b>title</b>: BCG Dose 1</p><p><b>description</b>: Provision of the BCG dose</p><blockquote><p><b>condition</b></p><p><b>kind</b>: applicability</p><h3>Expressions</h3><table class=\"grid\"><tr><td>-</td><td><b>Description</b></td><td><b>Language</b></td><td><b>Expression</b></td></tr><tr><td>*</td><td>Provision of the BCG dose</td><td>text/cql</td><td>Provision of the BCG dose</td></tr></table></blockquote><p><b>definition</b>: <a href=\"ActivityDefinition-IMMZ.S.01.BCG.01.html\">IMMZ.S.01.BCG.01</a></p></blockquote></div>"
  },
  "url" : "http://fhir.org/guides/who/smart-immunization/PlanDefinition/IMMZ.S.01.BCG",
  "version" : "0.1.0",
  "name" : "IMMZ.S.01.BCG",
  "title" : "IMMZ.S.01.BCG",
  "status" : "draft",
  "date" : "2023-03-31T14:38:57+00:00",
  "publisher" : "World Health Organization (WHO)",
  "description" : "BCG dose should be provided",
  "jurisdiction" : [{
    "coding" : [{
      "system" : "http://unstats.un.org/unsd/methods/m49/m49.htm",
      "code" : "001"
    }]
  }],
  "library" : ["http://fhir.org/guides/who/smart-immunization/Library/IMMZS01"],
  "action" : [{
    "title" : "BCG Dose 1",
    "description" : "Provision of the BCG dose",
    "condition" : [{
      "kind" : "applicability",
      "expression" : {
        "description" : "Provision of the BCG dose",
        "language" : "text/cql",
        "expression" : "Provision of the BCG dose"
      }
    }],
    "definitionCanonical" : "http://fhir.org/guides/who/smart-immunization/ActivityDefinition/IMMZ.S.01.BCG.01"
  }]
}