{
  "resourceType" : "PlanDefinition",
  "id" : "IMMZ.DT.05.Hib",
  "text" : {
    "status" : "generated",
    "div" : "<div xmlns=\"http://www.w3.org/1999/xhtml\"><p><b>Generated Narrative: PlanDefinition</b><a name=\"IMMZ.DT.05.Hib\"> </a></p><div style=\"display: inline-block; background-color: #d9e0e7; padding: 6px; margin: 4px; border: 1px solid #8da1b4; border-radius: 5px; line-height: 60%\"><p style=\"margin-bottom: 0px\">Resource PlanDefinition &quot;IMMZ.DT.05.Hib&quot; </p></div><p><b>url</b>: <code>http://fhir.org/guides/who/smart-immunization/PlanDefinition/IMMZ.DT.05.Hib</code></p><p><b>version</b>: 0.1.0</p><p><b>name</b>: IMMZ.DT.05.Hib</p><p><b>title</b>: IMMZ.DT.05.Hib</p><p><b>status</b>: draft</p><p><b>date</b>: 2023-03-31 14:01:17+0000</p><p><b>publisher</b>: World Health Organization (WHO)</p><p><b>description</b>: if child or person has not been vaccinated, give Hib vaccine between 6 weeks and 59 months</p><p><b>jurisdiction</b>: Global (Whole world) <span style=\"background: LightGoldenRodYellow; margin: 4px; border: 1px solid khaki\"> (m49.htm#001)</span></p><p><b>library</b>: <a href=\"Library-IMMZDT05.html\">IMMZDT05</a></p><blockquote><p><b>action</b></p><p><b>title</b>: Immunize Patient for Hib - No Doses</p><p><b>description</b>: Provide Hib immunizations – using the &quot;Hib Vaccine immunization – NO PREVIOUS&quot; schedule (1 dose scheme)</p><blockquote><p><b>condition</b></p><p><b>kind</b>: applicability</p><h3>Expressions</h3><table class=\"grid\"><tr><td>-</td><td><b>Description</b></td><td><b>Language</b></td><td><b>Expression</b></td></tr><tr><td>*</td><td>&quot;Hib vaccine immunization history&quot; = &quot;No-doses&quot;</td><td>text/cql</td><td>Should vaccinate patient for Hib because no doses on 1 dose scheme</td></tr></table></blockquote><blockquote><p><b>condition</b></p><p><b>kind</b>: applicability</p><h3>Expressions</h3><table class=\"grid\"><tr><td>-</td><td><b>Description</b></td><td><b>Language</b></td><td><b>Expression</b></td></tr><tr><td>*</td><td>&quot;Current Patient Age in Months&quot; &gt; 12</td><td>text/cql</td><td>Should vaccinate patient for Hib because no doses on 1 dose scheme</td></tr></table></blockquote><p><b>definition</b>: <a href=\"ActivityDefinition-IMMZ.DT.05.Hib.01.html\">IMMZ.DT.05.Hib.01</a></p></blockquote><blockquote><p><b>action</b></p><p><b>title</b>: Immunize Patient for Hib - No Doses</p><p><b>description</b>: Provide Hib immunizations – using the &quot;Hib Vaccine immunization 3p schedule – NO PREVIOUS&quot; schedule (3 dose scheme)</p><blockquote><p><b>condition</b></p><p><b>kind</b>: applicability</p><h3>Expressions</h3><table class=\"grid\"><tr><td>-</td><td><b>Description</b></td><td><b>Language</b></td><td><b>Expression</b></td></tr><tr><td>*</td><td>&quot;Hib vaccine immunization history&quot; = &quot;No-doses&quot;</td><td>text/cql</td><td>Should vaccinate patient for Hib because no doses on 3p dose scheme</td></tr></table></blockquote><blockquote><p><b>condition</b></p><p><b>kind</b>: applicability</p><h3>Expressions</h3><table class=\"grid\"><tr><td>-</td><td><b>Description</b></td><td><b>Language</b></td><td><b>Expression</b></td></tr><tr><td>*</td><td>&quot;Current Patient Age in Weeks&quot; &gt;= 6</td><td>text/cql</td><td>Should vaccinate patient for Hib because no doses on 3p dose scheme</td></tr></table></blockquote><blockquote><p><b>condition</b></p><p><b>kind</b>: applicability</p><h3>Expressions</h3><table class=\"grid\"><tr><td>-</td><td><b>Description</b></td><td><b>Language</b></td><td><b>Expression</b></td></tr><tr><td>*</td><td>&quot;In a country where the peak burden of severe Hib disease occurs in young infants&quot; = TRUE</td><td>text/cql</td><td>Should vaccinate patient for Hib because no doses on 3p dose scheme</td></tr></table></blockquote><p><b>definition</b>: <a href=\"ActivityDefinition-IMMZ.DT.05.Hib.02.html\">IMMZ.DT.05.Hib.02</a></p></blockquote><blockquote><p><b>action</b></p><p><b>title</b>: Immunize Patient for Hib - 1 Dose</p><p><b>description</b>: Provide Hib immunizations – using the &quot;Hib Vaccine immunization 3p schedule – 1 PREVIOUS&quot; schedule (3 dose scheme)</p><blockquote><p><b>condition</b></p><p><b>kind</b>: applicability</p><h3>Expressions</h3><table class=\"grid\"><tr><td>-</td><td><b>Description</b></td><td><b>Language</b></td><td><b>Expression</b></td></tr><tr><td>*</td><td>&quot;Hib vaccine immunization history&quot; = &quot;1 dose&quot;</td><td>text/cql</td><td>Should vaccinate patient for Hib because 1 dose on 3p dose scheme</td></tr></table></blockquote><blockquote><p><b>condition</b></p><p><b>kind</b>: applicability</p><h3>Expressions</h3><table class=\"grid\"><tr><td>-</td><td><b>Description</b></td><td><b>Language</b></td><td><b>Expression</b></td></tr><tr><td>*</td><td>&quot;Date last Hib dose given&quot; &gt;= &quot;4 weeks&quot;</td><td>text/cql</td><td>Should vaccinate patient for Hib because 1 dose on 3p dose scheme</td></tr></table></blockquote><blockquote><p><b>condition</b></p><p><b>kind</b>: applicability</p><h3>Expressions</h3><table class=\"grid\"><tr><td>-</td><td><b>Description</b></td><td><b>Language</b></td><td><b>Expression</b></td></tr><tr><td>*</td><td>&quot;In a country where the peak burden of severe Hib disease occurs in young infants&quot; = TRUE</td><td>text/cql</td><td>Should vaccinate patient for Hib because 1 dose on 3p dose scheme</td></tr></table></blockquote><blockquote><p><b>condition</b></p><p><b>kind</b>: applicability</p><h3>Expressions</h3><table class=\"grid\"><tr><td>-</td><td><b>Description</b></td><td><b>Language</b></td><td><b>Expression</b></td></tr><tr><td>*</td><td>&quot;Age when patient received 1st dose&quot; &lt;= &quot;12 months&quot;</td><td>text/cql</td><td>Should vaccinate patient for Hib because 1 dose on 3p dose scheme</td></tr></table></blockquote><p><b>definition</b>: <a href=\"ActivityDefinition-IMMZ.DT.05.Hib.03.html\">IMMZ.DT.05.Hib.03</a></p></blockquote><blockquote><p><b>action</b></p><p><b>title</b>: Immunize Patient for Hib - 2 Doses</p><p><b>description</b>: Provide Hib immunizations – using the &quot;Hib Vaccine immunization 3p schedule – 2 PREVIOUS&quot; schedule (3 dose scheme)</p><blockquote><p><b>condition</b></p><p><b>kind</b>: applicability</p><h3>Expressions</h3><table class=\"grid\"><tr><td>-</td><td><b>Description</b></td><td><b>Language</b></td><td><b>Expression</b></td></tr><tr><td>*</td><td>&quot;Hib vaccine immunization history&quot; = &quot;2 doses&quot;</td><td>text/cql</td><td>Should vaccinate patient for Hib because 2 doses on 3p dose scheme</td></tr></table></blockquote><blockquote><p><b>condition</b></p><p><b>kind</b>: applicability</p><h3>Expressions</h3><table class=\"grid\"><tr><td>-</td><td><b>Description</b></td><td><b>Language</b></td><td><b>Expression</b></td></tr><tr><td>*</td><td>&quot;Date last Hib dose given&quot; &gt;= &quot;4 weeks&quot;</td><td>text/cql</td><td>Should vaccinate patient for Hib because 2 doses on 3p dose scheme</td></tr></table></blockquote><blockquote><p><b>condition</b></p><p><b>kind</b>: applicability</p><h3>Expressions</h3><table class=\"grid\"><tr><td>-</td><td><b>Description</b></td><td><b>Language</b></td><td><b>Expression</b></td></tr><tr><td>*</td><td>&quot;In a country where the peak burden of severe Hib disease occurs in young infants&quot; = TRUE</td><td>text/cql</td><td>Should vaccinate patient for Hib because 2 doses on 3p dose scheme</td></tr></table></blockquote><p><b>definition</b>: <a href=\"ActivityDefinition-IMMZ.DT.05.Hib.04.html\">IMMZ.DT.05.Hib.04</a></p></blockquote><blockquote><p><b>action</b></p><p><b>title</b>: Immunize Patient for Hib - No Doses</p><p><b>description</b>: Provide Hib immunizations – using the &quot;Hib Vaccine immunization 3p + 1 schedule – NO PREVIOUS&quot; schedule (3p+1 dose scheme)</p><blockquote><p><b>condition</b></p><p><b>kind</b>: applicability</p><h3>Expressions</h3><table class=\"grid\"><tr><td>-</td><td><b>Description</b></td><td><b>Language</b></td><td><b>Expression</b></td></tr><tr><td>*</td><td>&quot;Hib vaccine immunization history&quot; = &quot;No-doses&quot;</td><td>text/cql</td><td>Should vaccinate patient for Hib because No dose on 3p+1 dose scheme</td></tr></table></blockquote><blockquote><p><b>condition</b></p><p><b>kind</b>: applicability</p><h3>Expressions</h3><table class=\"grid\"><tr><td>-</td><td><b>Description</b></td><td><b>Language</b></td><td><b>Expression</b></td></tr><tr><td>*</td><td>&quot;Current Patient Age in Weeks&quot; &gt;= 6</td><td>text/cql</td><td>Should vaccinate patient for Hib because No dose on 3p+1 dose scheme</td></tr></table></blockquote><blockquote><p><b>condition</b></p><p><b>kind</b>: applicability</p><h3>Expressions</h3><table class=\"grid\"><tr><td>-</td><td><b>Description</b></td><td><b>Language</b></td><td><b>Expression</b></td></tr><tr><td>*</td><td>&quot;In a setting where the greatest disease morbidity and mortality occur later, or where rate reductions of disease are not fully sustained after the routine use of Hib vaccine&quot; = TRUE</td><td>text/cql</td><td>Should vaccinate patient for Hib because No dose on 3p+1 dose scheme</td></tr></table></blockquote><p><b>definition</b>: <a href=\"ActivityDefinition-IMMZ.DT.05.Hib.05.html\">IMMZ.DT.05.Hib.05</a></p></blockquote><blockquote><p><b>action</b></p><p><b>title</b>: Immunize Patient for Hib - 1 Dose</p><p><b>description</b>: Provide Hib immunizations – using the &quot;Hib Vaccine immunization 3p + 1 schedule – 1 PREVIOUS&quot; schedule (3p+1 dose scheme)</p><blockquote><p><b>condition</b></p><p><b>kind</b>: applicability</p><h3>Expressions</h3><table class=\"grid\"><tr><td>-</td><td><b>Description</b></td><td><b>Language</b></td><td><b>Expression</b></td></tr><tr><td>*</td><td>&quot;Hib vaccine immunization history&quot; = &quot;1 dose&quot;</td><td>text/cql</td><td>Should vaccinate patient for Hib because 1 dose on 3p+1 dose scheme</td></tr></table></blockquote><blockquote><p><b>condition</b></p><p><b>kind</b>: applicability</p><h3>Expressions</h3><table class=\"grid\"><tr><td>-</td><td><b>Description</b></td><td><b>Language</b></td><td><b>Expression</b></td></tr><tr><td>*</td><td>&quot;Date last Hib dose given&quot; &gt;= &quot;4 weeks&quot;</td><td>text/cql</td><td>Should vaccinate patient for Hib because 1 dose on 3p+1 dose scheme</td></tr></table></blockquote><blockquote><p><b>condition</b></p><p><b>kind</b>: applicability</p><h3>Expressions</h3><table class=\"grid\"><tr><td>-</td><td><b>Description</b></td><td><b>Language</b></td><td><b>Expression</b></td></tr><tr><td>*</td><td>&quot;In a setting where the greatest disease morbidity and mortality occur later, or where rate reductions of disease are not fully sustained after the routine use of Hib vaccine&quot; = TRUE</td><td>text/cql</td><td>Should vaccinate patient for Hib because 1 dose on 3p+1 dose scheme</td></tr></table></blockquote><blockquote><p><b>condition</b></p><p><b>kind</b>: applicability</p><h3>Expressions</h3><table class=\"grid\"><tr><td>-</td><td><b>Description</b></td><td><b>Language</b></td><td><b>Expression</b></td></tr><tr><td>*</td><td>&quot;Age when patient received 1st dose&quot; &lt;= &quot;12 months&quot;</td><td>text/cql</td><td>Should vaccinate patient for Hib because 1 dose on 3p+1 dose scheme</td></tr></table></blockquote><p><b>definition</b>: <a href=\"ActivityDefinition-IMMZ.DT.05.Hib.06.html\">IMMZ.DT.05.Hib.06</a></p></blockquote><blockquote><p><b>action</b></p><p><b>title</b>: Immunize Patient for Hib - 2 Doses</p><p><b>description</b>: Provide Hib immunizations – using the &quot;Hib Vaccine immunization 3p + 1 schedule – 2 PREVIOUS&quot; schedule (3p+1 dose scheme)</p><blockquote><p><b>condition</b></p><p><b>kind</b>: applicability</p><h3>Expressions</h3><table class=\"grid\"><tr><td>-</td><td><b>Description</b></td><td><b>Language</b></td><td><b>Expression</b></td></tr><tr><td>*</td><td>&quot;Hib vaccine immunization history&quot; = &quot;2 doses&quot;</td><td>text/cql</td><td>Should vaccinate patient for Hib because 2 doses on 3p+1 dose scheme</td></tr></table></blockquote><blockquote><p><b>condition</b></p><p><b>kind</b>: applicability</p><h3>Expressions</h3><table class=\"grid\"><tr><td>-</td><td><b>Description</b></td><td><b>Language</b></td><td><b>Expression</b></td></tr><tr><td>*</td><td>&quot;Date last Hib dose given&quot; &gt;= &quot;4 weeks&quot;</td><td>text/cql</td><td>Should vaccinate patient for Hib because 2 doses on 3p+1 dose scheme</td></tr></table></blockquote><blockquote><p><b>condition</b></p><p><b>kind</b>: applicability</p><h3>Expressions</h3><table class=\"grid\"><tr><td>-</td><td><b>Description</b></td><td><b>Language</b></td><td><b>Expression</b></td></tr><tr><td>*</td><td>&quot;In a setting where the greatest disease morbidity and mortality occur later, or where rate reductions of disease are not fully sustained after the routine use of Hib vaccine&quot; = TRUE</td><td>text/cql</td><td>Should vaccinate patient for Hib because 2 doses on 3p+1 dose scheme</td></tr></table></blockquote><p><b>definition</b>: <a href=\"ActivityDefinition-IMMZ.DT.05.Hib.07.html\">IMMZ.DT.05.Hib.07</a></p></blockquote><blockquote><p><b>action</b></p><p><b>title</b>: Immunize Patient for Hib - Booster</p><p><b>description</b>: Provide Hib immunizations – using the &quot;Hib Vaccine immunization 3p + 1 schedule – 3 PREVIOUS&quot; schedule (3p+1 dose scheme)</p><blockquote><p><b>condition</b></p><p><b>kind</b>: applicability</p><h3>Expressions</h3><table class=\"grid\"><tr><td>-</td><td><b>Description</b></td><td><b>Language</b></td><td><b>Expression</b></td></tr><tr><td>*</td><td>&quot;Hib vaccine immunization history&quot; = &quot;3 doses&quot;</td><td>text/cql</td><td>Should vaccinate patient for Hib because 3 doses on 3p+1 dose scheme</td></tr></table></blockquote><blockquote><p><b>condition</b></p><p><b>kind</b>: applicability</p><h3>Expressions</h3><table class=\"grid\"><tr><td>-</td><td><b>Description</b></td><td><b>Language</b></td><td><b>Expression</b></td></tr><tr><td>*</td><td>&quot;Date last Hib dose given&quot; &gt;= &quot;6 months&quot;</td><td>text/cql</td><td>Should vaccinate patient for Hib because 3 doses on 3p+1 dose scheme</td></tr></table></blockquote><blockquote><p><b>condition</b></p><p><b>kind</b>: applicability</p><h3>Expressions</h3><table class=\"grid\"><tr><td>-</td><td><b>Description</b></td><td><b>Language</b></td><td><b>Expression</b></td></tr><tr><td>*</td><td>&quot;In a setting where the greatest disease morbidity and mortality occur later, or where rate reductions of disease are not fully sustained after the routine use of Hib vaccine&quot; = TRUE</td><td>text/cql</td><td>Should vaccinate patient for Hib because 3 doses on 3p+1 dose scheme</td></tr></table></blockquote><p><b>definition</b>: <a href=\"ActivityDefinition-IMMZ.DT.05.Hib.08.html\">IMMZ.DT.05.Hib.08</a></p></blockquote><blockquote><p><b>action</b></p><p><b>title</b>: Immunize Patient for Hib - No Doses</p><p><b>description</b>: Provide Hib immunizations – using the &quot;Hib Vaccine immunization 2p + 1 schedule – NO PREVIOUS&quot; schedule (2p+1 dose scheme)</p><blockquote><p><b>condition</b></p><p><b>kind</b>: applicability</p><h3>Expressions</h3><table class=\"grid\"><tr><td>-</td><td><b>Description</b></td><td><b>Language</b></td><td><b>Expression</b></td></tr><tr><td>*</td><td>&quot;Hib vaccine immunization history&quot; = &quot;No-doses&quot;</td><td>text/cql</td><td>Should vaccinate patient for Hib because No dose on 2p+1 dose scheme</td></tr></table></blockquote><blockquote><p><b>condition</b></p><p><b>kind</b>: applicability</p><h3>Expressions</h3><table class=\"grid\"><tr><td>-</td><td><b>Description</b></td><td><b>Language</b></td><td><b>Expression</b></td></tr><tr><td>*</td><td>&quot;Current Patient Age in Weeks&quot; &gt;= 6</td><td>text/cql</td><td>Should vaccinate patient for Hib because No dose on 2p+1 dose scheme</td></tr></table></blockquote><blockquote><p><b>condition</b></p><p><b>kind</b>: applicability</p><h3>Expressions</h3><table class=\"grid\"><tr><td>-</td><td><b>Description</b></td><td><b>Language</b></td><td><b>Expression</b></td></tr><tr><td>*</td><td>&quot;In a setting where the greatest disease morbidity and mortality occur later, or where rate reductions of disease are not fully sustained after the routine use of Hib vaccine&quot; = TRUE</td><td>text/cql</td><td>Should vaccinate patient for Hib because No dose on 2p+1 dose scheme</td></tr></table></blockquote><p><b>definition</b>: <a href=\"ActivityDefinition-IMMZ.DT.05.Hib.09.html\">IMMZ.DT.05.Hib.09</a></p></blockquote><blockquote><p><b>action</b></p><p><b>title</b>: Immunize Patient for Hib - 1 Dose</p><p><b>description</b>: Provide Hib immunizations – using the &quot;Hib Vaccine immunization 2p + 1 schedule – 1 PREVIOUS&quot; schedule (2p+1 dose scheme)</p><blockquote><p><b>condition</b></p><p><b>kind</b>: applicability</p><h3>Expressions</h3><table class=\"grid\"><tr><td>-</td><td><b>Description</b></td><td><b>Language</b></td><td><b>Expression</b></td></tr><tr><td>*</td><td>&quot;Hib vaccine immunization history&quot; = &quot;1 dose&quot;</td><td>text/cql</td><td>Should vaccinate patient for Hib because 1 dose on 2p+1 dose scheme</td></tr></table></blockquote><blockquote><p><b>condition</b></p><p><b>kind</b>: applicability</p><h3>Expressions</h3><table class=\"grid\"><tr><td>-</td><td><b>Description</b></td><td><b>Language</b></td><td><b>Expression</b></td></tr><tr><td>*</td><td>&quot;Date last Hib dose given&quot; &gt;= &quot;8 weeks&quot;</td><td>text/cql</td><td>Should vaccinate patient for Hib because 1 dose on 2p+1 dose scheme</td></tr></table></blockquote><blockquote><p><b>condition</b></p><p><b>kind</b>: applicability</p><h3>Expressions</h3><table class=\"grid\"><tr><td>-</td><td><b>Description</b></td><td><b>Language</b></td><td><b>Expression</b></td></tr><tr><td>*</td><td>&quot;In a setting where the greatest disease morbidity and mortality occur later, or where rate reductions of disease are not fully sustained after the routine use of Hib vaccine&quot; = TRUE</td><td>text/cql</td><td>Should vaccinate patient for Hib because 1 dose on 2p+1 dose scheme</td></tr></table></blockquote><blockquote><p><b>condition</b></p><p><b>kind</b>: applicability</p><h3>Expressions</h3><table class=\"grid\"><tr><td>-</td><td><b>Description</b></td><td><b>Language</b></td><td><b>Expression</b></td></tr><tr><td>*</td><td>&quot;Age when patient received 1st dose&quot; &lt;= &quot;12 months&quot;</td><td>text/cql</td><td>Should vaccinate patient for Hib because 1 dose on 2p+1 dose scheme</td></tr></table></blockquote><p><b>definition</b>: <a href=\"ActivityDefinition-IMMZ.DT.05.Hib.10.html\">IMMZ.DT.05.Hib.10</a></p></blockquote><blockquote><p><b>action</b></p><p><b>title</b>: Immunize Patient for Hib - Booster</p><p><b>description</b>: Provide Hib immunizations – using the &quot;Hib Vaccine immunization 2p + 1 schedule – 2 PREVIOUS&quot; schedule (2p+1 dose scheme)</p><blockquote><p><b>condition</b></p><p><b>kind</b>: applicability</p><h3>Expressions</h3><table class=\"grid\"><tr><td>-</td><td><b>Description</b></td><td><b>Language</b></td><td><b>Expression</b></td></tr><tr><td>*</td><td>&quot;Hib vaccine immunization history&quot; = &quot;2 doses&quot;</td><td>text/cql</td><td>Should vaccinate patient for Hib because 2 dose on 2p+1 dose scheme</td></tr></table></blockquote><blockquote><p><b>condition</b></p><p><b>kind</b>: applicability</p><h3>Expressions</h3><table class=\"grid\"><tr><td>-</td><td><b>Description</b></td><td><b>Language</b></td><td><b>Expression</b></td></tr><tr><td>*</td><td>&quot;Date last Hib dose given&quot; &gt;= &quot;6 months&quot;</td><td>text/cql</td><td>Should vaccinate patient for Hib because 2 dose on 2p+1 dose scheme</td></tr></table></blockquote><blockquote><p><b>condition</b></p><p><b>kind</b>: applicability</p><h3>Expressions</h3><table class=\"grid\"><tr><td>-</td><td><b>Description</b></td><td><b>Language</b></td><td><b>Expression</b></td></tr><tr><td>*</td><td>&quot;In a setting where the greatest disease morbidity and mortality occur later, or where rate reductions of disease are not fully sustained after the routine use of Hib vaccine&quot; = TRUE</td><td>text/cql</td><td>Should vaccinate patient for Hib because 2 dose on 2p+1 dose scheme</td></tr></table></blockquote><p><b>definition</b>: <a href=\"ActivityDefinition-IMMZ.DT.05.Hib.11.html\">IMMZ.DT.05.Hib.11</a></p></blockquote></div>"
  },
  "url" : "http://fhir.org/guides/who/smart-immunization/PlanDefinition/IMMZ.DT.05.Hib",
  "version" : "0.1.0",
  "name" : "IMMZ.DT.05.Hib",
  "title" : "IMMZ.DT.05.Hib",
  "status" : "draft",
  "date" : "2023-03-31T14:01:17+00:00",
  "publisher" : "World Health Organization (WHO)",
  "description" : "if child or person has not been vaccinated, give Hib vaccine between 6 weeks and 59 months",
  "jurisdiction" : [{
    "coding" : [{
      "system" : "http://unstats.un.org/unsd/methods/m49/m49.htm",
      "code" : "001"
    }]
  }],
  "library" : ["http://fhir.org/guides/who/smart-immunization/Library/IMMZDT05"],
  "action" : [{
    "title" : "Immunize Patient for Hib - No Doses",
    "description" : "Provide Hib immunizations – using the \"Hib Vaccine immunization – NO PREVIOUS\" schedule (1 dose scheme)",
    "condition" : [{
      "kind" : "applicability",
      "expression" : {
        "description" : "\"Hib vaccine immunization history\" = \"No-doses\"",
        "language" : "text/cql",
        "expression" : "Should vaccinate patient for Hib because no doses on 1 dose scheme"
      }
    },
    {
      "kind" : "applicability",
      "expression" : {
        "description" : "\"Current Patient Age in Months\" > 12",
        "language" : "text/cql",
        "expression" : "Should vaccinate patient for Hib because no doses on 1 dose scheme"
      }
    }],
    "definitionCanonical" : "http://fhir.org/guides/who/smart-immunization/ActivityDefinition/IMMZ.DT.05.Hib.01"
  },
  {
    "title" : "Immunize Patient for Hib - No Doses",
    "description" : "Provide Hib immunizations – using the \"Hib Vaccine immunization 3p schedule – NO PREVIOUS\" schedule (3 dose scheme)",
    "condition" : [{
      "kind" : "applicability",
      "expression" : {
        "description" : "\"Hib vaccine immunization history\" = \"No-doses\"",
        "language" : "text/cql",
        "expression" : "Should vaccinate patient for Hib because no doses on 3p dose scheme"
      }
    },
    {
      "kind" : "applicability",
      "expression" : {
        "description" : "\"Current Patient Age in Weeks\" >= 6",
        "language" : "text/cql",
        "expression" : "Should vaccinate patient for Hib because no doses on 3p dose scheme"
      }
    },
    {
      "kind" : "applicability",
      "expression" : {
        "description" : "\"In a country where the peak burden of severe Hib disease occurs in young infants\" = TRUE",
        "language" : "text/cql",
        "expression" : "Should vaccinate patient for Hib because no doses on 3p dose scheme"
      }
    }],
    "definitionCanonical" : "http://fhir.org/guides/who/smart-immunization/ActivityDefinition/IMMZ.DT.05.Hib.02"
  },
  {
    "title" : "Immunize Patient for Hib - 1 Dose",
    "description" : "Provide Hib immunizations – using the \"Hib Vaccine immunization 3p schedule – 1 PREVIOUS\" schedule (3 dose scheme)",
    "condition" : [{
      "kind" : "applicability",
      "expression" : {
        "description" : "\"Hib vaccine immunization history\" = \"1 dose\"",
        "language" : "text/cql",
        "expression" : "Should vaccinate patient for Hib because 1 dose on 3p dose scheme"
      }
    },
    {
      "kind" : "applicability",
      "expression" : {
        "description" : "\"Date last Hib dose given\" >= \"4 weeks\"",
        "language" : "text/cql",
        "expression" : "Should vaccinate patient for Hib because 1 dose on 3p dose scheme"
      }
    },
    {
      "kind" : "applicability",
      "expression" : {
        "description" : "\"In a country where the peak burden of severe Hib disease occurs in young infants\" = TRUE",
        "language" : "text/cql",
        "expression" : "Should vaccinate patient for Hib because 1 dose on 3p dose scheme"
      }
    },
    {
      "kind" : "applicability",
      "expression" : {
        "description" : "\"Age when patient received 1st dose\" <= \"12 months\"",
        "language" : "text/cql",
        "expression" : "Should vaccinate patient for Hib because 1 dose on 3p dose scheme"
      }
    }],
    "definitionCanonical" : "http://fhir.org/guides/who/smart-immunization/ActivityDefinition/IMMZ.DT.05.Hib.03"
  },
  {
    "title" : "Immunize Patient for Hib - 2 Doses",
    "description" : "Provide Hib immunizations – using the \"Hib Vaccine immunization 3p schedule – 2 PREVIOUS\" schedule (3 dose scheme)",
    "condition" : [{
      "kind" : "applicability",
      "expression" : {
        "description" : "\"Hib vaccine immunization history\" = \"2 doses\"",
        "language" : "text/cql",
        "expression" : "Should vaccinate patient for Hib because 2 doses on 3p dose scheme"
      }
    },
    {
      "kind" : "applicability",
      "expression" : {
        "description" : "\"Date last Hib dose given\" >= \"4 weeks\"",
        "language" : "text/cql",
        "expression" : "Should vaccinate patient for Hib because 2 doses on 3p dose scheme"
      }
    },
    {
      "kind" : "applicability",
      "expression" : {
        "description" : "\"In a country where the peak burden of severe Hib disease occurs in young infants\" = TRUE",
        "language" : "text/cql",
        "expression" : "Should vaccinate patient for Hib because 2 doses on 3p dose scheme"
      }
    }],
    "definitionCanonical" : "http://fhir.org/guides/who/smart-immunization/ActivityDefinition/IMMZ.DT.05.Hib.04"
  },
  {
    "title" : "Immunize Patient for Hib - No Doses",
    "description" : "Provide Hib immunizations – using the \"Hib Vaccine immunization 3p + 1 schedule – NO PREVIOUS\" schedule (3p+1 dose scheme)",
    "condition" : [{
      "kind" : "applicability",
      "expression" : {
        "description" : "\"Hib vaccine immunization history\" = \"No-doses\"",
        "language" : "text/cql",
        "expression" : "Should vaccinate patient for Hib because No dose on 3p+1 dose scheme"
      }
    },
    {
      "kind" : "applicability",
      "expression" : {
        "description" : "\"Current Patient Age in Weeks\" >= 6",
        "language" : "text/cql",
        "expression" : "Should vaccinate patient for Hib because No dose on 3p+1 dose scheme"
      }
    },
    {
      "kind" : "applicability",
      "expression" : {
        "description" : "\"In a setting where the greatest disease morbidity and mortality occur later, or where rate reductions of disease are not fully sustained after the routine use of Hib vaccine\" = TRUE",
        "language" : "text/cql",
        "expression" : "Should vaccinate patient for Hib because No dose on 3p+1 dose scheme"
      }
    }],
    "definitionCanonical" : "http://fhir.org/guides/who/smart-immunization/ActivityDefinition/IMMZ.DT.05.Hib.05"
  },
  {
    "title" : "Immunize Patient for Hib - 1 Dose",
    "description" : "Provide Hib immunizations – using the \"Hib Vaccine immunization 3p + 1 schedule – 1 PREVIOUS\" schedule (3p+1 dose scheme)",
    "condition" : [{
      "kind" : "applicability",
      "expression" : {
        "description" : "\"Hib vaccine immunization history\" = \"1 dose\"",
        "language" : "text/cql",
        "expression" : "Should vaccinate patient for Hib because 1 dose on 3p+1 dose scheme"
      }
    },
    {
      "kind" : "applicability",
      "expression" : {
        "description" : "\"Date last Hib dose given\" >= \"4 weeks\"",
        "language" : "text/cql",
        "expression" : "Should vaccinate patient for Hib because 1 dose on 3p+1 dose scheme"
      }
    },
    {
      "kind" : "applicability",
      "expression" : {
        "description" : "\"In a setting where the greatest disease morbidity and mortality occur later, or where rate reductions of disease are not fully sustained after the routine use of Hib vaccine\" = TRUE",
        "language" : "text/cql",
        "expression" : "Should vaccinate patient for Hib because 1 dose on 3p+1 dose scheme"
      }
    },
    {
      "kind" : "applicability",
      "expression" : {
        "description" : "\"Age when patient received 1st dose\" <= \"12 months\"",
        "language" : "text/cql",
        "expression" : "Should vaccinate patient for Hib because 1 dose on 3p+1 dose scheme"
      }
    }],
    "definitionCanonical" : "http://fhir.org/guides/who/smart-immunization/ActivityDefinition/IMMZ.DT.05.Hib.06"
  },
  {
    "title" : "Immunize Patient for Hib - 2 Doses",
    "description" : "Provide Hib immunizations – using the \"Hib Vaccine immunization 3p + 1 schedule – 2 PREVIOUS\" schedule (3p+1 dose scheme)",
    "condition" : [{
      "kind" : "applicability",
      "expression" : {
        "description" : "\"Hib vaccine immunization history\" = \"2 doses\"",
        "language" : "text/cql",
        "expression" : "Should vaccinate patient for Hib because 2 doses on 3p+1 dose scheme"
      }
    },
    {
      "kind" : "applicability",
      "expression" : {
        "description" : "\"Date last Hib dose given\" >= \"4 weeks\"",
        "language" : "text/cql",
        "expression" : "Should vaccinate patient for Hib because 2 doses on 3p+1 dose scheme"
      }
    },
    {
      "kind" : "applicability",
      "expression" : {
        "description" : "\"In a setting where the greatest disease morbidity and mortality occur later, or where rate reductions of disease are not fully sustained after the routine use of Hib vaccine\" = TRUE",
        "language" : "text/cql",
        "expression" : "Should vaccinate patient for Hib because 2 doses on 3p+1 dose scheme"
      }
    }],
    "definitionCanonical" : "http://fhir.org/guides/who/smart-immunization/ActivityDefinition/IMMZ.DT.05.Hib.07"
  },
  {
    "title" : "Immunize Patient for Hib - Booster",
    "description" : "Provide Hib immunizations – using the \"Hib Vaccine immunization 3p + 1 schedule – 3 PREVIOUS\" schedule (3p+1 dose scheme)",
    "condition" : [{
      "kind" : "applicability",
      "expression" : {
        "description" : "\"Hib vaccine immunization history\" = \"3 doses\"",
        "language" : "text/cql",
        "expression" : "Should vaccinate patient for Hib because 3 doses on 3p+1 dose scheme"
      }
    },
    {
      "kind" : "applicability",
      "expression" : {
        "description" : "\"Date last Hib dose given\" >= \"6 months\"",
        "language" : "text/cql",
        "expression" : "Should vaccinate patient for Hib because 3 doses on 3p+1 dose scheme"
      }
    },
    {
      "kind" : "applicability",
      "expression" : {
        "description" : "\"In a setting where the greatest disease morbidity and mortality occur later, or where rate reductions of disease are not fully sustained after the routine use of Hib vaccine\" = TRUE",
        "language" : "text/cql",
        "expression" : "Should vaccinate patient for Hib because 3 doses on 3p+1 dose scheme"
      }
    }],
    "definitionCanonical" : "http://fhir.org/guides/who/smart-immunization/ActivityDefinition/IMMZ.DT.05.Hib.08"
  },
  {
    "title" : "Immunize Patient for Hib - No Doses",
    "description" : "Provide Hib immunizations – using the \"Hib Vaccine immunization 2p + 1 schedule – NO PREVIOUS\" schedule (2p+1 dose scheme)",
    "condition" : [{
      "kind" : "applicability",
      "expression" : {
        "description" : "\"Hib vaccine immunization history\" = \"No-doses\"",
        "language" : "text/cql",
        "expression" : "Should vaccinate patient for Hib because No dose on 2p+1 dose scheme"
      }
    },
    {
      "kind" : "applicability",
      "expression" : {
        "description" : "\"Current Patient Age in Weeks\" >= 6",
        "language" : "text/cql",
        "expression" : "Should vaccinate patient for Hib because No dose on 2p+1 dose scheme"
      }
    },
    {
      "kind" : "applicability",
      "expression" : {
        "description" : "\"In a setting where the greatest disease morbidity and mortality occur later, or where rate reductions of disease are not fully sustained after the routine use of Hib vaccine\" = TRUE",
        "language" : "text/cql",
        "expression" : "Should vaccinate patient for Hib because No dose on 2p+1 dose scheme"
      }
    }],
    "definitionCanonical" : "http://fhir.org/guides/who/smart-immunization/ActivityDefinition/IMMZ.DT.05.Hib.09"
  },
  {
    "title" : "Immunize Patient for Hib - 1 Dose",
    "description" : "Provide Hib immunizations – using the \"Hib Vaccine immunization 2p + 1 schedule – 1 PREVIOUS\" schedule (2p+1 dose scheme)",
    "condition" : [{
      "kind" : "applicability",
      "expression" : {
        "description" : "\"Hib vaccine immunization history\" = \"1 dose\"",
        "language" : "text/cql",
        "expression" : "Should vaccinate patient for Hib because 1 dose on 2p+1 dose scheme"
      }
    },
    {
      "kind" : "applicability",
      "expression" : {
        "description" : "\"Date last Hib dose given\" >= \"8 weeks\"",
        "language" : "text/cql",
        "expression" : "Should vaccinate patient for Hib because 1 dose on 2p+1 dose scheme"
      }
    },
    {
      "kind" : "applicability",
      "expression" : {
        "description" : "\"In a setting where the greatest disease morbidity and mortality occur later, or where rate reductions of disease are not fully sustained after the routine use of Hib vaccine\" = TRUE",
        "language" : "text/cql",
        "expression" : "Should vaccinate patient for Hib because 1 dose on 2p+1 dose scheme"
      }
    },
    {
      "kind" : "applicability",
      "expression" : {
        "description" : "\"Age when patient received 1st dose\" <= \"12 months\"",
        "language" : "text/cql",
        "expression" : "Should vaccinate patient for Hib because 1 dose on 2p+1 dose scheme"
      }
    }],
    "definitionCanonical" : "http://fhir.org/guides/who/smart-immunization/ActivityDefinition/IMMZ.DT.05.Hib.10"
  },
  {
    "title" : "Immunize Patient for Hib - Booster",
    "description" : "Provide Hib immunizations – using the \"Hib Vaccine immunization 2p + 1 schedule – 2 PREVIOUS\" schedule (2p+1 dose scheme)",
    "condition" : [{
      "kind" : "applicability",
      "expression" : {
        "description" : "\"Hib vaccine immunization history\" = \"2 doses\"",
        "language" : "text/cql",
        "expression" : "Should vaccinate patient for Hib because 2 dose on 2p+1 dose scheme"
      }
    },
    {
      "kind" : "applicability",
      "expression" : {
        "description" : "\"Date last Hib dose given\" >= \"6 months\"",
        "language" : "text/cql",
        "expression" : "Should vaccinate patient for Hib because 2 dose on 2p+1 dose scheme"
      }
    },
    {
      "kind" : "applicability",
      "expression" : {
        "description" : "\"In a setting where the greatest disease morbidity and mortality occur later, or where rate reductions of disease are not fully sustained after the routine use of Hib vaccine\" = TRUE",
        "language" : "text/cql",
        "expression" : "Should vaccinate patient for Hib because 2 dose on 2p+1 dose scheme"
      }
    }],
    "definitionCanonical" : "http://fhir.org/guides/who/smart-immunization/ActivityDefinition/IMMZ.DT.05.Hib.11"
  }]
}