{
  "resourceType" : "PlanDefinition",
  "id" : "IMMZ.DT.02.HepatitisB",
  "text" : {
    "status" : "generated",
    "div" : "<div xmlns=\"http://www.w3.org/1999/xhtml\"><p><b>Generated Narrative: PlanDefinition</b><a name=\"IMMZ.DT.02.HepatitisB\"> </a></p><div style=\"display: inline-block; background-color: #d9e0e7; padding: 6px; margin: 4px; border: 1px solid #8da1b4; border-radius: 5px; line-height: 60%\"><p style=\"margin-bottom: 0px\">Resource PlanDefinition &quot;IMMZ.DT.02.HepatitisB&quot; </p></div><p><b>url</b>: <code>http://fhir.org/guides/who/smart-immunization/PlanDefinition/IMMZ.DT.02.HepatitisB</code></p><p><b>version</b>: 0.1.0</p><p><b>name</b>: IMMZ.DT.02.HepatitisB</p><p><b>title</b>: IMMZ.DT.02.HepatitisB</p><p><b>status</b>: draft</p><p><b>date</b>: 2023-03-31 14:38:57+0000</p><p><b>publisher</b>: World Health Organization (WHO)</p><p><b>description</b>: If child or person has not been vaccinated, give Hepatitis B vaccine as soon as possible after birth</p><p><b>jurisdiction</b>: Global (Whole world) <span style=\"background: LightGoldenRodYellow; margin: 4px; border: 1px solid khaki\"> (m49.htm#001)</span></p><p><b>library</b>: <a href=\"Library-library-IMMZDT02.html\">IMMZDT02</a></p><blockquote><p><b>action</b></p><p><b>title</b>: Immunize Patient for Hepatitis B - No Doses and Premature birth or low birth weight</p><p><b>description</b>: Provide Hepatitis B immunizations – using the &quot;Hepatitis B vaccine immunization – Birth dose&quot; schedule (Birth dose)</p><blockquote><p><b>condition</b></p><p><b>kind</b>: applicability</p><h3>Expressions</h3><table class=\"grid\"><tr><td>-</td><td><b>Description</b></td><td><b>Language</b></td><td><b>Expression</b></td></tr><tr><td>*</td><td>&quot;Hepatitis B vaccine immunization history&quot; = &quot;No-doses&quot;</td><td>text/cql</td><td>Should vaccinate patient for Hepatitis B because no doses and (low birth weight or premature infant)</td></tr></table></blockquote><blockquote><p><b>condition</b></p><p><b>kind</b>: applicability</p><h3>Expressions</h3><table class=\"grid\"><tr><td>-</td><td><b>Description</b></td><td><b>Language</b></td><td><b>Expression</b></td></tr><tr><td>*</td><td>&quot;Patient birth weight observation value&quot; &lt; &quot;2000g&quot;</td><td>text/cql</td><td>Should vaccinate patient for Hepatitis B because no doses and (low birth weight or premature infant)</td></tr></table></blockquote><blockquote><p><b>condition</b></p><p><b>kind</b>: applicability</p><h3>Expressions</h3><table class=\"grid\"><tr><td>-</td><td><b>Description</b></td><td><b>Language</b></td><td><b>Expression</b></td></tr><tr><td>*</td><td>&quot;Current Patient Age in Weeks&quot; &lt; 2</td><td>text/cql</td><td>Should vaccinate patient for Hepatitis B because no doses and (low birth weight or premature infant)</td></tr></table></blockquote><p><b>definition</b>: <a href=\"ActivityDefinition-IMMZ.DT.02.HepatitisB.01.html\">IMMZ.DT.02.HepatitisB.01</a></p></blockquote><blockquote><p><b>action</b></p><p><b>title</b>: Immunize Patient for Hepatitis B - No Doses</p><p><b>description</b>: Provide Hepatitis B immunizations – using the &quot;Hepatitis B vaccine immunization – NO PREVIOUS&quot; schedule (3 doses scheme)</p><blockquote><p><b>condition</b></p><p><b>kind</b>: applicability</p><h3>Expressions</h3><table class=\"grid\"><tr><td>-</td><td><b>Description</b></td><td><b>Language</b></td><td><b>Expression</b></td></tr><tr><td>*</td><td>&quot;Hepatitis B vaccine immunization history&quot; = &quot;No-doses&quot;</td><td>text/cql</td><td>Should vaccinate patient for Hepatitis B because no doses</td></tr></table></blockquote><p><b>definition</b>: <a href=\"ActivityDefinition-IMMZ.DT.02.HepatitisB.03.html\">IMMZ.DT.02.HepatitisB.03</a></p></blockquote><blockquote><p><b>action</b></p><p><b>title</b>: Immunize Patient for Hepatitis B - 1 Dose</p><p><b>description</b>: Provide Hepatitis B immunizations – using the &quot;Hepatitis B vaccine immunization – 1 PREVIOUS&quot; schedule (3 doses scheme)</p><blockquote><p><b>condition</b></p><p><b>kind</b>: applicability</p><h3>Expressions</h3><table class=\"grid\"><tr><td>-</td><td><b>Description</b></td><td><b>Language</b></td><td><b>Expression</b></td></tr><tr><td>*</td><td>&quot;Hepatitis B vaccine immunization history&quot; = &quot;1 dose&quot;</td><td>text/cql</td><td>Should vaccinate patient for Hepatitis B because 1 dose</td></tr></table></blockquote><blockquote><p><b>condition</b></p><p><b>kind</b>: applicability</p><h3>Expressions</h3><table class=\"grid\"><tr><td>-</td><td><b>Description</b></td><td><b>Language</b></td><td><b>Expression</b></td></tr><tr><td>*</td><td>&quot;Date last Hepatitis B dose given&quot; &gt;= &quot;4 weeks&quot;</td><td>text/cql</td><td>Should vaccinate patient for Hepatitis B because 1 dose</td></tr></table></blockquote><p><b>definition</b>: <a href=\"ActivityDefinition-IMMZ.DT.02.HepatitisB.04.html\">IMMZ.DT.02.HepatitisB.04</a></p></blockquote><blockquote><p><b>action</b></p><p><b>title</b>: Immunize Patient for Hepatitis B - 2 Doses</p><p><b>description</b>: Provide Hepatitis B immunizations – using the &quot;Hepatitis B vaccine immunization – 2 PREVIOUS&quot; schedule (3 doses scheme)</p><blockquote><p><b>condition</b></p><p><b>kind</b>: applicability</p><h3>Expressions</h3><table class=\"grid\"><tr><td>-</td><td><b>Description</b></td><td><b>Language</b></td><td><b>Expression</b></td></tr><tr><td>*</td><td>&quot;Hepatitis B vaccine immunization history&quot; = &quot;2 doses&quot;</td><td>text/cql</td><td>Should vaccinate patient for Hepatitis B because 2 doses</td></tr></table></blockquote><blockquote><p><b>condition</b></p><p><b>kind</b>: applicability</p><h3>Expressions</h3><table class=\"grid\"><tr><td>-</td><td><b>Description</b></td><td><b>Language</b></td><td><b>Expression</b></td></tr><tr><td>*</td><td>&quot;Date last Hepatitis B dose given&quot; &gt;= &quot;4 weeks&quot;</td><td>text/cql</td><td>Should vaccinate patient for Hepatitis B because 2 doses</td></tr></table></blockquote><p><b>definition</b>: <a href=\"ActivityDefinition-IMMZ.DT.02.HepatitisB.05.html\">IMMZ.DT.02.HepatitisB.05</a></p></blockquote></div>"
  },
  "url" : "http://fhir.org/guides/who/smart-immunization/PlanDefinition/IMMZ.DT.02.HepatitisB",
  "version" : "0.1.0",
  "name" : "IMMZ.DT.02.HepatitisB",
  "title" : "IMMZ.DT.02.HepatitisB",
  "status" : "draft",
  "date" : "2023-03-31T14:38:57+00:00",
  "publisher" : "World Health Organization (WHO)",
  "description" : "If child or person has not been vaccinated, give Hepatitis B vaccine as soon as possible after birth",
  "jurisdiction" : [{
    "coding" : [{
      "system" : "http://unstats.un.org/unsd/methods/m49/m49.htm",
      "code" : "001"
    }]
  }],
  "library" : ["http://fhir.org/guides/who/smart-immunization/Library/IMMZDT02"],
  "action" : [{
    "title" : "Immunize Patient for Hepatitis B - No Doses and Premature birth or low birth weight",
    "description" : "Provide Hepatitis B immunizations – using the \"Hepatitis B vaccine immunization – Birth dose\" schedule (Birth dose)",
    "condition" : [{
      "kind" : "applicability",
      "expression" : {
        "description" : "\"Hepatitis B vaccine immunization history\" = \"No-doses\"",
        "language" : "text/cql",
        "expression" : "Should vaccinate patient for Hepatitis B because no doses and (low birth weight or premature infant)"
      }
    },
    {
      "kind" : "applicability",
      "expression" : {
        "description" : "\"Patient birth weight observation value\" < \"2000g\"",
        "language" : "text/cql",
        "expression" : "Should vaccinate patient for Hepatitis B because no doses and (low birth weight or premature infant)"
      }
    },
    {
      "kind" : "applicability",
      "expression" : {
        "description" : "\"Current Patient Age in Weeks\" < 2",
        "language" : "text/cql",
        "expression" : "Should vaccinate patient for Hepatitis B because no doses and (low birth weight or premature infant)"
      }
    }],
    "definitionCanonical" : "http://fhir.org/guides/who/smart-immunization/ActivityDefinition/IMMZ.DT.02.HepatitisB.01"
  },
  {
    "title" : "Immunize Patient for Hepatitis B - No Doses",
    "description" : "Provide Hepatitis B immunizations – using the \"Hepatitis B vaccine immunization – NO PREVIOUS\" schedule (3 doses scheme)",
    "condition" : [{
      "kind" : "applicability",
      "expression" : {
        "description" : "\"Hepatitis B vaccine immunization history\" = \"No-doses\"",
        "language" : "text/cql",
        "expression" : "Should vaccinate patient for Hepatitis B because no doses"
      }
    }],
    "definitionCanonical" : "http://fhir.org/guides/who/smart-immunization/ActivityDefinition/IMMZ.DT.02.HepatitisB.03"
  },
  {
    "title" : "Immunize Patient for Hepatitis B - 1 Dose",
    "description" : "Provide Hepatitis B immunizations – using the \"Hepatitis B vaccine immunization – 1 PREVIOUS\" schedule (3 doses scheme)",
    "condition" : [{
      "kind" : "applicability",
      "expression" : {
        "description" : "\"Hepatitis B vaccine immunization history\" = \"1 dose\"",
        "language" : "text/cql",
        "expression" : "Should vaccinate patient for Hepatitis B because 1 dose"
      }
    },
    {
      "kind" : "applicability",
      "expression" : {
        "description" : "\"Date last Hepatitis B dose given\" >= \"4 weeks\"",
        "language" : "text/cql",
        "expression" : "Should vaccinate patient for Hepatitis B because 1 dose"
      }
    }],
    "definitionCanonical" : "http://fhir.org/guides/who/smart-immunization/ActivityDefinition/IMMZ.DT.02.HepatitisB.04"
  },
  {
    "title" : "Immunize Patient for Hepatitis B - 2 Doses",
    "description" : "Provide Hepatitis B immunizations – using the \"Hepatitis B vaccine immunization – 2 PREVIOUS\" schedule (3 doses scheme)",
    "condition" : [{
      "kind" : "applicability",
      "expression" : {
        "description" : "\"Hepatitis B vaccine immunization history\" = \"2 doses\"",
        "language" : "text/cql",
        "expression" : "Should vaccinate patient for Hepatitis B because 2 doses"
      }
    },
    {
      "kind" : "applicability",
      "expression" : {
        "description" : "\"Date last Hepatitis B dose given\" >= \"4 weeks\"",
        "language" : "text/cql",
        "expression" : "Should vaccinate patient for Hepatitis B because 2 doses"
      }
    }],
    "definitionCanonical" : "http://fhir.org/guides/who/smart-immunization/ActivityDefinition/IMMZ.DT.02.HepatitisB.05"
  }]
}