{
  "resourceType" : "PlanDefinition",
  "id" : "IMMZ.DT.13.Tick-BorneEncephalitis",
  "text" : {
    "status" : "generated",
    "div" : "<div xmlns=\"http://www.w3.org/1999/xhtml\"><p><b>Generated Narrative: PlanDefinition</b><a name=\"IMMZ.DT.13.Tick-BorneEncephalitis\"> </a></p><div style=\"display: inline-block; background-color: #d9e0e7; padding: 6px; margin: 4px; border: 1px solid #8da1b4; border-radius: 5px; line-height: 60%\"><p style=\"margin-bottom: 0px\">Resource PlanDefinition &quot;IMMZ.DT.13.Tick-BorneEncephalitis&quot; </p></div><p><b>url</b>: <code>http://fhir.org/guides/who/smart-immunization/PlanDefinition/IMMZ.DT.13.Tick-BorneEncephalitis</code></p><p><b>version</b>: 0.1.0</p><p><b>name</b>: IMMZ.DT.13.Tick-BorneEncephalitis</p><p><b>title</b>: IMMZ.DT.13.Tick-BorneEncephalitis</p><p><b>status</b>: draft</p><p><b>date</b>: 2023-03-31 14:38:57+0000</p><p><b>publisher</b>: World Health Organization (WHO)</p><p><b>description</b>: If child or person has not been vaccinated, give Tick-Borne Encephalitis vaccine according to the defined schedule</p><p><b>jurisdiction</b>: Global (Whole world) <span style=\"background: LightGoldenRodYellow; margin: 4px; border: 1px solid khaki\"> (m49.htm#001)</span></p><p><b>library</b>: <a href=\"Library-IMMZDT13.html\">IMMZDT13</a></p><blockquote><p><b>action</b></p><p><b>title</b>: Immunize Patient for Tick-Borne Encephalitis - No Doses</p><p><b>description</b>: Provide Tick-Borne Encephalitis immunizations – using the &quot;FSME-Immun vaccine immunization – NO PREVIOUS&quot; schedule (3 dose scheme)</p><blockquote><p><b>condition</b></p><p><b>kind</b>: applicability</p><h3>Expressions</h3><table class=\"grid\"><tr><td>-</td><td><b>Description</b></td><td><b>Language</b></td><td><b>Expression</b></td></tr><tr><td>*</td><td>&quot;Tick-Borne Encephalitis immunization history&quot; = &quot;No-doses&quot;</td><td>text/cql</td><td>Should vaccinate patient for Tick-Borne Encephalitis using FSME-Immun because no doses on a 3 dose scheme</td></tr></table></blockquote><blockquote><p><b>condition</b></p><p><b>kind</b>: applicability</p><h3>Expressions</h3><table class=\"grid\"><tr><td>-</td><td><b>Description</b></td><td><b>Language</b></td><td><b>Expression</b></td></tr><tr><td>*</td><td>&quot;Current Patient Age in Years&quot; &gt;= 1</td><td>text/cql</td><td>Should vaccinate patient for Tick-Borne Encephalitis using FSME-Immun because no doses on a 3 dose scheme</td></tr></table></blockquote><blockquote><p><b>condition</b></p><p><b>kind</b>: applicability</p><h3>Expressions</h3><table class=\"grid\"><tr><td>-</td><td><b>Description</b></td><td><b>Language</b></td><td><b>Expression</b></td></tr><tr><td>*</td><td>&quot;Country recognizes TBE as a priority&quot; = TRUE</td><td>text/cql</td><td>Should vaccinate patient for Tick-Borne Encephalitis using FSME-Immun because no doses on a 3 dose scheme</td></tr></table></blockquote><p><b>definition</b>: <a href=\"ActivityDefinition-IMMZ.DT.13.TBE.01.html\">IMMZ.DT.13.TBE.01</a></p></blockquote><blockquote><p><b>action</b></p><p><b>title</b>: Immunize Patient for Tick-Borne Encephalitis - 1st Dose given 1-3 months ago</p><p><b>description</b>: Provide Tick-Borne Encephalitis immunizations – using the &quot;FSME-Immun vaccine immunization – 1 PREVIOUS&quot; schedule (3 dose scheme)</p><blockquote><p><b>condition</b></p><p><b>kind</b>: applicability</p><h3>Expressions</h3><table class=\"grid\"><tr><td>-</td><td><b>Description</b></td><td><b>Language</b></td><td><b>Expression</b></td></tr><tr><td>*</td><td>&quot;Tick-Borne Encephalitis immunization history&quot; = &quot;1 dose&quot;</td><td>text/cql</td><td>Should vaccinate patient for Tick-Borne Encephalitis using FSME-Immun because 1st dose given 1-3 months ago on a 3 dose scheme</td></tr></table></blockquote><blockquote><p><b>condition</b></p><p><b>kind</b>: applicability</p><h3>Expressions</h3><table class=\"grid\"><tr><td>-</td><td><b>Description</b></td><td><b>Language</b></td><td><b>Expression</b></td></tr><tr><td>*</td><td>&quot;Date last TBE dose given&quot; &gt;= &quot;1 month&quot;</td><td>text/cql</td><td>Should vaccinate patient for Tick-Borne Encephalitis using FSME-Immun because 1st dose given 1-3 months ago on a 3 dose scheme</td></tr></table></blockquote><blockquote><p><b>condition</b></p><p><b>kind</b>: applicability</p><h3>Expressions</h3><table class=\"grid\"><tr><td>-</td><td><b>Description</b></td><td><b>Language</b></td><td><b>Expression</b></td></tr><tr><td>*</td><td>&quot;Type of last TBE dose&quot; = &quot;FSME-Immun&quot;</td><td>text/cql</td><td>Should vaccinate patient for Tick-Borne Encephalitis using FSME-Immun because 1st dose given 1-3 months ago on a 3 dose scheme</td></tr></table></blockquote><p><b>definition</b>: <a href=\"ActivityDefinition-IMMZ.DT.13.TBE.02.html\">IMMZ.DT.13.TBE.02</a></p></blockquote><blockquote><p><b>action</b></p><p><b>title</b>: Immunize Patient for Tick-Borne Encephalitis - 2nd Dose given between 5 months to 12 months ago</p><p><b>description</b>: Provide Tick-Borne Encephalitis immunizations – using the &quot;FSME-Immun vaccine immunization – 2 PREVIOUS&quot; schedule (3 dose scheme)</p><blockquote><p><b>condition</b></p><p><b>kind</b>: applicability</p><h3>Expressions</h3><table class=\"grid\"><tr><td>-</td><td><b>Description</b></td><td><b>Language</b></td><td><b>Expression</b></td></tr><tr><td>*</td><td>&quot;Tick-Borne Encephalitis immunization history&quot; = &quot;2 doses&quot;</td><td>text/cql</td><td>Should vaccinate patient for Tick-Borne Encephalitis using FSME-Immun because 2nd doses given 5 months to 12 months ago on a 3 dose scheme</td></tr></table></blockquote><blockquote><p><b>condition</b></p><p><b>kind</b>: applicability</p><h3>Expressions</h3><table class=\"grid\"><tr><td>-</td><td><b>Description</b></td><td><b>Language</b></td><td><b>Expression</b></td></tr><tr><td>*</td><td>&quot;Date last TBE dose given&quot; &gt;= &quot;5 months&quot;</td><td>text/cql</td><td>Should vaccinate patient for Tick-Borne Encephalitis using FSME-Immun because 2nd doses given 5 months to 12 months ago on a 3 dose scheme</td></tr></table></blockquote><blockquote><p><b>condition</b></p><p><b>kind</b>: applicability</p><h3>Expressions</h3><table class=\"grid\"><tr><td>-</td><td><b>Description</b></td><td><b>Language</b></td><td><b>Expression</b></td></tr><tr><td>*</td><td>&quot;Type of last TBE dose&quot; = &quot;FSME-Immun&quot;</td><td>text/cql</td><td>Should vaccinate patient for Tick-Borne Encephalitis using FSME-Immun because 2nd doses given 5 months to 12 months ago on a 3 dose scheme</td></tr></table></blockquote><p><b>definition</b>: <a href=\"ActivityDefinition-IMMZ.DT.13.TBE.03.html\">IMMZ.DT.13.TBE.03</a></p></blockquote><blockquote><p><b>action</b></p><p><b>title</b>: Immunize Patient for Tick-Borne Encephalitis - Last dose given 3 years ago</p><p><b>description</b>: Provide Tick-Borne Encephalitis immunizations – using the &quot;FSME-Immun vaccine immunization – BOOSTER&quot; schedule (1 every 3-5 years)</p><blockquote><p><b>condition</b></p><p><b>kind</b>: applicability</p><h3>Expressions</h3><table class=\"grid\"><tr><td>-</td><td><b>Description</b></td><td><b>Language</b></td><td><b>Expression</b></td></tr><tr><td>*</td><td>&quot;Patient has completed TBE primary series&quot; = TRUE</td><td>text/cql</td><td>Should vaccinate patient for Tick-Borne Encephalitis Booster using FSME-Immun because last dose given 3 years ago</td></tr></table></blockquote><blockquote><p><b>condition</b></p><p><b>kind</b>: applicability</p><h3>Expressions</h3><table class=\"grid\"><tr><td>-</td><td><b>Description</b></td><td><b>Language</b></td><td><b>Expression</b></td></tr><tr><td>*</td><td>&quot;Date last TBE dose given&quot; &gt;= &quot;3 years&quot;</td><td>text/cql</td><td>Should vaccinate patient for Tick-Borne Encephalitis Booster using FSME-Immun because last dose given 3 years ago</td></tr></table></blockquote><blockquote><p><b>condition</b></p><p><b>kind</b>: applicability</p><h3>Expressions</h3><table class=\"grid\"><tr><td>-</td><td><b>Description</b></td><td><b>Language</b></td><td><b>Expression</b></td></tr><tr><td>*</td><td>&quot;Type of last TBE dose&quot; = &quot;FSME-Immun&quot;</td><td>text/cql</td><td>Should vaccinate patient for Tick-Borne Encephalitis Booster using FSME-Immun because last dose given 3 years ago</td></tr></table></blockquote><blockquote><p><b>condition</b></p><p><b>kind</b>: applicability</p><h3>Expressions</h3><table class=\"grid\"><tr><td>-</td><td><b>Description</b></td><td><b>Language</b></td><td><b>Expression</b></td></tr><tr><td>*</td><td>&quot;Country recognizes TBE as a priority&quot; = TRUE</td><td>text/cql</td><td>Should vaccinate patient for Tick-Borne Encephalitis Booster using FSME-Immun because last dose given 3 years ago</td></tr></table></blockquote><p><b>definition</b>: <a href=\"ActivityDefinition-IMMZ.DT.13.TBE.04.html\">IMMZ.DT.13.TBE.04</a></p></blockquote><blockquote><p><b>action</b></p><p><b>title</b>: Immunize Patient for Tick-Borne Encephalitis - No Doses</p><p><b>description</b>: Provide Tick-Borne Encephalitis immunizations – using the &quot;Encepur vaccine immunization – NO PREVIOUS&quot; schedule (3 dose scheme)</p><blockquote><p><b>condition</b></p><p><b>kind</b>: applicability</p><h3>Expressions</h3><table class=\"grid\"><tr><td>-</td><td><b>Description</b></td><td><b>Language</b></td><td><b>Expression</b></td></tr><tr><td>*</td><td>&quot;Tick-Borne Encephalitis immunization history&quot; = &quot;No-doses&quot;</td><td>text/cql</td><td>Should vaccinate patient for Tick-Borne Encephalitis using Encepur because no doses on a 3 dose scheme</td></tr></table></blockquote><blockquote><p><b>condition</b></p><p><b>kind</b>: applicability</p><h3>Expressions</h3><table class=\"grid\"><tr><td>-</td><td><b>Description</b></td><td><b>Language</b></td><td><b>Expression</b></td></tr><tr><td>*</td><td>&quot;Current Patient Age in Years&quot; &gt;= 1</td><td>text/cql</td><td>Should vaccinate patient for Tick-Borne Encephalitis using Encepur because no doses on a 3 dose scheme</td></tr></table></blockquote><blockquote><p><b>condition</b></p><p><b>kind</b>: applicability</p><h3>Expressions</h3><table class=\"grid\"><tr><td>-</td><td><b>Description</b></td><td><b>Language</b></td><td><b>Expression</b></td></tr><tr><td>*</td><td>&quot;Country recognizes TBE as a priority&quot; = TRUE</td><td>text/cql</td><td>Should vaccinate patient for Tick-Borne Encephalitis using Encepur because no doses on a 3 dose scheme</td></tr></table></blockquote><p><b>definition</b>: <a href=\"ActivityDefinition-IMMZ.DT.13.TBE.05.html\">IMMZ.DT.13.TBE.05</a></p></blockquote><blockquote><p><b>action</b></p><p><b>title</b>: Immunize Patient for Tick-Borne Encephalitis - 1st Dose given 1-3 months ago</p><p><b>description</b>: Provide Tick-Borne Encephalitis immunizations – using the &quot;Encepur vaccine immunization – 1 PREVIOUS&quot; schedule (3 dose scheme)</p><blockquote><p><b>condition</b></p><p><b>kind</b>: applicability</p><h3>Expressions</h3><table class=\"grid\"><tr><td>-</td><td><b>Description</b></td><td><b>Language</b></td><td><b>Expression</b></td></tr><tr><td>*</td><td>&quot;Tick-Borne Encephalitis immunization history&quot; = &quot;1 dose&quot;</td><td>text/cql</td><td>Should vaccinate patient for Tick-Borne Encephalitis using Encepur because 1st dose given 1-3 months ago on a 3 dose scheme</td></tr></table></blockquote><blockquote><p><b>condition</b></p><p><b>kind</b>: applicability</p><h3>Expressions</h3><table class=\"grid\"><tr><td>-</td><td><b>Description</b></td><td><b>Language</b></td><td><b>Expression</b></td></tr><tr><td>*</td><td>&quot;Date last TBE dose given&quot; &gt;= &quot;1 month&quot;</td><td>text/cql</td><td>Should vaccinate patient for Tick-Borne Encephalitis using Encepur because 1st dose given 1-3 months ago on a 3 dose scheme</td></tr></table></blockquote><blockquote><p><b>condition</b></p><p><b>kind</b>: applicability</p><h3>Expressions</h3><table class=\"grid\"><tr><td>-</td><td><b>Description</b></td><td><b>Language</b></td><td><b>Expression</b></td></tr><tr><td>*</td><td>&quot;Type of last TBE dose&quot; = &quot;Encepur&quot;</td><td>text/cql</td><td>Should vaccinate patient for Tick-Borne Encephalitis using Encepur because 1st dose given 1-3 months ago on a 3 dose scheme</td></tr></table></blockquote><p><b>definition</b>: <a href=\"ActivityDefinition-IMMZ.DT.13.TBE.06.html\">IMMZ.DT.13.TBE.06</a></p></blockquote><blockquote><p><b>action</b></p><p><b>title</b>: Immunize Patient for Tick-Borne Encephalitis - 2nd Dose given between 5 months to 12 months ago</p><p><b>description</b>: Provide Tick-Borne Encephalitis immunizations – using the &quot;Encepur vaccine immunization – 2 PREVIOUS&quot; schedule (3 dose scheme)</p><blockquote><p><b>condition</b></p><p><b>kind</b>: applicability</p><h3>Expressions</h3><table class=\"grid\"><tr><td>-</td><td><b>Description</b></td><td><b>Language</b></td><td><b>Expression</b></td></tr><tr><td>*</td><td>&quot;Tick-Borne Encephalitis immunization history&quot; = &quot;2 doses&quot;</td><td>text/cql</td><td>Should vaccinate patient for Tick-Borne Encephalitis using Encepur because 2nd doses given 5 months to 12 months ago on a 3 dose scheme</td></tr></table></blockquote><blockquote><p><b>condition</b></p><p><b>kind</b>: applicability</p><h3>Expressions</h3><table class=\"grid\"><tr><td>-</td><td><b>Description</b></td><td><b>Language</b></td><td><b>Expression</b></td></tr><tr><td>*</td><td>&quot;Date last TBE dose given&quot; &gt;= &quot;5 months&quot;</td><td>text/cql</td><td>Should vaccinate patient for Tick-Borne Encephalitis using Encepur because 2nd doses given 5 months to 12 months ago on a 3 dose scheme</td></tr></table></blockquote><blockquote><p><b>condition</b></p><p><b>kind</b>: applicability</p><h3>Expressions</h3><table class=\"grid\"><tr><td>-</td><td><b>Description</b></td><td><b>Language</b></td><td><b>Expression</b></td></tr><tr><td>*</td><td>&quot;Type of last TBE dose&quot; = &quot;Encepur&quot;</td><td>text/cql</td><td>Should vaccinate patient for Tick-Borne Encephalitis using Encepur because 2nd doses given 5 months to 12 months ago on a 3 dose scheme</td></tr></table></blockquote><p><b>definition</b>: <a href=\"ActivityDefinition-IMMZ.DT.13.TBE.07.html\">IMMZ.DT.13.TBE.07</a></p></blockquote><blockquote><p><b>action</b></p><p><b>title</b>: Immunize Patient for Tick-Borne Encephalitis - Last dose given 3 years ago</p><p><b>description</b>: Provide Tick-Borne Encephalitis immunizations – using the &quot;Encepur vaccine immunization – BOOSTER&quot; schedule (1 every 3-5 years)</p><blockquote><p><b>condition</b></p><p><b>kind</b>: applicability</p><h3>Expressions</h3><table class=\"grid\"><tr><td>-</td><td><b>Description</b></td><td><b>Language</b></td><td><b>Expression</b></td></tr><tr><td>*</td><td>&quot;Patient has completed TBE primary series&quot; = TRUE</td><td>text/cql</td><td>Should vaccinate patient for Tick-Borne Encephalitis Booster using Encepur because last dose given 3 years ago</td></tr></table></blockquote><blockquote><p><b>condition</b></p><p><b>kind</b>: applicability</p><h3>Expressions</h3><table class=\"grid\"><tr><td>-</td><td><b>Description</b></td><td><b>Language</b></td><td><b>Expression</b></td></tr><tr><td>*</td><td>&quot;Date last TBE dose given&quot; &gt;= &quot;3 years&quot;</td><td>text/cql</td><td>Should vaccinate patient for Tick-Borne Encephalitis Booster using Encepur because last dose given 3 years ago</td></tr></table></blockquote><blockquote><p><b>condition</b></p><p><b>kind</b>: applicability</p><h3>Expressions</h3><table class=\"grid\"><tr><td>-</td><td><b>Description</b></td><td><b>Language</b></td><td><b>Expression</b></td></tr><tr><td>*</td><td>&quot;Type of last TBE dose&quot; = &quot;Encepur&quot;</td><td>text/cql</td><td>Should vaccinate patient for Tick-Borne Encephalitis Booster using Encepur because last dose given 3 years ago</td></tr></table></blockquote><blockquote><p><b>condition</b></p><p><b>kind</b>: applicability</p><h3>Expressions</h3><table class=\"grid\"><tr><td>-</td><td><b>Description</b></td><td><b>Language</b></td><td><b>Expression</b></td></tr><tr><td>*</td><td>&quot;Country recognizes TBE as a priority&quot; = TRUE</td><td>text/cql</td><td>Should vaccinate patient for Tick-Borne Encephalitis Booster using Encepur because last dose given 3 years ago</td></tr></table></blockquote><p><b>definition</b>: <a href=\"ActivityDefinition-IMMZ.DT.13.TBE.08.html\">IMMZ.DT.13.TBE.08</a></p></blockquote><blockquote><p><b>action</b></p><p><b>title</b>: Immunize Patient for Tick-Borne Encephalitis - No Doses</p><p><b>description</b>: Provide Tick-Borne Encephalitis immunizations – using the &quot;TBE-Moscow vaccine immunization – NO PREVIOUS&quot; schedule (3 dose scheme)</p><blockquote><p><b>condition</b></p><p><b>kind</b>: applicability</p><h3>Expressions</h3><table class=\"grid\"><tr><td>-</td><td><b>Description</b></td><td><b>Language</b></td><td><b>Expression</b></td></tr><tr><td>*</td><td>&quot;Tick-Borne Encephalitis immunization history&quot; = &quot;No-doses&quot;</td><td>text/cql</td><td>Should vaccinate patient for Tick-Borne Encephalitis using TBE-Moscow because no doses on a 3 dose scheme</td></tr></table></blockquote><blockquote><p><b>condition</b></p><p><b>kind</b>: applicability</p><h3>Expressions</h3><table class=\"grid\"><tr><td>-</td><td><b>Description</b></td><td><b>Language</b></td><td><b>Expression</b></td></tr><tr><td>*</td><td>&quot;Current Patient Age in Years&quot; &gt;= 3</td><td>text/cql</td><td>Should vaccinate patient for Tick-Borne Encephalitis using TBE-Moscow because no doses on a 3 dose scheme</td></tr></table></blockquote><blockquote><p><b>condition</b></p><p><b>kind</b>: applicability</p><h3>Expressions</h3><table class=\"grid\"><tr><td>-</td><td><b>Description</b></td><td><b>Language</b></td><td><b>Expression</b></td></tr><tr><td>*</td><td>&quot;Country recognizes TBE as a priority&quot; = TRUE</td><td>text/cql</td><td>Should vaccinate patient for Tick-Borne Encephalitis using TBE-Moscow because no doses on a 3 dose scheme</td></tr></table></blockquote><p><b>definition</b>: <a href=\"ActivityDefinition-IMMZ.DT.13.TBE.09.html\">IMMZ.DT.13.TBE.09</a></p></blockquote><blockquote><p><b>action</b></p><p><b>title</b>: Immunize Patient for Tick-Borne Encephalitis - 1st Dose given 1 month ago</p><p><b>description</b>: Provide Tick-Borne Encephalitis immunizations – using the &quot;TBE-Moscow vaccine immunization – 1 PREVIOUS&quot; schedule (3 dose scheme)</p><blockquote><p><b>condition</b></p><p><b>kind</b>: applicability</p><h3>Expressions</h3><table class=\"grid\"><tr><td>-</td><td><b>Description</b></td><td><b>Language</b></td><td><b>Expression</b></td></tr><tr><td>*</td><td>&quot;Tick-Borne Encephalitis immunization history&quot; = &quot;1 dose&quot;</td><td>text/cql</td><td>Should vaccinate patient for Tick-Borne Encephalitis using TBE-Moscow because 1st dose given 1 month to 7 months ago on a 3 dose scheme</td></tr></table></blockquote><blockquote><p><b>condition</b></p><p><b>kind</b>: applicability</p><h3>Expressions</h3><table class=\"grid\"><tr><td>-</td><td><b>Description</b></td><td><b>Language</b></td><td><b>Expression</b></td></tr><tr><td>*</td><td>&quot;Date last TBE dose given&quot; &gt;=  &quot;1 month&quot;</td><td>text/cql</td><td>Should vaccinate patient for Tick-Borne Encephalitis using TBE-Moscow because 1st dose given 1 month to 7 months ago on a 3 dose scheme</td></tr></table></blockquote><blockquote><p><b>condition</b></p><p><b>kind</b>: applicability</p><h3>Expressions</h3><table class=\"grid\"><tr><td>-</td><td><b>Description</b></td><td><b>Language</b></td><td><b>Expression</b></td></tr><tr><td>*</td><td>&quot;Type of last TBE dose&quot; = &quot;TBE-Moscow&quot;</td><td>text/cql</td><td>Should vaccinate patient for Tick-Borne Encephalitis using TBE-Moscow because 1st dose given 1 month to 7 months ago on a 3 dose scheme</td></tr></table></blockquote><p><b>definition</b>: <a href=\"ActivityDefinition-IMMZ.DT.13.TBE.10.html\">IMMZ.DT.13.TBE.10</a></p></blockquote><blockquote><p><b>action</b></p><p><b>title</b>: Immunize Patient for Tick-Borne Encephalitis - 2nd Dose given 12 months ago</p><p><b>description</b>: Provide Tick-Borne Encephalitis immunizations – using the &quot;TBE-Moscow vaccine immunization – 2 PREVIOUS&quot; schedule (3 dose scheme)</p><blockquote><p><b>condition</b></p><p><b>kind</b>: applicability</p><h3>Expressions</h3><table class=\"grid\"><tr><td>-</td><td><b>Description</b></td><td><b>Language</b></td><td><b>Expression</b></td></tr><tr><td>*</td><td>&quot;Tick-Borne Encephalitis immunization history&quot; = &quot;2 doses&quot;</td><td>text/cql</td><td>Should vaccinate patient for Tick-Borne Encephalitis using TBE-Moscow because 2nd dose given 12 months ago on a 3 dose scheme</td></tr></table></blockquote><blockquote><p><b>condition</b></p><p><b>kind</b>: applicability</p><h3>Expressions</h3><table class=\"grid\"><tr><td>-</td><td><b>Description</b></td><td><b>Language</b></td><td><b>Expression</b></td></tr><tr><td>*</td><td>&quot;Date last TBE dose given&quot; &gt;=  &quot;12 months&quot;</td><td>text/cql</td><td>Should vaccinate patient for Tick-Borne Encephalitis using TBE-Moscow because 2nd dose given 12 months ago on a 3 dose scheme</td></tr></table></blockquote><blockquote><p><b>condition</b></p><p><b>kind</b>: applicability</p><h3>Expressions</h3><table class=\"grid\"><tr><td>-</td><td><b>Description</b></td><td><b>Language</b></td><td><b>Expression</b></td></tr><tr><td>*</td><td>&quot;Type of last TBE dose&quot; = &quot;TBE-Moscow&quot;</td><td>text/cql</td><td>Should vaccinate patient for Tick-Borne Encephalitis using TBE-Moscow because 2nd dose given 12 months ago on a 3 dose scheme</td></tr></table></blockquote><p><b>definition</b>: <a href=\"ActivityDefinition-IMMZ.DT.13.TBE.11.html\">IMMZ.DT.13.TBE.11</a></p></blockquote><blockquote><p><b>action</b></p><p><b>title</b>: Immunize Patient for Tick-Borne Encephalitis - Last TBE-Moscow dose given 3 years ago</p><p><b>description</b>: Provide Tick-Borne Encephalitis immunizations – using the &quot;TBE-Moscow vaccine immunization – BOOSTER&quot; schedule (1 every 3 years)</p><blockquote><p><b>condition</b></p><p><b>kind</b>: applicability</p><h3>Expressions</h3><table class=\"grid\"><tr><td>-</td><td><b>Description</b></td><td><b>Language</b></td><td><b>Expression</b></td></tr><tr><td>*</td><td>&quot;Patient has completed TBE primary series&quot; = TRUE</td><td>text/cql</td><td>Should vaccinate patient for TBE-Moscow Booster because last dose given 3 years ago</td></tr></table></blockquote><blockquote><p><b>condition</b></p><p><b>kind</b>: applicability</p><h3>Expressions</h3><table class=\"grid\"><tr><td>-</td><td><b>Description</b></td><td><b>Language</b></td><td><b>Expression</b></td></tr><tr><td>*</td><td>&quot;Date last TBE dose given&quot; &gt;= &quot;3 years&quot;</td><td>text/cql</td><td>Should vaccinate patient for TBE-Moscow Booster because last dose given 3 years ago</td></tr></table></blockquote><blockquote><p><b>condition</b></p><p><b>kind</b>: applicability</p><h3>Expressions</h3><table class=\"grid\"><tr><td>-</td><td><b>Description</b></td><td><b>Language</b></td><td><b>Expression</b></td></tr><tr><td>*</td><td>&quot;Type of last TBE dose&quot; = &quot;TBE-Moscow&quot;</td><td>text/cql</td><td>Should vaccinate patient for TBE-Moscow Booster because last dose given 3 years ago</td></tr></table></blockquote><blockquote><p><b>condition</b></p><p><b>kind</b>: applicability</p><h3>Expressions</h3><table class=\"grid\"><tr><td>-</td><td><b>Description</b></td><td><b>Language</b></td><td><b>Expression</b></td></tr><tr><td>*</td><td>&quot;Country recognizes TBE as a priority&quot; = TRUE</td><td>text/cql</td><td>Should vaccinate patient for TBE-Moscow Booster because last dose given 3 years ago</td></tr></table></blockquote><p><b>definition</b>: <a href=\"ActivityDefinition-IMMZ.DT.13.TBE.12.html\">IMMZ.DT.13.TBE.12</a></p></blockquote><blockquote><p><b>action</b></p><p><b>title</b>: Immunize Patient for Tick-Borne Encephalitis - No Doses</p><p><b>description</b>: Provide Tick-Borne Encephalitis immunizations – using the &quot;EnceVir vaccine immunization – NO PREVIOUS&quot; schedule (3 dose scheme)</p><blockquote><p><b>condition</b></p><p><b>kind</b>: applicability</p><h3>Expressions</h3><table class=\"grid\"><tr><td>-</td><td><b>Description</b></td><td><b>Language</b></td><td><b>Expression</b></td></tr><tr><td>*</td><td>&quot;Tick-Borne Encephalitis immunization history&quot; = &quot;No-doses&quot;</td><td>text/cql</td><td>Should vaccinate patient for Tick-Borne Encephalitis using EnceVir because no doses on a 3 dose scheme</td></tr></table></blockquote><blockquote><p><b>condition</b></p><p><b>kind</b>: applicability</p><h3>Expressions</h3><table class=\"grid\"><tr><td>-</td><td><b>Description</b></td><td><b>Language</b></td><td><b>Expression</b></td></tr><tr><td>*</td><td>&quot;Current Patient Age in Years&quot; &gt;= 3</td><td>text/cql</td><td>Should vaccinate patient for Tick-Borne Encephalitis using EnceVir because no doses on a 3 dose scheme</td></tr></table></blockquote><blockquote><p><b>condition</b></p><p><b>kind</b>: applicability</p><h3>Expressions</h3><table class=\"grid\"><tr><td>-</td><td><b>Description</b></td><td><b>Language</b></td><td><b>Expression</b></td></tr><tr><td>*</td><td>&quot;Country recognizes TBE as a priority&quot; = TRUE</td><td>text/cql</td><td>Should vaccinate patient for Tick-Borne Encephalitis using EnceVir because no doses on a 3 dose scheme</td></tr></table></blockquote><p><b>definition</b>: <a href=\"ActivityDefinition-IMMZ.DT.13.TBE.13.html\">IMMZ.DT.13.TBE.13</a></p></blockquote><blockquote><p><b>action</b></p><p><b>title</b>: Immunize Patient for Tick-Borne Encephalitis - 1st Dose given 1 month ago</p><p><b>description</b>: Provide Tick-Borne Encephalitis immunizations – using the &quot;EnceVir vaccine immunization – 1 PREVIOUS&quot; schedule (3 dose scheme)</p><blockquote><p><b>condition</b></p><p><b>kind</b>: applicability</p><h3>Expressions</h3><table class=\"grid\"><tr><td>-</td><td><b>Description</b></td><td><b>Language</b></td><td><b>Expression</b></td></tr><tr><td>*</td><td>&quot;Tick-Borne Encephalitis immunization history&quot; = &quot;1 dose&quot;</td><td>text/cql</td><td>Should vaccinate patient for Tick-Borne Encephalitis using EnceVir because 1st dose given 1 month to 7 months ago on a 3 dose scheme</td></tr></table></blockquote><blockquote><p><b>condition</b></p><p><b>kind</b>: applicability</p><h3>Expressions</h3><table class=\"grid\"><tr><td>-</td><td><b>Description</b></td><td><b>Language</b></td><td><b>Expression</b></td></tr><tr><td>*</td><td>&quot;Date last TBE dose given&quot; &gt;=  &quot;1 month&quot;</td><td>text/cql</td><td>Should vaccinate patient for Tick-Borne Encephalitis using EnceVir because 1st dose given 1 month to 7 months ago on a 3 dose scheme</td></tr></table></blockquote><blockquote><p><b>condition</b></p><p><b>kind</b>: applicability</p><h3>Expressions</h3><table class=\"grid\"><tr><td>-</td><td><b>Description</b></td><td><b>Language</b></td><td><b>Expression</b></td></tr><tr><td>*</td><td>&quot;Type of last TBE dose&quot; = &quot;EnceVir&quot;</td><td>text/cql</td><td>Should vaccinate patient for Tick-Borne Encephalitis using EnceVir because 1st dose given 1 month to 7 months ago on a 3 dose scheme</td></tr></table></blockquote><p><b>definition</b>: <a href=\"ActivityDefinition-IMMZ.DT.13.TBE.14.html\">IMMZ.DT.13.TBE.14</a></p></blockquote><blockquote><p><b>action</b></p><p><b>title</b>: Immunize Patient for Tick-Borne Encephalitis - 2nd Dose given 12 months ago</p><p><b>description</b>: Provide Tick-Borne Encephalitis immunizations – using the &quot;EnceVir vaccine immunization – 2 PREVIOUS&quot; schedule (3 dose scheme)</p><blockquote><p><b>condition</b></p><p><b>kind</b>: applicability</p><h3>Expressions</h3><table class=\"grid\"><tr><td>-</td><td><b>Description</b></td><td><b>Language</b></td><td><b>Expression</b></td></tr><tr><td>*</td><td>&quot;Tick-Borne Encephalitis immunization history&quot; = &quot;2 doses&quot;</td><td>text/cql</td><td>Should vaccinate patient for Tick-Borne Encephalitis using EnceVir because 2nd dose given 12 months ago on a 3 dose scheme</td></tr></table></blockquote><blockquote><p><b>condition</b></p><p><b>kind</b>: applicability</p><h3>Expressions</h3><table class=\"grid\"><tr><td>-</td><td><b>Description</b></td><td><b>Language</b></td><td><b>Expression</b></td></tr><tr><td>*</td><td>&quot;Date last TBE dose given&quot; &gt;=  &quot;12 months&quot;</td><td>text/cql</td><td>Should vaccinate patient for Tick-Borne Encephalitis using EnceVir because 2nd dose given 12 months ago on a 3 dose scheme</td></tr></table></blockquote><blockquote><p><b>condition</b></p><p><b>kind</b>: applicability</p><h3>Expressions</h3><table class=\"grid\"><tr><td>-</td><td><b>Description</b></td><td><b>Language</b></td><td><b>Expression</b></td></tr><tr><td>*</td><td>&quot;Type of last TBE dose&quot; = &quot;EnceVir&quot;</td><td>text/cql</td><td>Should vaccinate patient for Tick-Borne Encephalitis using EnceVir because 2nd dose given 12 months ago on a 3 dose scheme</td></tr></table></blockquote><p><b>definition</b>: <a href=\"ActivityDefinition-IMMZ.DT.13.TBE.15.html\">IMMZ.DT.13.TBE.15</a></p></blockquote><blockquote><p><b>action</b></p><p><b>title</b>: Immunize Patient for Tick-Borne Encephalitis - Last dose given 3 years ago</p><p><b>description</b>: Provide Tick-Borne Encephalitis immunizations – using the &quot;EnceVir vaccine immunization – BOOSTER&quot; schedule (1 every 3 years)</p><blockquote><p><b>condition</b></p><p><b>kind</b>: applicability</p><h3>Expressions</h3><table class=\"grid\"><tr><td>-</td><td><b>Description</b></td><td><b>Language</b></td><td><b>Expression</b></td></tr><tr><td>*</td><td>&quot;Patient has completed TBE primary series&quot; = TRUE</td><td>text/cql</td><td>Should vaccinate patient for Tick-Borne Encephalitis Booster using EnceVir because last dose given 3 years ago</td></tr></table></blockquote><blockquote><p><b>condition</b></p><p><b>kind</b>: applicability</p><h3>Expressions</h3><table class=\"grid\"><tr><td>-</td><td><b>Description</b></td><td><b>Language</b></td><td><b>Expression</b></td></tr><tr><td>*</td><td>&quot;Date last TBE dose given&quot; &gt;= &quot;3 years&quot;</td><td>text/cql</td><td>Should vaccinate patient for Tick-Borne Encephalitis Booster using EnceVir because last dose given 3 years ago</td></tr></table></blockquote><blockquote><p><b>condition</b></p><p><b>kind</b>: applicability</p><h3>Expressions</h3><table class=\"grid\"><tr><td>-</td><td><b>Description</b></td><td><b>Language</b></td><td><b>Expression</b></td></tr><tr><td>*</td><td>&quot;Type of last TBE dose&quot; = &quot;EnceVir&quot;</td><td>text/cql</td><td>Should vaccinate patient for Tick-Borne Encephalitis Booster using EnceVir because last dose given 3 years ago</td></tr></table></blockquote><blockquote><p><b>condition</b></p><p><b>kind</b>: applicability</p><h3>Expressions</h3><table class=\"grid\"><tr><td>-</td><td><b>Description</b></td><td><b>Language</b></td><td><b>Expression</b></td></tr><tr><td>*</td><td>&quot;Country recognizes TBE as a priority&quot; = TRUE</td><td>text/cql</td><td>Should vaccinate patient for Tick-Borne Encephalitis Booster using EnceVir because last dose given 3 years ago</td></tr></table></blockquote><p><b>definition</b>: <a href=\"ActivityDefinition-IMMZ.DT.13.TBE.16.html\">IMMZ.DT.13.TBE.16</a></p></blockquote></div>"
  },
  "url" : "http://fhir.org/guides/who/smart-immunization/PlanDefinition/IMMZ.DT.13.Tick-BorneEncephalitis",
  "version" : "0.1.0",
  "name" : "IMMZ.DT.13.Tick-BorneEncephalitis",
  "title" : "IMMZ.DT.13.Tick-BorneEncephalitis",
  "status" : "draft",
  "date" : "2023-03-31T14:38:57+00:00",
  "publisher" : "World Health Organization (WHO)",
  "description" : "If child or person has not been vaccinated, give Tick-Borne Encephalitis vaccine according to the defined schedule",
  "jurisdiction" : [{
    "coding" : [{
      "system" : "http://unstats.un.org/unsd/methods/m49/m49.htm",
      "code" : "001"
    }]
  }],
  "library" : ["http://fhir.org/guides/who/smart-immunization/Library/IMMZDT13"],
  "action" : [{
    "title" : "Immunize Patient for Tick-Borne Encephalitis - No Doses",
    "description" : "Provide Tick-Borne Encephalitis immunizations – using the \"FSME-Immun vaccine immunization – NO PREVIOUS\" schedule (3 dose scheme)",
    "condition" : [{
      "kind" : "applicability",
      "expression" : {
        "description" : "\"Tick-Borne Encephalitis immunization history\" = \"No-doses\"",
        "language" : "text/cql",
        "expression" : "Should vaccinate patient for Tick-Borne Encephalitis using FSME-Immun because no doses on a 3 dose scheme"
      }
    },
    {
      "kind" : "applicability",
      "expression" : {
        "description" : "\"Current Patient Age in Years\" >= 1",
        "language" : "text/cql",
        "expression" : "Should vaccinate patient for Tick-Borne Encephalitis using FSME-Immun because no doses on a 3 dose scheme"
      }
    },
    {
      "kind" : "applicability",
      "expression" : {
        "description" : "\"Country recognizes TBE as a priority\" = TRUE",
        "language" : "text/cql",
        "expression" : "Should vaccinate patient for Tick-Borne Encephalitis using FSME-Immun because no doses on a 3 dose scheme"
      }
    }],
    "definitionCanonical" : "http://fhir.org/guides/who/smart-immunization/ActivityDefinition/IMMZ.DT.13.TBE.01"
  },
  {
    "title" : "Immunize Patient for Tick-Borne Encephalitis - 1st Dose given 1-3 months ago",
    "description" : "Provide Tick-Borne Encephalitis immunizations – using the \"FSME-Immun vaccine immunization – 1 PREVIOUS\" schedule (3 dose scheme)",
    "condition" : [{
      "kind" : "applicability",
      "expression" : {
        "description" : "\"Tick-Borne Encephalitis immunization history\" = \"1 dose\"",
        "language" : "text/cql",
        "expression" : "Should vaccinate patient for Tick-Borne Encephalitis using FSME-Immun because 1st dose given 1-3 months ago on a 3 dose scheme"
      }
    },
    {
      "kind" : "applicability",
      "expression" : {
        "description" : "\"Date last TBE dose given\" >= \"1 month\"",
        "language" : "text/cql",
        "expression" : "Should vaccinate patient for Tick-Borne Encephalitis using FSME-Immun because 1st dose given 1-3 months ago on a 3 dose scheme"
      }
    },
    {
      "kind" : "applicability",
      "expression" : {
        "description" : "\"Type of last TBE dose\" = \"FSME-Immun\"",
        "language" : "text/cql",
        "expression" : "Should vaccinate patient for Tick-Borne Encephalitis using FSME-Immun because 1st dose given 1-3 months ago on a 3 dose scheme"
      }
    }],
    "definitionCanonical" : "http://fhir.org/guides/who/smart-immunization/ActivityDefinition/IMMZ.DT.13.TBE.02"
  },
  {
    "title" : "Immunize Patient for Tick-Borne Encephalitis - 2nd Dose given between 5 months to 12 months ago",
    "description" : "Provide Tick-Borne Encephalitis immunizations – using the \"FSME-Immun vaccine immunization – 2 PREVIOUS\" schedule (3 dose scheme)",
    "condition" : [{
      "kind" : "applicability",
      "expression" : {
        "description" : "\"Tick-Borne Encephalitis immunization history\" = \"2 doses\"",
        "language" : "text/cql",
        "expression" : "Should vaccinate patient for Tick-Borne Encephalitis using FSME-Immun because 2nd doses given 5 months to 12 months ago on a 3 dose scheme"
      }
    },
    {
      "kind" : "applicability",
      "expression" : {
        "description" : "\"Date last TBE dose given\" >= \"5 months\"",
        "language" : "text/cql",
        "expression" : "Should vaccinate patient for Tick-Borne Encephalitis using FSME-Immun because 2nd doses given 5 months to 12 months ago on a 3 dose scheme"
      }
    },
    {
      "kind" : "applicability",
      "expression" : {
        "description" : "\"Type of last TBE dose\" = \"FSME-Immun\"",
        "language" : "text/cql",
        "expression" : "Should vaccinate patient for Tick-Borne Encephalitis using FSME-Immun because 2nd doses given 5 months to 12 months ago on a 3 dose scheme"
      }
    }],
    "definitionCanonical" : "http://fhir.org/guides/who/smart-immunization/ActivityDefinition/IMMZ.DT.13.TBE.03"
  },
  {
    "title" : "Immunize Patient for Tick-Borne Encephalitis - Last dose given 3 years ago",
    "description" : "Provide Tick-Borne Encephalitis immunizations – using the \"FSME-Immun vaccine immunization – BOOSTER\" schedule (1 every 3-5 years)",
    "condition" : [{
      "kind" : "applicability",
      "expression" : {
        "description" : "\"Patient has completed TBE primary series\" = TRUE",
        "language" : "text/cql",
        "expression" : "Should vaccinate patient for Tick-Borne Encephalitis Booster using FSME-Immun because last dose given 3 years ago"
      }
    },
    {
      "kind" : "applicability",
      "expression" : {
        "description" : "\"Date last TBE dose given\" >= \"3 years\"",
        "language" : "text/cql",
        "expression" : "Should vaccinate patient for Tick-Borne Encephalitis Booster using FSME-Immun because last dose given 3 years ago"
      }
    },
    {
      "kind" : "applicability",
      "expression" : {
        "description" : "\"Type of last TBE dose\" = \"FSME-Immun\"",
        "language" : "text/cql",
        "expression" : "Should vaccinate patient for Tick-Borne Encephalitis Booster using FSME-Immun because last dose given 3 years ago"
      }
    },
    {
      "kind" : "applicability",
      "expression" : {
        "description" : "\"Country recognizes TBE as a priority\" = TRUE",
        "language" : "text/cql",
        "expression" : "Should vaccinate patient for Tick-Borne Encephalitis Booster using FSME-Immun because last dose given 3 years ago"
      }
    }],
    "definitionCanonical" : "http://fhir.org/guides/who/smart-immunization/ActivityDefinition/IMMZ.DT.13.TBE.04"
  },
  {
    "title" : "Immunize Patient for Tick-Borne Encephalitis - No Doses",
    "description" : "Provide Tick-Borne Encephalitis immunizations – using the \"Encepur vaccine immunization – NO PREVIOUS\" schedule (3 dose scheme)",
    "condition" : [{
      "kind" : "applicability",
      "expression" : {
        "description" : "\"Tick-Borne Encephalitis immunization history\" = \"No-doses\"",
        "language" : "text/cql",
        "expression" : "Should vaccinate patient for Tick-Borne Encephalitis using Encepur because no doses on a 3 dose scheme"
      }
    },
    {
      "kind" : "applicability",
      "expression" : {
        "description" : "\"Current Patient Age in Years\" >= 1",
        "language" : "text/cql",
        "expression" : "Should vaccinate patient for Tick-Borne Encephalitis using Encepur because no doses on a 3 dose scheme"
      }
    },
    {
      "kind" : "applicability",
      "expression" : {
        "description" : "\"Country recognizes TBE as a priority\" = TRUE",
        "language" : "text/cql",
        "expression" : "Should vaccinate patient for Tick-Borne Encephalitis using Encepur because no doses on a 3 dose scheme"
      }
    }],
    "definitionCanonical" : "http://fhir.org/guides/who/smart-immunization/ActivityDefinition/IMMZ.DT.13.TBE.05"
  },
  {
    "title" : "Immunize Patient for Tick-Borne Encephalitis - 1st Dose given 1-3 months ago",
    "description" : "Provide Tick-Borne Encephalitis immunizations – using the \"Encepur vaccine immunization – 1 PREVIOUS\" schedule (3 dose scheme)",
    "condition" : [{
      "kind" : "applicability",
      "expression" : {
        "description" : "\"Tick-Borne Encephalitis immunization history\" = \"1 dose\"",
        "language" : "text/cql",
        "expression" : "Should vaccinate patient for Tick-Borne Encephalitis using Encepur because 1st dose given 1-3 months ago on a 3 dose scheme"
      }
    },
    {
      "kind" : "applicability",
      "expression" : {
        "description" : "\"Date last TBE dose given\" >= \"1 month\"",
        "language" : "text/cql",
        "expression" : "Should vaccinate patient for Tick-Borne Encephalitis using Encepur because 1st dose given 1-3 months ago on a 3 dose scheme"
      }
    },
    {
      "kind" : "applicability",
      "expression" : {
        "description" : "\"Type of last TBE dose\" = \"Encepur\"",
        "language" : "text/cql",
        "expression" : "Should vaccinate patient for Tick-Borne Encephalitis using Encepur because 1st dose given 1-3 months ago on a 3 dose scheme"
      }
    }],
    "definitionCanonical" : "http://fhir.org/guides/who/smart-immunization/ActivityDefinition/IMMZ.DT.13.TBE.06"
  },
  {
    "title" : "Immunize Patient for Tick-Borne Encephalitis - 2nd Dose given between 5 months to 12 months ago",
    "description" : "Provide Tick-Borne Encephalitis immunizations – using the \"Encepur vaccine immunization – 2 PREVIOUS\" schedule (3 dose scheme)",
    "condition" : [{
      "kind" : "applicability",
      "expression" : {
        "description" : "\"Tick-Borne Encephalitis immunization history\" = \"2 doses\"",
        "language" : "text/cql",
        "expression" : "Should vaccinate patient for Tick-Borne Encephalitis using Encepur because 2nd doses given 5 months to 12 months ago on a 3 dose scheme"
      }
    },
    {
      "kind" : "applicability",
      "expression" : {
        "description" : "\"Date last TBE dose given\" >= \"5 months\"",
        "language" : "text/cql",
        "expression" : "Should vaccinate patient for Tick-Borne Encephalitis using Encepur because 2nd doses given 5 months to 12 months ago on a 3 dose scheme"
      }
    },
    {
      "kind" : "applicability",
      "expression" : {
        "description" : "\"Type of last TBE dose\" = \"Encepur\"",
        "language" : "text/cql",
        "expression" : "Should vaccinate patient for Tick-Borne Encephalitis using Encepur because 2nd doses given 5 months to 12 months ago on a 3 dose scheme"
      }
    }],
    "definitionCanonical" : "http://fhir.org/guides/who/smart-immunization/ActivityDefinition/IMMZ.DT.13.TBE.07"
  },
  {
    "title" : "Immunize Patient for Tick-Borne Encephalitis - Last dose given 3 years ago",
    "description" : "Provide Tick-Borne Encephalitis immunizations – using the \"Encepur vaccine immunization – BOOSTER\" schedule (1 every 3-5 years)",
    "condition" : [{
      "kind" : "applicability",
      "expression" : {
        "description" : "\"Patient has completed TBE primary series\" = TRUE",
        "language" : "text/cql",
        "expression" : "Should vaccinate patient for Tick-Borne Encephalitis Booster using Encepur because last dose given 3 years ago"
      }
    },
    {
      "kind" : "applicability",
      "expression" : {
        "description" : "\"Date last TBE dose given\" >= \"3 years\"",
        "language" : "text/cql",
        "expression" : "Should vaccinate patient for Tick-Borne Encephalitis Booster using Encepur because last dose given 3 years ago"
      }
    },
    {
      "kind" : "applicability",
      "expression" : {
        "description" : "\"Type of last TBE dose\" = \"Encepur\"",
        "language" : "text/cql",
        "expression" : "Should vaccinate patient for Tick-Borne Encephalitis Booster using Encepur because last dose given 3 years ago"
      }
    },
    {
      "kind" : "applicability",
      "expression" : {
        "description" : "\"Country recognizes TBE as a priority\" = TRUE",
        "language" : "text/cql",
        "expression" : "Should vaccinate patient for Tick-Borne Encephalitis Booster using Encepur because last dose given 3 years ago"
      }
    }],
    "definitionCanonical" : "http://fhir.org/guides/who/smart-immunization/ActivityDefinition/IMMZ.DT.13.TBE.08"
  },
  {
    "title" : "Immunize Patient for Tick-Borne Encephalitis - No Doses",
    "description" : "Provide Tick-Borne Encephalitis immunizations – using the \"TBE-Moscow vaccine immunization – NO PREVIOUS\" schedule (3 dose scheme)",
    "condition" : [{
      "kind" : "applicability",
      "expression" : {
        "description" : "\"Tick-Borne Encephalitis immunization history\" = \"No-doses\"",
        "language" : "text/cql",
        "expression" : "Should vaccinate patient for Tick-Borne Encephalitis using TBE-Moscow because no doses on a 3 dose scheme"
      }
    },
    {
      "kind" : "applicability",
      "expression" : {
        "description" : "\"Current Patient Age in Years\" >= 3",
        "language" : "text/cql",
        "expression" : "Should vaccinate patient for Tick-Borne Encephalitis using TBE-Moscow because no doses on a 3 dose scheme"
      }
    },
    {
      "kind" : "applicability",
      "expression" : {
        "description" : "\"Country recognizes TBE as a priority\" = TRUE",
        "language" : "text/cql",
        "expression" : "Should vaccinate patient for Tick-Borne Encephalitis using TBE-Moscow because no doses on a 3 dose scheme"
      }
    }],
    "definitionCanonical" : "http://fhir.org/guides/who/smart-immunization/ActivityDefinition/IMMZ.DT.13.TBE.09"
  },
  {
    "title" : "Immunize Patient for Tick-Borne Encephalitis - 1st Dose given 1 month ago",
    "description" : "Provide Tick-Borne Encephalitis immunizations – using the \"TBE-Moscow vaccine immunization – 1 PREVIOUS\" schedule (3 dose scheme)",
    "condition" : [{
      "kind" : "applicability",
      "expression" : {
        "description" : "\"Tick-Borne Encephalitis immunization history\" = \"1 dose\"",
        "language" : "text/cql",
        "expression" : "Should vaccinate patient for Tick-Borne Encephalitis using TBE-Moscow because 1st dose given 1 month to 7 months ago on a 3 dose scheme"
      }
    },
    {
      "kind" : "applicability",
      "expression" : {
        "description" : "\"Date last TBE dose given\" >=  \"1 month\"",
        "language" : "text/cql",
        "expression" : "Should vaccinate patient for Tick-Borne Encephalitis using TBE-Moscow because 1st dose given 1 month to 7 months ago on a 3 dose scheme"
      }
    },
    {
      "kind" : "applicability",
      "expression" : {
        "description" : "\"Type of last TBE dose\" = \"TBE-Moscow\"",
        "language" : "text/cql",
        "expression" : "Should vaccinate patient for Tick-Borne Encephalitis using TBE-Moscow because 1st dose given 1 month to 7 months ago on a 3 dose scheme"
      }
    }],
    "definitionCanonical" : "http://fhir.org/guides/who/smart-immunization/ActivityDefinition/IMMZ.DT.13.TBE.10"
  },
  {
    "title" : "Immunize Patient for Tick-Borne Encephalitis - 2nd Dose given 12 months ago",
    "description" : "Provide Tick-Borne Encephalitis immunizations – using the \"TBE-Moscow vaccine immunization – 2 PREVIOUS\" schedule (3 dose scheme)",
    "condition" : [{
      "kind" : "applicability",
      "expression" : {
        "description" : "\"Tick-Borne Encephalitis immunization history\" = \"2 doses\"",
        "language" : "text/cql",
        "expression" : "Should vaccinate patient for Tick-Borne Encephalitis using TBE-Moscow because 2nd dose given 12 months ago on a 3 dose scheme"
      }
    },
    {
      "kind" : "applicability",
      "expression" : {
        "description" : "\"Date last TBE dose given\" >=  \"12 months\"",
        "language" : "text/cql",
        "expression" : "Should vaccinate patient for Tick-Borne Encephalitis using TBE-Moscow because 2nd dose given 12 months ago on a 3 dose scheme"
      }
    },
    {
      "kind" : "applicability",
      "expression" : {
        "description" : "\"Type of last TBE dose\" = \"TBE-Moscow\"",
        "language" : "text/cql",
        "expression" : "Should vaccinate patient for Tick-Borne Encephalitis using TBE-Moscow because 2nd dose given 12 months ago on a 3 dose scheme"
      }
    }],
    "definitionCanonical" : "http://fhir.org/guides/who/smart-immunization/ActivityDefinition/IMMZ.DT.13.TBE.11"
  },
  {
    "title" : "Immunize Patient for Tick-Borne Encephalitis - Last TBE-Moscow dose given 3 years ago",
    "description" : "Provide Tick-Borne Encephalitis immunizations – using the \"TBE-Moscow vaccine immunization – BOOSTER\" schedule (1 every 3 years)",
    "condition" : [{
      "kind" : "applicability",
      "expression" : {
        "description" : "\"Patient has completed TBE primary series\" = TRUE",
        "language" : "text/cql",
        "expression" : "Should vaccinate patient for TBE-Moscow Booster because last dose given 3 years ago"
      }
    },
    {
      "kind" : "applicability",
      "expression" : {
        "description" : "\"Date last TBE dose given\" >= \"3 years\"",
        "language" : "text/cql",
        "expression" : "Should vaccinate patient for TBE-Moscow Booster because last dose given 3 years ago"
      }
    },
    {
      "kind" : "applicability",
      "expression" : {
        "description" : "\"Type of last TBE dose\" = \"TBE-Moscow\"",
        "language" : "text/cql",
        "expression" : "Should vaccinate patient for TBE-Moscow Booster because last dose given 3 years ago"
      }
    },
    {
      "kind" : "applicability",
      "expression" : {
        "description" : "\"Country recognizes TBE as a priority\" = TRUE",
        "language" : "text/cql",
        "expression" : "Should vaccinate patient for TBE-Moscow Booster because last dose given 3 years ago"
      }
    }],
    "definitionCanonical" : "http://fhir.org/guides/who/smart-immunization/ActivityDefinition/IMMZ.DT.13.TBE.12"
  },
  {
    "title" : "Immunize Patient for Tick-Borne Encephalitis - No Doses",
    "description" : "Provide Tick-Borne Encephalitis immunizations – using the \"EnceVir vaccine immunization – NO PREVIOUS\" schedule (3 dose scheme)",
    "condition" : [{
      "kind" : "applicability",
      "expression" : {
        "description" : "\"Tick-Borne Encephalitis immunization history\" = \"No-doses\"",
        "language" : "text/cql",
        "expression" : "Should vaccinate patient for Tick-Borne Encephalitis using EnceVir because no doses on a 3 dose scheme"
      }
    },
    {
      "kind" : "applicability",
      "expression" : {
        "description" : "\"Current Patient Age in Years\" >= 3",
        "language" : "text/cql",
        "expression" : "Should vaccinate patient for Tick-Borne Encephalitis using EnceVir because no doses on a 3 dose scheme"
      }
    },
    {
      "kind" : "applicability",
      "expression" : {
        "description" : "\"Country recognizes TBE as a priority\" = TRUE",
        "language" : "text/cql",
        "expression" : "Should vaccinate patient for Tick-Borne Encephalitis using EnceVir because no doses on a 3 dose scheme"
      }
    }],
    "definitionCanonical" : "http://fhir.org/guides/who/smart-immunization/ActivityDefinition/IMMZ.DT.13.TBE.13"
  },
  {
    "title" : "Immunize Patient for Tick-Borne Encephalitis - 1st Dose given 1 month ago",
    "description" : "Provide Tick-Borne Encephalitis immunizations – using the \"EnceVir vaccine immunization – 1 PREVIOUS\" schedule (3 dose scheme)",
    "condition" : [{
      "kind" : "applicability",
      "expression" : {
        "description" : "\"Tick-Borne Encephalitis immunization history\" = \"1 dose\"",
        "language" : "text/cql",
        "expression" : "Should vaccinate patient for Tick-Borne Encephalitis using EnceVir because 1st dose given 1 month to 7 months ago on a 3 dose scheme"
      }
    },
    {
      "kind" : "applicability",
      "expression" : {
        "description" : "\"Date last TBE dose given\" >=  \"1 month\"",
        "language" : "text/cql",
        "expression" : "Should vaccinate patient for Tick-Borne Encephalitis using EnceVir because 1st dose given 1 month to 7 months ago on a 3 dose scheme"
      }
    },
    {
      "kind" : "applicability",
      "expression" : {
        "description" : "\"Type of last TBE dose\" = \"EnceVir\"",
        "language" : "text/cql",
        "expression" : "Should vaccinate patient for Tick-Borne Encephalitis using EnceVir because 1st dose given 1 month to 7 months ago on a 3 dose scheme"
      }
    }],
    "definitionCanonical" : "http://fhir.org/guides/who/smart-immunization/ActivityDefinition/IMMZ.DT.13.TBE.14"
  },
  {
    "title" : "Immunize Patient for Tick-Borne Encephalitis - 2nd Dose given 12 months ago",
    "description" : "Provide Tick-Borne Encephalitis immunizations – using the \"EnceVir vaccine immunization – 2 PREVIOUS\" schedule (3 dose scheme)",
    "condition" : [{
      "kind" : "applicability",
      "expression" : {
        "description" : "\"Tick-Borne Encephalitis immunization history\" = \"2 doses\"",
        "language" : "text/cql",
        "expression" : "Should vaccinate patient for Tick-Borne Encephalitis using EnceVir because 2nd dose given 12 months ago on a 3 dose scheme"
      }
    },
    {
      "kind" : "applicability",
      "expression" : {
        "description" : "\"Date last TBE dose given\" >=  \"12 months\"",
        "language" : "text/cql",
        "expression" : "Should vaccinate patient for Tick-Borne Encephalitis using EnceVir because 2nd dose given 12 months ago on a 3 dose scheme"
      }
    },
    {
      "kind" : "applicability",
      "expression" : {
        "description" : "\"Type of last TBE dose\" = \"EnceVir\"",
        "language" : "text/cql",
        "expression" : "Should vaccinate patient for Tick-Borne Encephalitis using EnceVir because 2nd dose given 12 months ago on a 3 dose scheme"
      }
    }],
    "definitionCanonical" : "http://fhir.org/guides/who/smart-immunization/ActivityDefinition/IMMZ.DT.13.TBE.15"
  },
  {
    "title" : "Immunize Patient for Tick-Borne Encephalitis - Last dose given 3 years ago",
    "description" : "Provide Tick-Borne Encephalitis immunizations – using the \"EnceVir vaccine immunization – BOOSTER\" schedule (1 every 3 years)",
    "condition" : [{
      "kind" : "applicability",
      "expression" : {
        "description" : "\"Patient has completed TBE primary series\" = TRUE",
        "language" : "text/cql",
        "expression" : "Should vaccinate patient for Tick-Borne Encephalitis Booster using EnceVir because last dose given 3 years ago"
      }
    },
    {
      "kind" : "applicability",
      "expression" : {
        "description" : "\"Date last TBE dose given\" >= \"3 years\"",
        "language" : "text/cql",
        "expression" : "Should vaccinate patient for Tick-Borne Encephalitis Booster using EnceVir because last dose given 3 years ago"
      }
    },
    {
      "kind" : "applicability",
      "expression" : {
        "description" : "\"Type of last TBE dose\" = \"EnceVir\"",
        "language" : "text/cql",
        "expression" : "Should vaccinate patient for Tick-Borne Encephalitis Booster using EnceVir because last dose given 3 years ago"
      }
    },
    {
      "kind" : "applicability",
      "expression" : {
        "description" : "\"Country recognizes TBE as a priority\" = TRUE",
        "language" : "text/cql",
        "expression" : "Should vaccinate patient for Tick-Borne Encephalitis Booster using EnceVir because last dose given 3 years ago"
      }
    }],
    "definitionCanonical" : "http://fhir.org/guides/who/smart-immunization/ActivityDefinition/IMMZ.DT.13.TBE.16"
  }]
}