{
  "resourceType" : "PlanDefinition",
  "id" : "IMMZ.DT.06.Pneumococcal",
  "text" : {
    "status" : "generated",
    "div" : "<div xmlns=\"http://www.w3.org/1999/xhtml\"><p><b>Generated Narrative: PlanDefinition</b><a name=\"IMMZ.DT.06.Pneumococcal\"> </a></p><div style=\"display: inline-block; background-color: #d9e0e7; padding: 6px; margin: 4px; border: 1px solid #8da1b4; border-radius: 5px; line-height: 60%\"><p style=\"margin-bottom: 0px\">Resource PlanDefinition &quot;IMMZ.DT.06.Pneumococcal&quot; </p></div><p><b>url</b>: <code>http://fhir.org/guides/who/smart-immunization/PlanDefinition/IMMZ.DT.06.Pneumococcal</code></p><p><b>version</b>: 0.1.0</p><p><b>name</b>: IMMZ.DT.06.Pneumococcal</p><p><b>title</b>: IMMZ.DT.06.Pneumococcal</p><p><b>status</b>: draft</p><p><b>date</b>: 2023-03-31 14:38:57+0000</p><p><b>publisher</b>: World Health Organization (WHO)</p><p><b>description</b>: If child or person has not been vaccinated, give Pneumococcal vaccine minimum age 6 weeks old</p><p><b>jurisdiction</b>: Global (Whole world) <span style=\"background: LightGoldenRodYellow; margin: 4px; border: 1px solid khaki\"> (m49.htm#001)</span></p><p><b>library</b>: <a href=\"Library-IMMZDT06.html\">IMMZDT06</a></p><blockquote><p><b>action</b></p><p><b>title</b>: Immunize Patient for Pneumococcal - No Doses</p><p><b>description</b>: Provide Pneumococcal immunizations – using the &quot;PCV immunization 2p+1 schedule – NO PREVIOUS&quot; schedule (2 dose scheme)</p><blockquote><p><b>condition</b></p><p><b>kind</b>: applicability</p><h3>Expressions</h3><table class=\"grid\"><tr><td>-</td><td><b>Description</b></td><td><b>Language</b></td><td><b>Expression</b></td></tr><tr><td>*</td><td>&quot;Pneumococcal vaccine immunization history&quot; = &quot;No-doses&quot;</td><td>text/cql</td><td>Should vaccinate patient for Pneumococcal because no doses in a 2 dose scheme</td></tr></table></blockquote><blockquote><p><b>condition</b></p><p><b>kind</b>: applicability</p><h3>Expressions</h3><table class=\"grid\"><tr><td>-</td><td><b>Description</b></td><td><b>Language</b></td><td><b>Expression</b></td></tr><tr><td>*</td><td>&quot;Current Patient Age in Weeks&quot; &gt;= 6</td><td>text/cql</td><td>Should vaccinate patient for Pneumococcal because no doses in a 2 dose scheme</td></tr></table></blockquote><blockquote><p><b>condition</b></p><p><b>kind</b>: applicability</p><h3>Expressions</h3><table class=\"grid\"><tr><td>-</td><td><b>Description</b></td><td><b>Language</b></td><td><b>Expression</b></td></tr><tr><td>*</td><td>&quot;Country is following a 2 dose scheme&quot; = TRUE</td><td>text/cql</td><td>Should vaccinate patient for Pneumococcal because no doses in a 2 dose scheme</td></tr></table></blockquote><p><b>definition</b>: <a href=\"ActivityDefinition-IMMZ.DT.06.Pneumococcal.01.html\">IMMZ.DT.06.Pneumococcal.01</a></p></blockquote><blockquote><p><b>action</b></p><p><b>title</b>: Immunize Patient for Pneumococcal - 1 Dose</p><p><b>description</b>: Provide Pneumococcal immunizations – using the &quot;PCV immunization 2p+1 schedule – 1 PREVIOUS&quot; schedule (2 dose scheme)</p><blockquote><p><b>condition</b></p><p><b>kind</b>: applicability</p><h3>Expressions</h3><table class=\"grid\"><tr><td>-</td><td><b>Description</b></td><td><b>Language</b></td><td><b>Expression</b></td></tr><tr><td>*</td><td>&quot;Pneumococcal vaccine immunization history&quot; = &quot;1 dose&quot;</td><td>text/cql</td><td>Should vaccinate patient for Pneumococcal because 1 dose in a 2 dose scheme</td></tr></table></blockquote><blockquote><p><b>condition</b></p><p><b>kind</b>: applicability</p><h3>Expressions</h3><table class=\"grid\"><tr><td>-</td><td><b>Description</b></td><td><b>Language</b></td><td><b>Expression</b></td></tr><tr><td>*</td><td>&quot;Date last Pneumococcal dose given&quot; &gt;= &quot;8 weeks&quot;</td><td>text/cql</td><td>Should vaccinate patient for Pneumococcal because 1 dose in a 2 dose scheme</td></tr></table></blockquote><blockquote><p><b>condition</b></p><p><b>kind</b>: applicability</p><h3>Expressions</h3><table class=\"grid\"><tr><td>-</td><td><b>Description</b></td><td><b>Language</b></td><td><b>Expression</b></td></tr><tr><td>*</td><td>&quot;Current Patient Age in Weeks&quot; &gt;= 6</td><td>text/cql</td><td>Should vaccinate patient for Pneumococcal because 1 dose in a 2 dose scheme</td></tr></table></blockquote><blockquote><p><b>condition</b></p><p><b>kind</b>: applicability</p><h3>Expressions</h3><table class=\"grid\"><tr><td>-</td><td><b>Description</b></td><td><b>Language</b></td><td><b>Expression</b></td></tr><tr><td>*</td><td>&quot;Country is using a 2 dose scheme&quot; = TRUE</td><td>text/cql</td><td>Should vaccinate patient for Pneumococcal because 1 dose in a 2 dose scheme</td></tr></table></blockquote><p><b>definition</b>: <a href=\"ActivityDefinition-IMMZ.DT.06.Pneumococcal.02.html\">IMMZ.DT.06.Pneumococcal.02</a></p></blockquote><blockquote><p><b>action</b></p><p><b>title</b>: Immunize Patient for Pneumococcal - Booster</p><p><b>description</b>: Provide Pneumococcal immunizations – using the &quot;PCV immunization 2p+1 schedule – 2 PREVIOUS&quot; schedule (2 dose scheme + booster)</p><blockquote><p><b>condition</b></p><p><b>kind</b>: applicability</p><h3>Expressions</h3><table class=\"grid\"><tr><td>-</td><td><b>Description</b></td><td><b>Language</b></td><td><b>Expression</b></td></tr><tr><td>*</td><td>&quot;Pneumococcal vaccine immunization history&quot; = &quot;2 dose&quot;</td><td>text/cql</td><td>Should vaccinate patient for Pneumococcal booster because 2 doses in a 2+1 dose scheme</td></tr></table></blockquote><blockquote><p><b>condition</b></p><p><b>kind</b>: applicability</p><h3>Expressions</h3><table class=\"grid\"><tr><td>-</td><td><b>Description</b></td><td><b>Language</b></td><td><b>Expression</b></td></tr><tr><td>*</td><td>&quot;Current Patient Age in Months&quot; &gt;= 9</td><td>text/cql</td><td>Should vaccinate patient for Pneumococcal booster because 2 doses in a 2+1 dose scheme</td></tr></table></blockquote><blockquote><p><b>condition</b></p><p><b>kind</b>: applicability</p><h3>Expressions</h3><table class=\"grid\"><tr><td>-</td><td><b>Description</b></td><td><b>Language</b></td><td><b>Expression</b></td></tr><tr><td>*</td><td>&quot;Current Patient Age in Months&quot; &lt;= 18</td><td>text/cql</td><td>Should vaccinate patient for Pneumococcal booster because 2 doses in a 2+1 dose scheme</td></tr></table></blockquote><blockquote><p><b>condition</b></p><p><b>kind</b>: applicability</p><h3>Expressions</h3><table class=\"grid\"><tr><td>-</td><td><b>Description</b></td><td><b>Language</b></td><td><b>Expression</b></td></tr><tr><td>*</td><td>&quot;Country is using a 2 dose scheme&quot; = TRUE</td><td>text/cql</td><td>Should vaccinate patient for Pneumococcal booster because 2 doses in a 2+1 dose scheme</td></tr></table></blockquote><p><b>definition</b>: <a href=\"ActivityDefinition-IMMZ.DT.06.Pneumococcal.03.html\">IMMZ.DT.06.Pneumococcal.03</a></p></blockquote><blockquote><p><b>action</b></p><p><b>title</b>: Immunize Patient for Pneumococcal - No Dose</p><p><b>description</b>: Provide Pneumococcal immunizations – using the &quot;PCV immunization 3p+0 schedule – NO PREVIOUS&quot; schedule (3 dose scheme)</p><blockquote><p><b>condition</b></p><p><b>kind</b>: applicability</p><h3>Expressions</h3><table class=\"grid\"><tr><td>-</td><td><b>Description</b></td><td><b>Language</b></td><td><b>Expression</b></td></tr><tr><td>*</td><td>&quot;Pneumococcal vaccine immunization history&quot; = &quot; No-doses&quot;</td><td>text/cql</td><td>Should vaccinate patient for Pneumococcal because No doses in a 3 dose scheme</td></tr></table></blockquote><blockquote><p><b>condition</b></p><p><b>kind</b>: applicability</p><h3>Expressions</h3><table class=\"grid\"><tr><td>-</td><td><b>Description</b></td><td><b>Language</b></td><td><b>Expression</b></td></tr><tr><td>*</td><td>&quot;Current Patient Age in Weeks&quot; &gt;= 6</td><td>text/cql</td><td>Should vaccinate patient for Pneumococcal because No doses in a 3 dose scheme</td></tr></table></blockquote><blockquote><p><b>condition</b></p><p><b>kind</b>: applicability</p><h3>Expressions</h3><table class=\"grid\"><tr><td>-</td><td><b>Description</b></td><td><b>Language</b></td><td><b>Expression</b></td></tr><tr><td>*</td><td>&quot;Country is following a 3 dose scheme&quot; = TRUE</td><td>text/cql</td><td>Should vaccinate patient for Pneumococcal because No doses in a 3 dose scheme</td></tr></table></blockquote><p><b>definition</b>: <a href=\"ActivityDefinition-IMMZ.DT.06.Pneumococcal.04.html\">IMMZ.DT.06.Pneumococcal.04</a></p></blockquote><blockquote><p><b>action</b></p><p><b>title</b>: Immunize Patient for Pneumococcal - 1 Dose</p><p><b>description</b>: Provide Pneumococcal immunizations – using the &quot;PCV immunization 3p+0 schedule – 1 PREVIOUS&quot; schedule (3 dose scheme)</p><blockquote><p><b>condition</b></p><p><b>kind</b>: applicability</p><h3>Expressions</h3><table class=\"grid\"><tr><td>-</td><td><b>Description</b></td><td><b>Language</b></td><td><b>Expression</b></td></tr><tr><td>*</td><td>&quot;Pneumococcal vaccine immunization history&quot; = &quot; 1 dose&quot;</td><td>text/cql</td><td>Should vaccinate patient for Pneumococcal because 1 dose in a 3 dose scheme</td></tr></table></blockquote><blockquote><p><b>condition</b></p><p><b>kind</b>: applicability</p><h3>Expressions</h3><table class=\"grid\"><tr><td>-</td><td><b>Description</b></td><td><b>Language</b></td><td><b>Expression</b></td></tr><tr><td>*</td><td>&quot;Date last Pneumococcal dose given&quot; &gt;= &quot;4 weeks&quot;</td><td>text/cql</td><td>Should vaccinate patient for Pneumococcal because 1 dose in a 3 dose scheme</td></tr></table></blockquote><blockquote><p><b>condition</b></p><p><b>kind</b>: applicability</p><h3>Expressions</h3><table class=\"grid\"><tr><td>-</td><td><b>Description</b></td><td><b>Language</b></td><td><b>Expression</b></td></tr><tr><td>*</td><td>&quot;Current Patient Age in Weeks&quot; &gt;= 6</td><td>text/cql</td><td>Should vaccinate patient for Pneumococcal because 1 dose in a 3 dose scheme</td></tr></table></blockquote><blockquote><p><b>condition</b></p><p><b>kind</b>: applicability</p><h3>Expressions</h3><table class=\"grid\"><tr><td>-</td><td><b>Description</b></td><td><b>Language</b></td><td><b>Expression</b></td></tr><tr><td>*</td><td>&quot;Country is following a 3 dose scheme&quot; = TRUE</td><td>text/cql</td><td>Should vaccinate patient for Pneumococcal because 1 dose in a 3 dose scheme</td></tr></table></blockquote><p><b>definition</b>: <a href=\"ActivityDefinition-IMMZ.DT.06.Pneumococcal.05.html\">IMMZ.DT.06.Pneumococcal.05</a></p></blockquote><blockquote><p><b>action</b></p><p><b>title</b>: Immunize Patient for Pneumococcal - 2 Doses</p><p><b>description</b>: Provide Pneumococcal immunizations – using the &quot;PCV immunization 3p+0 schedule – 2 PREVIOUS&quot; schedule (3 dose scheme)</p><blockquote><p><b>condition</b></p><p><b>kind</b>: applicability</p><h3>Expressions</h3><table class=\"grid\"><tr><td>-</td><td><b>Description</b></td><td><b>Language</b></td><td><b>Expression</b></td></tr><tr><td>*</td><td>&quot;Pneumococcal vaccine immunization history&quot; = &quot; 2 doses&quot;</td><td>text/cql</td><td>Should vaccinate patient for Pneumococcal because 2 doses in a 3 dose scheme</td></tr></table></blockquote><blockquote><p><b>condition</b></p><p><b>kind</b>: applicability</p><h3>Expressions</h3><table class=\"grid\"><tr><td>-</td><td><b>Description</b></td><td><b>Language</b></td><td><b>Expression</b></td></tr><tr><td>*</td><td>&quot;Date last Pneumococcal Dose given&quot; &gt;= &quot;4 weeks&quot;</td><td>text/cql</td><td>Should vaccinate patient for Pneumococcal because 2 doses in a 3 dose scheme</td></tr></table></blockquote><blockquote><p><b>condition</b></p><p><b>kind</b>: applicability</p><h3>Expressions</h3><table class=\"grid\"><tr><td>-</td><td><b>Description</b></td><td><b>Language</b></td><td><b>Expression</b></td></tr><tr><td>*</td><td>&quot;Current Patient Age in Weeks&quot; &gt;= 6</td><td>text/cql</td><td>Should vaccinate patient for Pneumococcal because 2 doses in a 3 dose scheme</td></tr></table></blockquote><blockquote><p><b>condition</b></p><p><b>kind</b>: applicability</p><h3>Expressions</h3><table class=\"grid\"><tr><td>-</td><td><b>Description</b></td><td><b>Language</b></td><td><b>Expression</b></td></tr><tr><td>*</td><td>&quot;Country is following a 3 dose scheme&quot; = TRUE</td><td>text/cql</td><td>Should vaccinate patient for Pneumococcal because 2 doses in a 3 dose scheme</td></tr></table></blockquote><p><b>definition</b>: <a href=\"ActivityDefinition-IMMZ.DT.06.Pneumococcal.06.html\">IMMZ.DT.06.Pneumococcal.06</a></p></blockquote><blockquote><p><b>action</b></p><p><b>title</b>: Immunize Patient for Pneumococcal - No Doses</p><p><b>description</b>: Provide Pneumococcal immunizations – using the &quot;PCV immunization – NO PREVIOUS&quot; schedule (2 dose scheme)</p><blockquote><p><b>condition</b></p><p><b>kind</b>: applicability</p><h3>Expressions</h3><table class=\"grid\"><tr><td>-</td><td><b>Description</b></td><td><b>Language</b></td><td><b>Expression</b></td></tr><tr><td>*</td><td>&quot;Pneumococcal vaccine immunization history&quot; = &quot;No-doses&quot;</td><td>text/cql</td><td>Should vaccinate patient for Pneumococcal because No doses in a 2 dose scheme</td></tr></table></blockquote><blockquote><p><b>condition</b></p><p><b>kind</b>: applicability</p><h3>Expressions</h3><table class=\"grid\"><tr><td>-</td><td><b>Description</b></td><td><b>Language</b></td><td><b>Expression</b></td></tr><tr><td>*</td><td>&quot;Current Patient Age in Years&quot; &gt;= 1</td><td>text/cql</td><td>Should vaccinate patient for Pneumococcal because No doses in a 2 dose scheme</td></tr></table></blockquote><blockquote><p><b>condition</b></p><p><b>kind</b>: applicability</p><h3>Expressions</h3><table class=\"grid\"><tr><td>-</td><td><b>Description</b></td><td><b>Language</b></td><td><b>Expression</b></td></tr><tr><td>*</td><td>&quot;Current Patient Age in Years&quot; &lt;= 5</td><td>text/cql</td><td>Should vaccinate patient for Pneumococcal because No doses in a 2 dose scheme</td></tr></table></blockquote><blockquote><p><b>condition</b></p><p><b>kind</b>: applicability</p><h3>Expressions</h3><table class=\"grid\"><tr><td>-</td><td><b>Description</b></td><td><b>Language</b></td><td><b>Expression</b></td></tr><tr><td>*</td><td>&quot;HIV Status&quot; = &quot;Positive&quot;</td><td>text/cql</td><td>Should vaccinate patient for Pneumococcal because No doses in a 2 dose scheme</td></tr></table></blockquote><p><b>definition</b>: <a href=\"ActivityDefinition-IMMZ.DT.06.Pneumococcal.07.html\">IMMZ.DT.06.Pneumococcal.07</a></p></blockquote><blockquote><p><b>action</b></p><p><b>title</b>: Immunize Patient for Pneumococcal - 1 Doses</p><p><b>description</b>: Provide Pneumococcal immunizations – using the &quot;PCV immunization – 1 PREVIOUS&quot; schedule (2 dose scheme)</p><blockquote><p><b>condition</b></p><p><b>kind</b>: applicability</p><h3>Expressions</h3><table class=\"grid\"><tr><td>-</td><td><b>Description</b></td><td><b>Language</b></td><td><b>Expression</b></td></tr><tr><td>*</td><td>&quot;Pneumococcal vaccine immunization history&quot; = &quot;1 dose&quot;</td><td>text/cql</td><td>Should vaccinate patient for Pneumococcal because 1 dose in a 2 dose scheme</td></tr></table></blockquote><blockquote><p><b>condition</b></p><p><b>kind</b>: applicability</p><h3>Expressions</h3><table class=\"grid\"><tr><td>-</td><td><b>Description</b></td><td><b>Language</b></td><td><b>Expression</b></td></tr><tr><td>*</td><td>&quot;Current Patient Age in Years&quot; &gt;= 1</td><td>text/cql</td><td>Should vaccinate patient for Pneumococcal because 1 dose in a 2 dose scheme</td></tr></table></blockquote><blockquote><p><b>condition</b></p><p><b>kind</b>: applicability</p><h3>Expressions</h3><table class=\"grid\"><tr><td>-</td><td><b>Description</b></td><td><b>Language</b></td><td><b>Expression</b></td></tr><tr><td>*</td><td>&quot;Current Patient Age in Years&quot; &lt;= 5</td><td>text/cql</td><td>Should vaccinate patient for Pneumococcal because 1 dose in a 2 dose scheme</td></tr></table></blockquote><blockquote><p><b>condition</b></p><p><b>kind</b>: applicability</p><h3>Expressions</h3><table class=\"grid\"><tr><td>-</td><td><b>Description</b></td><td><b>Language</b></td><td><b>Expression</b></td></tr><tr><td>*</td><td>&quot;HIV Status&quot; = &quot;Positive&quot;</td><td>text/cql</td><td>Should vaccinate patient for Pneumococcal because 1 dose in a 2 dose scheme</td></tr></table></blockquote><blockquote><p><b>condition</b></p><p><b>kind</b>: applicability</p><h3>Expressions</h3><table class=\"grid\"><tr><td>-</td><td><b>Description</b></td><td><b>Language</b></td><td><b>Expression</b></td></tr><tr><td>*</td><td>&quot;Date last Pneumococcal Dose given&quot; &gt;= &quot;8 weeks&quot;</td><td>text/cql</td><td>Should vaccinate patient for Pneumococcal because 1 dose in a 2 dose scheme</td></tr></table></blockquote><p><b>definition</b>: <a href=\"ActivityDefinition-IMMZ.DT.06.Pneumococcal.09.html\">IMMZ.DT.06.Pneumococcal.09</a></p></blockquote><blockquote><p><b>action</b></p><p><b>title</b>: Immunize Patient for Pneumococcal - No Doses (Catch-up)</p><p><b>description</b>: Provide Pneumococcal immunizations – using the &quot;Catch-up PCV immunization – NO PREVIOUS&quot; schedule (1 dose scheme)</p><blockquote><p><b>condition</b></p><p><b>kind</b>: applicability</p><h3>Expressions</h3><table class=\"grid\"><tr><td>-</td><td><b>Description</b></td><td><b>Language</b></td><td><b>Expression</b></td></tr><tr><td>*</td><td>&quot;Pneumococcal vaccine immunization history&quot; = &quot; No-doses&quot;</td><td>text/cql</td><td>Should vaccinate patient for Pneumococcal because No doses in a 1 dose scheme</td></tr></table></blockquote><blockquote><p><b>condition</b></p><p><b>kind</b>: applicability</p><h3>Expressions</h3><table class=\"grid\"><tr><td>-</td><td><b>Description</b></td><td><b>Language</b></td><td><b>Expression</b></td></tr><tr><td>*</td><td>&quot;Current Patient Age in Months&quot; &gt;= 24</td><td>text/cql</td><td>Should vaccinate patient for Pneumococcal because No doses in a 1 dose scheme</td></tr></table></blockquote><blockquote><p><b>condition</b></p><p><b>kind</b>: applicability</p><h3>Expressions</h3><table class=\"grid\"><tr><td>-</td><td><b>Description</b></td><td><b>Language</b></td><td><b>Expression</b></td></tr><tr><td>*</td><td>&quot;In a setting with a high disease burden and mortality&quot; = TRUE</td><td>text/cql</td><td>Should vaccinate patient for Pneumococcal because No doses in a 1 dose scheme</td></tr></table></blockquote><p><b>definition</b>: <a href=\"ActivityDefinition-IMMZ.DT.06.Pneumococcal.11.html\">IMMZ.DT.06.Pneumococcal.11</a></p></blockquote><blockquote><p><b>action</b></p><p><b>title</b>: Immunize Patient for Pneumococcal - HIV positive and preterm who received their 3 doses before 12 months of age</p><p><b>description</b>: Provide Pneumococcal immunizations – using the &quot;PCV immunization – Booster for HIV+ and preterm&quot; schedule (1 booster dose in second year of life)</p><blockquote><p><b>condition</b></p><p><b>kind</b>: applicability</p><h3>Expressions</h3><table class=\"grid\"><tr><td>-</td><td><b>Description</b></td><td><b>Language</b></td><td><b>Expression</b></td></tr><tr><td>*</td><td>&quot;Pneumococcal vaccine immunization history&quot; = &quot;3 doses&quot;</td><td>text/cql</td><td>Should vaccinate patient for Pneumococcal Booster in second year of life because HIV infected or preterm who completed 3-dose series before 12 months of age</td></tr></table></blockquote><blockquote><p><b>condition</b></p><p><b>kind</b>: applicability</p><h3>Expressions</h3><table class=\"grid\"><tr><td>-</td><td><b>Description</b></td><td><b>Language</b></td><td><b>Expression</b></td></tr><tr><td>*</td><td>&quot;HIV Status&quot; = &quot;Positive&quot;</td><td>text/cql</td><td>Should vaccinate patient for Pneumococcal Booster in second year of life because HIV infected or preterm who completed 3-dose series before 12 months of age</td></tr></table></blockquote><blockquote><p><b>condition</b></p><p><b>kind</b>: applicability</p><h3>Expressions</h3><table class=\"grid\"><tr><td>-</td><td><b>Description</b></td><td><b>Language</b></td><td><b>Expression</b></td></tr><tr><td>*</td><td>&quot;Age when Patient received 3rd dose in Months&quot; &lt; 12</td><td>text/cql</td><td>Should vaccinate patient for Pneumococcal Booster in second year of life because HIV infected or preterm who completed 3-dose series before 12 months of age</td></tr></table></blockquote><blockquote><p><b>condition</b></p><p><b>kind</b>: applicability</p><h3>Expressions</h3><table class=\"grid\"><tr><td>-</td><td><b>Description</b></td><td><b>Language</b></td><td><b>Expression</b></td></tr><tr><td>*</td><td>&quot;Current Patient Age in Months&quot; &gt;= 12</td><td>text/cql</td><td>Should vaccinate patient for Pneumococcal Booster in second year of life because HIV infected or preterm who completed 3-dose series before 12 months of age</td></tr></table></blockquote><blockquote><p><b>condition</b></p><p><b>kind</b>: applicability</p><h3>Expressions</h3><table class=\"grid\"><tr><td>-</td><td><b>Description</b></td><td><b>Language</b></td><td><b>Expression</b></td></tr><tr><td>*</td><td>&quot;Current Patient Age in Months&quot; &lt;= 24</td><td>text/cql</td><td>Should vaccinate patient for Pneumococcal Booster in second year of life because HIV infected or preterm who completed 3-dose series before 12 months of age</td></tr></table></blockquote><p><b>definition</b>: <a href=\"ActivityDefinition-IMMZ.DT.06.Pneumococcal.12.html\">IMMZ.DT.06.Pneumococcal.12</a></p></blockquote></div>"
  },
  "url" : "http://fhir.org/guides/who/smart-immunization/PlanDefinition/IMMZ.DT.06.Pneumococcal",
  "version" : "0.1.0",
  "name" : "IMMZ.DT.06.Pneumococcal",
  "title" : "IMMZ.DT.06.Pneumococcal",
  "status" : "draft",
  "date" : "2023-03-31T14:38:57+00:00",
  "publisher" : "World Health Organization (WHO)",
  "description" : "If child or person has not been vaccinated, give Pneumococcal vaccine minimum age 6 weeks old",
  "jurisdiction" : [{
    "coding" : [{
      "system" : "http://unstats.un.org/unsd/methods/m49/m49.htm",
      "code" : "001"
    }]
  }],
  "library" : ["http://fhir.org/guides/who/smart-immunization/Library/IMMZDT06"],
  "action" : [{
    "title" : "Immunize Patient for Pneumococcal - No Doses",
    "description" : "Provide Pneumococcal immunizations – using the \"PCV immunization 2p+1 schedule – NO PREVIOUS\" schedule (2 dose scheme)",
    "condition" : [{
      "kind" : "applicability",
      "expression" : {
        "description" : "\"Pneumococcal vaccine immunization history\" = \"No-doses\"",
        "language" : "text/cql",
        "expression" : "Should vaccinate patient for Pneumococcal because no doses in a 2 dose scheme"
      }
    },
    {
      "kind" : "applicability",
      "expression" : {
        "description" : "\"Current Patient Age in Weeks\" >= 6",
        "language" : "text/cql",
        "expression" : "Should vaccinate patient for Pneumococcal because no doses in a 2 dose scheme"
      }
    },
    {
      "kind" : "applicability",
      "expression" : {
        "description" : "\"Country is following a 2 dose scheme\" = TRUE",
        "language" : "text/cql",
        "expression" : "Should vaccinate patient for Pneumococcal because no doses in a 2 dose scheme"
      }
    }],
    "definitionCanonical" : "http://fhir.org/guides/who/smart-immunization/ActivityDefinition/IMMZ.DT.06.Pneumococcal.01"
  },
  {
    "title" : "Immunize Patient for Pneumococcal - 1 Dose",
    "description" : "Provide Pneumococcal immunizations – using the \"PCV immunization 2p+1 schedule – 1 PREVIOUS\" schedule (2 dose scheme)",
    "condition" : [{
      "kind" : "applicability",
      "expression" : {
        "description" : "\"Pneumococcal vaccine immunization history\" = \"1 dose\"",
        "language" : "text/cql",
        "expression" : "Should vaccinate patient for Pneumococcal because 1 dose in a 2 dose scheme"
      }
    },
    {
      "kind" : "applicability",
      "expression" : {
        "description" : "\"Date last Pneumococcal dose given\" >= \"8 weeks\"",
        "language" : "text/cql",
        "expression" : "Should vaccinate patient for Pneumococcal because 1 dose in a 2 dose scheme"
      }
    },
    {
      "kind" : "applicability",
      "expression" : {
        "description" : "\"Current Patient Age in Weeks\" >= 6",
        "language" : "text/cql",
        "expression" : "Should vaccinate patient for Pneumococcal because 1 dose in a 2 dose scheme"
      }
    },
    {
      "kind" : "applicability",
      "expression" : {
        "description" : "\"Country is using a 2 dose scheme\" = TRUE",
        "language" : "text/cql",
        "expression" : "Should vaccinate patient for Pneumococcal because 1 dose in a 2 dose scheme"
      }
    }],
    "definitionCanonical" : "http://fhir.org/guides/who/smart-immunization/ActivityDefinition/IMMZ.DT.06.Pneumococcal.02"
  },
  {
    "title" : "Immunize Patient for Pneumococcal - Booster",
    "description" : "Provide Pneumococcal immunizations – using the \"PCV immunization 2p+1 schedule – 2 PREVIOUS\" schedule (2 dose scheme + booster)",
    "condition" : [{
      "kind" : "applicability",
      "expression" : {
        "description" : "\"Pneumococcal vaccine immunization history\" = \"2 dose\"",
        "language" : "text/cql",
        "expression" : "Should vaccinate patient for Pneumococcal booster because 2 doses in a 2+1 dose scheme"
      }
    },
    {
      "kind" : "applicability",
      "expression" : {
        "description" : "\"Current Patient Age in Months\" >= 9",
        "language" : "text/cql",
        "expression" : "Should vaccinate patient for Pneumococcal booster because 2 doses in a 2+1 dose scheme"
      }
    },
    {
      "kind" : "applicability",
      "expression" : {
        "description" : "\"Current Patient Age in Months\" <= 18",
        "language" : "text/cql",
        "expression" : "Should vaccinate patient for Pneumococcal booster because 2 doses in a 2+1 dose scheme"
      }
    },
    {
      "kind" : "applicability",
      "expression" : {
        "description" : "\"Country is using a 2 dose scheme\" = TRUE",
        "language" : "text/cql",
        "expression" : "Should vaccinate patient for Pneumococcal booster because 2 doses in a 2+1 dose scheme"
      }
    }],
    "definitionCanonical" : "http://fhir.org/guides/who/smart-immunization/ActivityDefinition/IMMZ.DT.06.Pneumococcal.03"
  },
  {
    "title" : "Immunize Patient for Pneumococcal - No Dose",
    "description" : "Provide Pneumococcal immunizations – using the \"PCV immunization 3p+0 schedule – NO PREVIOUS\" schedule (3 dose scheme)",
    "condition" : [{
      "kind" : "applicability",
      "expression" : {
        "description" : "\"Pneumococcal vaccine immunization history\" = \" No-doses\"",
        "language" : "text/cql",
        "expression" : "Should vaccinate patient for Pneumococcal because No doses in a 3 dose scheme"
      }
    },
    {
      "kind" : "applicability",
      "expression" : {
        "description" : "\"Current Patient Age in Weeks\" >= 6",
        "language" : "text/cql",
        "expression" : "Should vaccinate patient for Pneumococcal because No doses in a 3 dose scheme"
      }
    },
    {
      "kind" : "applicability",
      "expression" : {
        "description" : "\"Country is following a 3 dose scheme\" = TRUE",
        "language" : "text/cql",
        "expression" : "Should vaccinate patient for Pneumococcal because No doses in a 3 dose scheme"
      }
    }],
    "definitionCanonical" : "http://fhir.org/guides/who/smart-immunization/ActivityDefinition/IMMZ.DT.06.Pneumococcal.04"
  },
  {
    "title" : "Immunize Patient for Pneumococcal - 1 Dose",
    "description" : "Provide Pneumococcal immunizations – using the \"PCV immunization 3p+0 schedule – 1 PREVIOUS\" schedule (3 dose scheme)",
    "condition" : [{
      "kind" : "applicability",
      "expression" : {
        "description" : "\"Pneumococcal vaccine immunization history\" = \" 1 dose\"",
        "language" : "text/cql",
        "expression" : "Should vaccinate patient for Pneumococcal because 1 dose in a 3 dose scheme"
      }
    },
    {
      "kind" : "applicability",
      "expression" : {
        "description" : "\"Date last Pneumococcal dose given\" >= \"4 weeks\"",
        "language" : "text/cql",
        "expression" : "Should vaccinate patient for Pneumococcal because 1 dose in a 3 dose scheme"
      }
    },
    {
      "kind" : "applicability",
      "expression" : {
        "description" : "\"Current Patient Age in Weeks\" >= 6",
        "language" : "text/cql",
        "expression" : "Should vaccinate patient for Pneumococcal because 1 dose in a 3 dose scheme"
      }
    },
    {
      "kind" : "applicability",
      "expression" : {
        "description" : "\"Country is following a 3 dose scheme\" = TRUE",
        "language" : "text/cql",
        "expression" : "Should vaccinate patient for Pneumococcal because 1 dose in a 3 dose scheme"
      }
    }],
    "definitionCanonical" : "http://fhir.org/guides/who/smart-immunization/ActivityDefinition/IMMZ.DT.06.Pneumococcal.05"
  },
  {
    "title" : "Immunize Patient for Pneumococcal - 2 Doses",
    "description" : "Provide Pneumococcal immunizations – using the \"PCV immunization 3p+0 schedule – 2 PREVIOUS\" schedule (3 dose scheme)",
    "condition" : [{
      "kind" : "applicability",
      "expression" : {
        "description" : "\"Pneumococcal vaccine immunization history\" = \" 2 doses\"",
        "language" : "text/cql",
        "expression" : "Should vaccinate patient for Pneumococcal because 2 doses in a 3 dose scheme"
      }
    },
    {
      "kind" : "applicability",
      "expression" : {
        "description" : "\"Date last Pneumococcal Dose given\" >= \"4 weeks\"",
        "language" : "text/cql",
        "expression" : "Should vaccinate patient for Pneumococcal because 2 doses in a 3 dose scheme"
      }
    },
    {
      "kind" : "applicability",
      "expression" : {
        "description" : "\"Current Patient Age in Weeks\" >= 6",
        "language" : "text/cql",
        "expression" : "Should vaccinate patient for Pneumococcal because 2 doses in a 3 dose scheme"
      }
    },
    {
      "kind" : "applicability",
      "expression" : {
        "description" : "\"Country is following a 3 dose scheme\" = TRUE",
        "language" : "text/cql",
        "expression" : "Should vaccinate patient for Pneumococcal because 2 doses in a 3 dose scheme"
      }
    }],
    "definitionCanonical" : "http://fhir.org/guides/who/smart-immunization/ActivityDefinition/IMMZ.DT.06.Pneumococcal.06"
  },
  {
    "title" : "Immunize Patient for Pneumococcal - No Doses",
    "description" : "Provide Pneumococcal immunizations – using the \"PCV immunization – NO PREVIOUS\" schedule (2 dose scheme)",
    "condition" : [{
      "kind" : "applicability",
      "expression" : {
        "description" : "\"Pneumococcal vaccine immunization history\" = \"No-doses\"",
        "language" : "text/cql",
        "expression" : "Should vaccinate patient for Pneumococcal because No doses in a 2 dose scheme"
      }
    },
    {
      "kind" : "applicability",
      "expression" : {
        "description" : "\"Current Patient Age in Years\" >= 1",
        "language" : "text/cql",
        "expression" : "Should vaccinate patient for Pneumococcal because No doses in a 2 dose scheme"
      }
    },
    {
      "kind" : "applicability",
      "expression" : {
        "description" : "\"Current Patient Age in Years\" <= 5",
        "language" : "text/cql",
        "expression" : "Should vaccinate patient for Pneumococcal because No doses in a 2 dose scheme"
      }
    },
    {
      "kind" : "applicability",
      "expression" : {
        "description" : "\"HIV Status\" = \"Positive\"",
        "language" : "text/cql",
        "expression" : "Should vaccinate patient for Pneumococcal because No doses in a 2 dose scheme"
      }
    }],
    "definitionCanonical" : "http://fhir.org/guides/who/smart-immunization/ActivityDefinition/IMMZ.DT.06.Pneumococcal.07"
  },
  {
    "title" : "Immunize Patient for Pneumococcal - 1 Doses",
    "description" : "Provide Pneumococcal immunizations – using the \"PCV immunization – 1 PREVIOUS\" schedule (2 dose scheme)",
    "condition" : [{
      "kind" : "applicability",
      "expression" : {
        "description" : "\"Pneumococcal vaccine immunization history\" = \"1 dose\"",
        "language" : "text/cql",
        "expression" : "Should vaccinate patient for Pneumococcal because 1 dose in a 2 dose scheme"
      }
    },
    {
      "kind" : "applicability",
      "expression" : {
        "description" : "\"Current Patient Age in Years\" >= 1",
        "language" : "text/cql",
        "expression" : "Should vaccinate patient for Pneumococcal because 1 dose in a 2 dose scheme"
      }
    },
    {
      "kind" : "applicability",
      "expression" : {
        "description" : "\"Current Patient Age in Years\" <= 5",
        "language" : "text/cql",
        "expression" : "Should vaccinate patient for Pneumococcal because 1 dose in a 2 dose scheme"
      }
    },
    {
      "kind" : "applicability",
      "expression" : {
        "description" : "\"HIV Status\" = \"Positive\"",
        "language" : "text/cql",
        "expression" : "Should vaccinate patient for Pneumococcal because 1 dose in a 2 dose scheme"
      }
    },
    {
      "kind" : "applicability",
      "expression" : {
        "description" : "\"Date last Pneumococcal Dose given\" >= \"8 weeks\"",
        "language" : "text/cql",
        "expression" : "Should vaccinate patient for Pneumococcal because 1 dose in a 2 dose scheme"
      }
    }],
    "definitionCanonical" : "http://fhir.org/guides/who/smart-immunization/ActivityDefinition/IMMZ.DT.06.Pneumococcal.09"
  },
  {
    "title" : "Immunize Patient for Pneumococcal - No Doses (Catch-up)",
    "description" : "Provide Pneumococcal immunizations – using the \"Catch-up PCV immunization – NO PREVIOUS\" schedule (1 dose scheme)",
    "condition" : [{
      "kind" : "applicability",
      "expression" : {
        "description" : "\"Pneumococcal vaccine immunization history\" = \" No-doses\"",
        "language" : "text/cql",
        "expression" : "Should vaccinate patient for Pneumococcal because No doses in a 1 dose scheme"
      }
    },
    {
      "kind" : "applicability",
      "expression" : {
        "description" : "\"Current Patient Age in Months\" >= 24",
        "language" : "text/cql",
        "expression" : "Should vaccinate patient for Pneumococcal because No doses in a 1 dose scheme"
      }
    },
    {
      "kind" : "applicability",
      "expression" : {
        "description" : "\"In a setting with a high disease burden and mortality\" = TRUE",
        "language" : "text/cql",
        "expression" : "Should vaccinate patient for Pneumococcal because No doses in a 1 dose scheme"
      }
    }],
    "definitionCanonical" : "http://fhir.org/guides/who/smart-immunization/ActivityDefinition/IMMZ.DT.06.Pneumococcal.11"
  },
  {
    "title" : "Immunize Patient for Pneumococcal - HIV positive and preterm who received their 3 doses before 12 months of age",
    "description" : "Provide Pneumococcal immunizations – using the \"PCV immunization – Booster for HIV+ and preterm\" schedule (1 booster dose in second year of life)",
    "condition" : [{
      "kind" : "applicability",
      "expression" : {
        "description" : "\"Pneumococcal vaccine immunization history\" = \"3 doses\"",
        "language" : "text/cql",
        "expression" : "Should vaccinate patient for Pneumococcal Booster in second year of life because HIV infected or preterm who completed 3-dose series before 12 months of age"
      }
    },
    {
      "kind" : "applicability",
      "expression" : {
        "description" : "\"HIV Status\" = \"Positive\"",
        "language" : "text/cql",
        "expression" : "Should vaccinate patient for Pneumococcal Booster in second year of life because HIV infected or preterm who completed 3-dose series before 12 months of age"
      }
    },
    {
      "kind" : "applicability",
      "expression" : {
        "description" : "\"Age when Patient received 3rd dose in Months\" < 12",
        "language" : "text/cql",
        "expression" : "Should vaccinate patient for Pneumococcal Booster in second year of life because HIV infected or preterm who completed 3-dose series before 12 months of age"
      }
    },
    {
      "kind" : "applicability",
      "expression" : {
        "description" : "\"Current Patient Age in Months\" >= 12",
        "language" : "text/cql",
        "expression" : "Should vaccinate patient for Pneumococcal Booster in second year of life because HIV infected or preterm who completed 3-dose series before 12 months of age"
      }
    },
    {
      "kind" : "applicability",
      "expression" : {
        "description" : "\"Current Patient Age in Months\" <= 24",
        "language" : "text/cql",
        "expression" : "Should vaccinate patient for Pneumococcal Booster in second year of life because HIV infected or preterm who completed 3-dose series before 12 months of age"
      }
    }],
    "definitionCanonical" : "http://fhir.org/guides/who/smart-immunization/ActivityDefinition/IMMZ.DT.06.Pneumococcal.12"
  }]
}