{
  "resourceType" : "PlanDefinition",
  "id" : "IMMZ.DT.07.Rotavirus",
  "text" : {
    "status" : "generated",
    "div" : "<div xmlns=\"http://www.w3.org/1999/xhtml\"><p><b>Generated Narrative: PlanDefinition</b><a name=\"IMMZ.DT.07.Rotavirus\"> </a></p><div style=\"display: inline-block; background-color: #d9e0e7; padding: 6px; margin: 4px; border: 1px solid #8da1b4; border-radius: 5px; line-height: 60%\"><p style=\"margin-bottom: 0px\">Resource PlanDefinition &quot;IMMZ.DT.07.Rotavirus&quot; </p></div><p><b>url</b>: <code>http://fhir.org/guides/who/smart-immunization/PlanDefinition/IMMZ.DT.07.Rotavirus</code></p><p><b>version</b>: 0.1.0</p><p><b>name</b>: IMMZ.DT.07.Rotavirus</p><p><b>title</b>: IMMZ.DT.07.Rotavirus</p><p><b>status</b>: draft</p><p><b>date</b>: 2023-03-31 14:01:17+0000</p><p><b>publisher</b>: World Health Organization (WHO)</p><p><b>description</b>: If child or person has not been vaccinated, give Rotavirus vaccine according to the defined schedule</p><p><b>jurisdiction</b>: Global (Whole world) <span style=\"background: LightGoldenRodYellow; margin: 4px; border: 1px solid khaki\"> (m49.htm#001)</span></p><p><b>library</b>: <a href=\"Library-IMMZDT07.html\">IMMZDT07</a></p><blockquote><p><b>action</b></p><p><b>title</b>: Immunize Patient for Rotavirus - No Doses</p><p><b>description</b>: Provide Rotavirus immunizations – using the &quot;Rotavirus vaccine immunization – NO PREVIOUS&quot; schedule (2-3 scheme depends on product)</p><blockquote><p><b>condition</b></p><p><b>kind</b>: applicability</p><h3>Expressions</h3><table class=\"grid\"><tr><td>-</td><td><b>Description</b></td><td><b>Language</b></td><td><b>Expression</b></td></tr><tr><td>*</td><td>&quot;Rotavirus immunization history&quot; = &quot;No-doses&quot;</td><td>text/cql</td><td>Should vaccinate patient for Rotavirus 1st dose</td></tr></table></blockquote><blockquote><p><b>condition</b></p><p><b>kind</b>: applicability</p><h3>Expressions</h3><table class=\"grid\"><tr><td>-</td><td><b>Description</b></td><td><b>Language</b></td><td><b>Expression</b></td></tr><tr><td>*</td><td>&quot;Current Patient Age in Weeks&quot; &gt;= 6</td><td>text/cql</td><td>Should vaccinate patient for Rotavirus 1st dose</td></tr></table></blockquote><blockquote><p><b>condition</b></p><p><b>kind</b>: applicability</p><h3>Expressions</h3><table class=\"grid\"><tr><td>-</td><td><b>Description</b></td><td><b>Language</b></td><td><b>Expression</b></td></tr><tr><td>*</td><td>&quot;Current Patient Age in Months&quot; &lt;= 24</td><td>text/cql</td><td>Should vaccinate patient for Rotavirus 1st dose</td></tr></table></blockquote><blockquote><p><b>condition</b></p><p><b>kind</b>: applicability</p><h3>Expressions</h3><table class=\"grid\"><tr><td>-</td><td><b>Description</b></td><td><b>Language</b></td><td><b>Expression</b></td></tr><tr><td>*</td><td>&quot;Patient has no history of intussusception&quot; = TRUE</td><td>text/cql</td><td>Should vaccinate patient for Rotavirus 1st dose</td></tr></table></blockquote><p><b>definition</b>: <a href=\"ActivityDefinition-IMMZ.DT.07.Rotavirus.01.html\">IMMZ.DT.07.Rotavirus.01</a></p></blockquote><blockquote><p><b>action</b></p><p><b>title</b>: Immunize Patient for Rotavirus - 1 Rotavirus dose previously given 2 dose scheme</p><p><b>description</b>: Provide Rotavirus immunizations – using the &quot;Rotavirus vaccine immunization schedule&quot; – minimum of 4 weeks after previous dose</p><blockquote><p><b>condition</b></p><p><b>kind</b>: applicability</p><h3>Expressions</h3><table class=\"grid\"><tr><td>-</td><td><b>Description</b></td><td><b>Language</b></td><td><b>Expression</b></td></tr><tr><td>*</td><td>&quot;Rotavirus immunization history&quot; = &quot;1 dose&quot;</td><td>text/cql</td><td>Should vaccinate patient with Rotavirus 2nd dose</td></tr></table></blockquote><blockquote><p><b>condition</b></p><p><b>kind</b>: applicability</p><h3>Expressions</h3><table class=\"grid\"><tr><td>-</td><td><b>Description</b></td><td><b>Language</b></td><td><b>Expression</b></td></tr><tr><td>*</td><td>&quot;Date last Rotavirus dose given&quot; &gt;= &quot;4 weeks&quot;</td><td>text/cql</td><td>Should vaccinate patient with Rotavirus 2nd dose</td></tr></table></blockquote><blockquote><p><b>condition</b></p><p><b>kind</b>: applicability</p><h3>Expressions</h3><table class=\"grid\"><tr><td>-</td><td><b>Description</b></td><td><b>Language</b></td><td><b>Expression</b></td></tr><tr><td>*</td><td>&quot;Current Patient Age in Months&quot; &lt;= 24</td><td>text/cql</td><td>Should vaccinate patient with Rotavirus 2nd dose</td></tr></table></blockquote><blockquote><p><b>condition</b></p><p><b>kind</b>: applicability</p><h3>Expressions</h3><table class=\"grid\"><tr><td>-</td><td><b>Description</b></td><td><b>Language</b></td><td><b>Expression</b></td></tr><tr><td>*</td><td>&quot;Patient has no history of intussusception&quot; = TRUE</td><td>text/cql</td><td>Should vaccinate patient with Rotavirus 2nd dose</td></tr></table></blockquote><p><b>definition</b>: <a href=\"ActivityDefinition-IMMZ.DT.07.Rotavirus.02.html\">IMMZ.DT.07.Rotavirus.02</a></p></blockquote><blockquote><p><b>action</b></p><p><b>title</b>: Immunize Patient for Rotavirus - 2 Rotavirus dose previously given 3 dose scheme</p><p><b>description</b>: Provide Rotavirus immunizations – using the &quot;Rotavirus vaccine immunization schedule&quot; – minimum of 4 weeks after previous dose assuming 3 dose scheme</p><blockquote><p><b>condition</b></p><p><b>kind</b>: applicability</p><h3>Expressions</h3><table class=\"grid\"><tr><td>-</td><td><b>Description</b></td><td><b>Language</b></td><td><b>Expression</b></td></tr><tr><td>*</td><td>&quot;Rotavirus immunization history&quot; = &quot;2 doses&quot;</td><td>text/cql</td><td>Should vaccinate patient with Rotavirus 3rd dose</td></tr></table></blockquote><blockquote><p><b>condition</b></p><p><b>kind</b>: applicability</p><h3>Expressions</h3><table class=\"grid\"><tr><td>-</td><td><b>Description</b></td><td><b>Language</b></td><td><b>Expression</b></td></tr><tr><td>*</td><td>&quot;Date last Rotavirus dose given&quot; &gt;= &quot;4 weeks&quot;</td><td>text/cql</td><td>Should vaccinate patient with Rotavirus 3rd dose</td></tr></table></blockquote><blockquote><p><b>condition</b></p><p><b>kind</b>: applicability</p><h3>Expressions</h3><table class=\"grid\"><tr><td>-</td><td><b>Description</b></td><td><b>Language</b></td><td><b>Expression</b></td></tr><tr><td>*</td><td>&quot;All previous doses given with a 3 dose series product&quot; = TRUE</td><td>text/cql</td><td>Should vaccinate patient with Rotavirus 3rd dose</td></tr></table></blockquote><blockquote><p><b>condition</b></p><p><b>kind</b>: applicability</p><h3>Expressions</h3><table class=\"grid\"><tr><td>-</td><td><b>Description</b></td><td><b>Language</b></td><td><b>Expression</b></td></tr><tr><td>*</td><td>&quot;Patient has no history of intussusception&quot; = TRUE</td><td>text/cql</td><td>Should vaccinate patient with Rotavirus 3rd dose</td></tr></table></blockquote><blockquote><p><b>condition</b></p><p><b>kind</b>: applicability</p><h3>Expressions</h3><table class=\"grid\"><tr><td>-</td><td><b>Description</b></td><td><b>Language</b></td><td><b>Expression</b></td></tr><tr><td>*</td><td>&quot;Current Patient Age in Months&quot; &lt;= 24</td><td>text/cql</td><td>Should vaccinate patient with Rotavirus 3rd dose</td></tr></table></blockquote><p><b>definition</b>: <a href=\"ActivityDefinition-IMMZ.DT.07.Rotavirus.03.html\">IMMZ.DT.07.Rotavirus.03</a></p></blockquote></div>"
  },
  "url" : "http://fhir.org/guides/who/smart-immunization/PlanDefinition/IMMZ.DT.07.Rotavirus",
  "version" : "0.1.0",
  "name" : "IMMZ.DT.07.Rotavirus",
  "title" : "IMMZ.DT.07.Rotavirus",
  "status" : "draft",
  "date" : "2023-03-31T14:01:17+00:00",
  "publisher" : "World Health Organization (WHO)",
  "description" : "If child or person has not been vaccinated, give Rotavirus vaccine according to the defined schedule",
  "jurisdiction" : [{
    "coding" : [{
      "system" : "http://unstats.un.org/unsd/methods/m49/m49.htm",
      "code" : "001"
    }]
  }],
  "library" : ["http://fhir.org/guides/who/smart-immunization/Library/IMMZDT07"],
  "action" : [{
    "title" : "Immunize Patient for Rotavirus - No Doses",
    "description" : "Provide Rotavirus immunizations – using the \"Rotavirus vaccine immunization – NO PREVIOUS\" schedule (2-3 scheme depends on product)",
    "condition" : [{
      "kind" : "applicability",
      "expression" : {
        "description" : "\"Rotavirus immunization history\" = \"No-doses\"",
        "language" : "text/cql",
        "expression" : "Should vaccinate patient for Rotavirus 1st dose"
      }
    },
    {
      "kind" : "applicability",
      "expression" : {
        "description" : "\"Current Patient Age in Weeks\" >= 6",
        "language" : "text/cql",
        "expression" : "Should vaccinate patient for Rotavirus 1st dose"
      }
    },
    {
      "kind" : "applicability",
      "expression" : {
        "description" : "\"Current Patient Age in Months\" <= 24",
        "language" : "text/cql",
        "expression" : "Should vaccinate patient for Rotavirus 1st dose"
      }
    },
    {
      "kind" : "applicability",
      "expression" : {
        "description" : "\"Patient has no history of intussusception\" = TRUE",
        "language" : "text/cql",
        "expression" : "Should vaccinate patient for Rotavirus 1st dose"
      }
    }],
    "definitionCanonical" : "http://fhir.org/guides/who/smart-immunization/ActivityDefinition/IMMZ.DT.07.Rotavirus.01"
  },
  {
    "title" : "Immunize Patient for Rotavirus - 1 Rotavirus dose previously given 2 dose scheme",
    "description" : "Provide Rotavirus immunizations – using the \"Rotavirus vaccine immunization schedule\" – minimum of 4 weeks after previous dose",
    "condition" : [{
      "kind" : "applicability",
      "expression" : {
        "description" : "\"Rotavirus immunization history\" = \"1 dose\"",
        "language" : "text/cql",
        "expression" : "Should vaccinate patient with Rotavirus 2nd dose"
      }
    },
    {
      "kind" : "applicability",
      "expression" : {
        "description" : "\"Date last Rotavirus dose given\" >= \"4 weeks\"",
        "language" : "text/cql",
        "expression" : "Should vaccinate patient with Rotavirus 2nd dose"
      }
    },
    {
      "kind" : "applicability",
      "expression" : {
        "description" : "\"Current Patient Age in Months\" <= 24",
        "language" : "text/cql",
        "expression" : "Should vaccinate patient with Rotavirus 2nd dose"
      }
    },
    {
      "kind" : "applicability",
      "expression" : {
        "description" : "\"Patient has no history of intussusception\" = TRUE",
        "language" : "text/cql",
        "expression" : "Should vaccinate patient with Rotavirus 2nd dose"
      }
    }],
    "definitionCanonical" : "http://fhir.org/guides/who/smart-immunization/ActivityDefinition/IMMZ.DT.07.Rotavirus.02"
  },
  {
    "title" : "Immunize Patient for Rotavirus - 2 Rotavirus dose previously given 3 dose scheme",
    "description" : "Provide Rotavirus immunizations – using the \"Rotavirus vaccine immunization schedule\" – minimum of 4 weeks after previous dose assuming 3 dose scheme",
    "condition" : [{
      "kind" : "applicability",
      "expression" : {
        "description" : "\"Rotavirus immunization history\" = \"2 doses\"",
        "language" : "text/cql",
        "expression" : "Should vaccinate patient with Rotavirus 3rd dose"
      }
    },
    {
      "kind" : "applicability",
      "expression" : {
        "description" : "\"Date last Rotavirus dose given\" >= \"4 weeks\"",
        "language" : "text/cql",
        "expression" : "Should vaccinate patient with Rotavirus 3rd dose"
      }
    },
    {
      "kind" : "applicability",
      "expression" : {
        "description" : "\"All previous doses given with a 3 dose series product\" = TRUE",
        "language" : "text/cql",
        "expression" : "Should vaccinate patient with Rotavirus 3rd dose"
      }
    },
    {
      "kind" : "applicability",
      "expression" : {
        "description" : "\"Patient has no history of intussusception\" = TRUE",
        "language" : "text/cql",
        "expression" : "Should vaccinate patient with Rotavirus 3rd dose"
      }
    },
    {
      "kind" : "applicability",
      "expression" : {
        "description" : "\"Current Patient Age in Months\" <= 24",
        "language" : "text/cql",
        "expression" : "Should vaccinate patient with Rotavirus 3rd dose"
      }
    }],
    "definitionCanonical" : "http://fhir.org/guides/who/smart-immunization/ActivityDefinition/IMMZ.DT.07.Rotavirus.03"
  }]
}