{
  "resourceType" : "ValueSet",
  "id" : "CD4percentageTest-values",
  "text" : {
    "status" : "generated",
    "div" : "<div xmlns=\"http://www.w3.org/1999/xhtml\"><p>This value set includes codes based on the following rules:</p><ul><li>Include these codes as defined in <a href=\"http://www.snomed.org/\"><code>http://snomed.info/sct</code></a><table class=\"none\"><tr><td style=\"white-space:nowrap\"><b>Code</b></td><td><b>Display</b></td></tr><tr><td><a href=\"http://snomed.info/id/313938009\">313938009</a></td><td>CD4 percent count (procedure)</td></tr><tr><td><a href=\"http://snomed.info/id/413069009\">413069009</a></td><td>Percentage CD4 (T4 cells) count (procedure)</td></tr></table></li><li>Include these codes as defined in <a href=\"http://loinc.org\"><code>http://loinc.org</code></a><table class=\"none\"><tr><td style=\"white-space:nowrap\"><b>Code</b></td><td><b>Display</b></td></tr><tr><td><a href=\"https://loinc.org/80223-1/\">80223-1</a></td><td>CD4 cells/100 lymphocytes in Specimen</td></tr></table></li></ul></div>"
  },
  "url" : "http://fhir.org/guides/who/smart-immunization/ValueSet/CD4percentageTest-values",
  "version" : "0.1.0",
  "name" : "CD4percentageTestvalues",
  "title" : "CD4 Percentage Test",
  "status" : "draft",
  "experimental" : false,
  "date" : "2023-03-31T14:38:57+00:00",
  "publisher" : "World Health Organization (WHO)",
  "description" : "Codes representing CD4 Percentage Test values",
  "jurisdiction" : [{
    "coding" : [{
      "system" : "http://unstats.un.org/unsd/methods/m49/m49.htm",
      "code" : "001"
    }]
  }],
  "immutable" : true,
  "compose" : {
    "include" : [{
      "system" : "http://snomed.info/sct",
      "concept" : [{
        "code" : "313938009",
        "display" : "CD4 percent count (procedure)"
      },
      {
        "code" : "413069009",
        "display" : "Percentage CD4 (T4 cells) count (procedure)"
      }]
    },
    {
      "system" : "http://loinc.org",
      "concept" : [{
        "code" : "80223-1",
        "display" : "CD4 cells/100 lymphocytes in Specimen"
      }]
    }]
  }
}