{
  "resourceType" : "ValueSet",
  "id" : "MonovalentMenCconjugate-values",
  "text" : {
    "status" : "generated",
    "div" : "<div xmlns=\"http://www.w3.org/1999/xhtml\"><p>This value set includes codes based on the following rules:</p><ul><li>Include these codes as defined in <code>http://hl7.org/fhir/sid/icd-11</code><table class=\"none\"><tr><td style=\"white-space:nowrap\"><b>Code</b></td><td><b>Display</b></td></tr><tr><td>XM2WV4</td><td>Meningococcal vaccines</td></tr><tr><td>XM18Y8</td><td>Meningococcus C, purified polysaccharides antigen conjugated</td></tr></table></li><li>Include these codes as defined in <a href=\"http://www.snomed.org/\"><code>http://snomed.info/sct</code></a><table class=\"none\"><tr><td style=\"white-space:nowrap\"><b>Code</b></td><td><b>Display</b></td></tr><tr><td><a href=\"http://snomed.info/id/259840006\">259840006</a></td><td>Meningococcal polysaccharide group C antibody (substance)</td></tr><tr><td><a href=\"http://snomed.info/id/871866001\">871866001</a></td><td>Vaccine product containing only Neisseria meningitidis serogroup C antigen (medicinal product)</td></tr><tr><td><a href=\"http://snomed.info/id/951000221102\">951000221102</a></td><td>Vaccine product containing only Neisseria meningitidis serogroup C capsular polysaccharide conjugated antigen (medicinal product)</td></tr></table></li></ul></div>"
  },
  "url" : "http://fhir.org/guides/who/smart-immunization/ValueSet/MonovalentMenCconjugate-values",
  "version" : "0.1.0",
  "name" : "MonovalentMenCconjugatevalues",
  "title" : "monovalent MenC conjugate values",
  "status" : "draft",
  "experimental" : false,
  "date" : "2023-03-31T14:38:57+00:00",
  "publisher" : "World Health Organization (WHO)",
  "description" : "Codes representing monovalent MenC conjugate values",
  "jurisdiction" : [{
    "coding" : [{
      "system" : "http://unstats.un.org/unsd/methods/m49/m49.htm",
      "code" : "001"
    }]
  }],
  "immutable" : true,
  "compose" : {
    "include" : [{
      "system" : "http://hl7.org/fhir/sid/icd-11",
      "concept" : [{
        "code" : "XM2WV4",
        "display" : "Meningococcal vaccines"
      },
      {
        "code" : "XM18Y8",
        "display" : "Meningococcus C, purified polysaccharides antigen conjugated"
      }]
    },
    {
      "system" : "http://snomed.info/sct",
      "concept" : [{
        "code" : "259840006",
        "display" : "Meningococcal polysaccharide group C antibody (substance)"
      },
      {
        "code" : "871866001",
        "display" : "Vaccine product containing only Neisseria meningitidis serogroup C antigen (medicinal product)"
      },
      {
        "code" : "951000221102",
        "display" : "Vaccine product containing only Neisseria meningitidis serogroup C capsular polysaccharide conjugated antigen (medicinal product)"
      }]
    }]
  }
}