{
  "resourceType" : "ValueSet",
  "id" : "MenAconjugatevaccine-values",
  "text" : {
    "status" : "generated",
    "div" : "<div xmlns=\"http://www.w3.org/1999/xhtml\"><p>This value set includes codes based on the following rules:</p><ul><li>Include these codes as defined in <code>http://hl7.org/fhir/sid/icd-11</code><table class=\"none\"><tr><td style=\"white-space:nowrap\"><b>Code</b></td><td><b>Display</b></td></tr><tr><td>XM2WV4</td><td>Meningococcal vaccines</td></tr><tr><td>XM2280</td><td>Meningococcus A, purified polysaccharides antigen conjugated</td></tr><tr><td>XM37L5</td><td>Meningococcus A, purified polysaccharides antigen</td></tr></table></li><li>Include these codes as defined in <a href=\"http://www.snomed.org/\"><code>http://snomed.info/sct</code></a><table class=\"none\"><tr><td style=\"white-space:nowrap\"><b>Code</b></td><td><b>Display</b></td></tr><tr><td><a href=\"http://snomed.info/id/259839009\">259839009</a></td><td>Meningococcal polysaccharide group A antibody (substance)</td></tr></table></li></ul></div>"
  },
  "url" : "http://fhir.org/guides/who/smart-immunization/ValueSet/MenAconjugatevaccine-values",
  "version" : "0.1.0",
  "name" : "MenAconjugatevaccinevalues",
  "title" : "MenA conjugate vaccine values",
  "status" : "draft",
  "experimental" : false,
  "date" : "2023-03-31T14:38:57+00:00",
  "publisher" : "World Health Organization (WHO)",
  "description" : "Codes representing MenA conjugate vaccine values",
  "jurisdiction" : [{
    "coding" : [{
      "system" : "http://unstats.un.org/unsd/methods/m49/m49.htm",
      "code" : "001"
    }]
  }],
  "immutable" : true,
  "compose" : {
    "include" : [{
      "system" : "http://hl7.org/fhir/sid/icd-11",
      "concept" : [{
        "code" : "XM2WV4",
        "display" : "Meningococcal vaccines"
      },
      {
        "code" : "XM2280",
        "display" : "Meningococcus A, purified polysaccharides antigen conjugated"
      },
      {
        "code" : "XM37L5",
        "display" : "Meningococcus A, purified polysaccharides antigen"
      }]
    },
    {
      "system" : "http://snomed.info/sct",
      "concept" : [{
        "code" : "259839009",
        "display" : "Meningococcal polysaccharide group A antibody (substance)"
      }]
    }]
  }
}