{"resourceType":"PlanDefinition","id":"IMMZ.DT.17.HepatitisA","url":"http://fhir.org/guides/who/smart-immunization/PlanDefinition/IMMZ.DT.17.HepatitisA","version":"0.1.0","name":"IMMZ.DT.17.HepatitisA","title":"IMMZ.DT.17.HepatitisA","status":"draft","date":"2023-03-31T14:38:57+00:00","publisher":"World Health Organization (WHO)","description":"If child or person has not been vaccinated, give Hepatitis A vaccine at 1 year of age","jurisdiction":[{"coding":[{"system":"http://unstats.un.org/unsd/methods/m49/m49.htm","code":"001"}]}],"library":["http://fhir.org/guides/who/smart-immunization/Library/IMMZDT17"],"action":[{"title":"Immunize Patient for Hepatitis A - No Doses","description":"Provide Hepatitis A immunization – using the \"Hepatitis A vaccine immunization – NO PREVIOUS\" Live attenuated HAV vaccine schedule (1 dose scheme)","condition":[{"kind":"applicability","expression":{"description":"\"Hepatitis A vaccine immunization history\" = \"No-doses\"","language":"text/cql","expression":"Should vaccinate patient for Hepatitis A because no doses at 1 year old in a 1 dose scheme"}},{"kind":"applicability","expression":{"description":"\"Current Patient Age in Years\" >= 1","language":"text/cql","expression":"Should vaccinate patient for Hepatitis A because no doses at 1 year old in a 1 dose scheme"}},{"kind":"applicability","expression":{"description":"\"Country is not highly endemic for Hepatitis A\" = TRUE","language":"text/cql","expression":"Should vaccinate patient for Hepatitis A because no doses at 1 year old in a 1 dose scheme"}},{"kind":"applicability","expression":{"description":"\"Pregnancy Status\" = FALSE","language":"text/cql","expression":"Should vaccinate patient for Hepatitis A because no doses at 1 year old in a 1 dose scheme"}},{"kind":"applicability","expression":{"description":"\"Immunocompromised\" = FALSE","language":"text/cql","expression":"Should vaccinate patient for Hepatitis A because no doses at 1 year old in a 1 dose scheme"}},{"kind":"applicability","expression":{"description":"\"Country is administering a Live attenuated HAV vaccine\" = TRUE","language":"text/cql","expression":"Should vaccinate patient for Hepatitis A because no doses at 1 year old in a 1 dose scheme"}}],"definitionCanonical":"http://fhir.org/guides/who/smart-immunization/ActivityDefinition/IMMZ.DT.17.HepatitisA.01"},{"title":"Immunize Patient for Hepatitis A - No Doses","description":"Provide Hepatitis A immunization – using the \"Hepatitis A vaccine immunization – NO PREVIOUS\" Inactivated HAV vaccine schedule (2 dose scheme)","condition":[{"kind":"applicability","expression":{"description":"\"Hepatitis A vaccine immunization history\" = \"No-doses\"","language":"text/cql","expression":"Should vaccinate patient for Hepatitis A because no doses at 1 year old in a 2 dose scheme"}},{"kind":"applicability","expression":{"description":"\"Current Patient Age in Years\" >= 1","language":"text/cql","expression":"Should vaccinate patient for Hepatitis A because no doses at 1 year old in a 2 dose scheme"}},{"kind":"applicability","expression":{"description":"\"Country is not highly endemic for Hepatitis A\" = TRUE","language":"text/cql","expression":"Should vaccinate patient for Hepatitis A because no doses at 1 year old in a 2 dose scheme"}},{"kind":"applicability","expression":{"description":"\"Country is administering an Inactivated HAV vaccine\" = TRUE","language":"text/cql","expression":"Should vaccinate patient for Hepatitis A because no doses at 1 year old in a 2 dose scheme"}}],"definitionCanonical":"http://fhir.org/guides/who/smart-immunization/ActivityDefinition/IMMZ.DT.17.HepatitisA.02"},{"title":"Immunize Patient for Hepatitis A - 1 Dose of Inactivated HAV (high risk or immunocompromised)","description":"Provide Hepatitis A immunization – using the \"Hepatitis A vaccine immunization – 1 PREVIOUS\" Inactivated HAV vaccine schedule (2 dose scheme)","condition":[{"kind":"applicability","expression":{"description":"\"Hepatitis A vaccine immunization history\" = \"1 dose\"","language":"text/cql","expression":"Should vaccinate patient for Hepatitis A because 1 dose given 6 months to 5 years ago in a 2 dose scheme due to high risk or immunocompromised"}},{"kind":"applicability","expression":{"description":"\"Date last Hepatitis A dose given\" >= \"6 months\"","language":"text/cql","expression":"Should vaccinate patient for Hepatitis A because 1 dose given 6 months to 5 years ago in a 2 dose scheme due to high risk or immunocompromised"}},{"kind":"applicability","expression":{"description":"\"Date last Hepatitis A dose given\" <= \"5 years\"","language":"text/cql","expression":"Should vaccinate patient for Hepatitis A because 1 dose given 6 months to 5 years ago in a 2 dose scheme due to high risk or immunocompromised"}},{"kind":"applicability","expression":{"description":"\"Type of last Hepatits A dose\" = \"Inactivated HAV\"","language":"text/cql","expression":"Should vaccinate patient for Hepatitis A because 1 dose given 6 months to 5 years ago in a 2 dose scheme due to high risk or immunocompromised"}},{"kind":"applicability","expression":{"description":"\"Individual has a substantial risk of contracting Hepatitis A\" = TRUE","language":"text/cql","expression":"Should vaccinate patient for Hepatitis A because 1 dose given 6 months to 5 years ago in a 2 dose scheme due to high risk or immunocompromised"}}],"definitionCanonical":"http://fhir.org/guides/who/smart-immunization/ActivityDefinition/IMMZ.DT.17.HepatitisA.03"}]}