{"resourceType":"PlanDefinition","id":"IMMZ.DT.10.HPV","url":"http://fhir.org/guides/who/smart-immunization/PlanDefinition/IMMZ.DT.10.HPV","version":"0.1.0","name":"IMMZ.DT.10.HPV","title":"IMMZ.DT.10.HPV","status":"draft","date":"2023-03-31T14:38:57+00:00","publisher":"World Health Organization (WHO)","description":"If child or person has not been vaccinated, give HPV vaccine according to the defined schedule","jurisdiction":[{"coding":[{"system":"http://unstats.un.org/unsd/methods/m49/m49.htm","code":"001"}]}],"library":["http://fhir.org/guides/who/smart-immunization/Library/IMMZDT10"],"action":[{"title":"Immunize Patient for HPV - No Doses","description":"Provide HPV immunizations - using the \"HPV vaccine immunization - NO PREVIOUS\" schedule (2 dose scheme)","condition":[{"kind":"applicability","expression":{"description":"\"HPV vaccine history\" = \"No-doses\"","language":"text/cql","expression":"Should vaccinate Patient for HPV because no doses on a two-dose schedule"}},{"kind":"applicability","expression":{"description":"\"Sex\" = \"Female\"","language":"text/cql","expression":"Should vaccinate Patient for HPV because no doses on a two-dose schedule"}},{"kind":"applicability","expression":{"description":"\"Current Patient Age in Years\" >= 9","language":"text/cql","expression":"Should vaccinate Patient for HPV because no doses on a two-dose schedule"}},{"kind":"applicability","expression":{"description":"\"Current Patient Age in Years\" <= 14","language":"text/cql","expression":"Should vaccinate Patient for HPV because no doses on a two-dose schedule"}}],"definitionCanonical":"http://fhir.org/guides/who/smart-immunization/ActivityDefinition/IMMZ.DT.10.HPV.01"},{"title":"Immunize Patient for HPV - 1 Dose","description":"Provide HPV immunizations - using \"HPV vaccine immunization - 1 PREVIOUS\" schedule (2 dose scheme)","condition":[{"kind":"applicability","expression":{"description":"\"HPV vaccine history\" = \"1 dose\"","language":"text/cql","expression":"Should vaccinate Patient for HPV a second time on a two-dose schedule"}},{"kind":"applicability","expression":{"description":"\"Sex\" = \"Female\"","language":"text/cql","expression":"Should vaccinate Patient for HPV a second time on a two-dose schedule"}},{"kind":"applicability","expression":{"description":"\"Current Patient Age in Years\" >=  9","language":"text/cql","expression":"Should vaccinate Patient for HPV a second time on a two-dose schedule"}},{"kind":"applicability","expression":{"description":"\"Current Patient Age in Years\" <= 14","language":"text/cql","expression":"Should vaccinate Patient for HPV a second time on a two-dose schedule"}},{"kind":"applicability","expression":{"description":"\"Date last HPV dose given\" >= \"6 months\"","language":"text/cql","expression":"Should vaccinate Patient for HPV a second time on a two-dose schedule"}},{"kind":"applicability","expression":{"description":"\"Date last HPV dose given\" <= \"12 months\"","language":"text/cql","expression":"Should vaccinate Patient for HPV a second time on a two-dose schedule"}}],"definitionCanonical":"http://fhir.org/guides/who/smart-immunization/ActivityDefinition/IMMZ.DT.10.HPV.02"},{"title":"Immunize Patient for HPV - 2 Doses","description":"Provide additional HPV immunizations - using \"HPV vaccination immunization - 2 PREVIOUS\" schedule (2+1 dose scheme)","condition":[{"kind":"applicability","expression":{"description":"\"HPV vaccine history\" = \"2 doses\"","language":"text/cql","expression":"Should vaccinate Patient for HPV Dose 3 - due to short interval between first and second dose"}},{"kind":"applicability","expression":{"description":"\"Sex\" = \"Female\"","language":"text/cql","expression":"Should vaccinate Patient for HPV Dose 3 - due to short interval between first and second dose"}},{"kind":"applicability","expression":{"description":"\"Time between first and second HPV doses in Months\" < 5","language":"text/cql","expression":"Should vaccinate Patient for HPV Dose 3 - due to short interval between first and second dose"}},{"kind":"applicability","expression":{"description":"\"Time since initial HPV dose in Months\" >= 6","language":"text/cql","expression":"Should vaccinate Patient for HPV Dose 3 - due to short interval between first and second dose"}},{"kind":"applicability","expression":{"description":"\"Current Patient Age in Years\" >= 9","language":"text/cql","expression":"Should vaccinate Patient for HPV Dose 3 - due to short interval between first and second dose"}},{"kind":"applicability","expression":{"description":"\"Current Patient Age in Years\" <= 14","language":"text/cql","expression":"Should vaccinate Patient for HPV Dose 3 - due to short interval between first and second dose"}}],"definitionCanonical":"http://fhir.org/guides/who/smart-immunization/ActivityDefinition/IMMZ.DT.10.HPV.03"},{"title":"Immunize Patient for HPV - No Doses","description":"Provide HPV immunizations - using the \"HPV vaccine immunization - NO PREVIOUS\" schedule (3 dose scheme)","condition":[{"kind":"applicability","expression":{"description":"\"HPV vaccine history\" = \"No-doses\"","language":"text/cql","expression":"Should vaccinate Patient for HPV because no doses on a three-dose schedule"}},{"kind":"applicability","expression":{"description":"\"Sex\" = \"Female\"","language":"text/cql","expression":"Should vaccinate Patient for HPV because no doses on a three-dose schedule"}},{"kind":"applicability","expression":{"description":"\"Current Patient Age in Years\" >= 15","language":"text/cql","expression":"Should vaccinate Patient for HPV because no doses on a three-dose schedule"}}],"definitionCanonical":"http://fhir.org/guides/who/smart-immunization/ActivityDefinition/IMMZ.DT.10.HPV.04"},{"title":"Immunize Patient for HPV - No Doses","description":"Provide HPV immunizations - using the \"HPV vaccine immunization - NO PREVIOUS\" schedule (3 dose scheme)","condition":[{"kind":"applicability","expression":{"description":"\"Current Patient Age in Years\" < 15","language":"text/cql","expression":"Should vaccinate Patient for HPV because no doses on a three-dose schedule"}},{"kind":"applicability","expression":{"description":"\"Immunocompromised\" = \"True\"","language":"text/cql","expression":"Should vaccinate Patient for HPV because no doses on a three-dose schedule"}}],"definitionCanonical":"http://fhir.org/guides/who/smart-immunization/ActivityDefinition/IMMZ.DT.10.HPV.05"},{"title":"Immunize Patient for HPV - 1 Dose","description":"Provide HPV immunizations - using the \"HPV vaccine immunization -  ONE PREVIOUS\" schedule (3 dose scheme)","condition":[{"kind":"applicability","expression":{"description":"\"HPV vaccine history\" = \"1 dose\"","language":"text/cql","expression":"Should vaccinate Patient for HPV because one dose on a three-dose schedule"}},{"kind":"applicability","expression":{"description":"\"Sex\" = \"Female\"","language":"text/cql","expression":"Should vaccinate Patient for HPV because one dose on a three-dose schedule"}},{"kind":"applicability","expression":{"description":"\"Current Patient Age in  Years\" >= 15","language":"text/cql","expression":"Should vaccinate Patient for HPV because one dose on a three-dose schedule"}},{"kind":"applicability","expression":{"description":"\"Date last HPV dose given\" >= \"1 month\"","language":"text/cql","expression":"Should vaccinate Patient for HPV because one dose on a three-dose schedule"}},{"kind":"applicability","expression":{"description":"\"Date last HPV does given\" <= \"2 months\"","language":"text/cql","expression":"Should vaccinate Patient for HPV because one dose on a three-dose schedule"}}],"definitionCanonical":"http://fhir.org/guides/who/smart-immunization/ActivityDefinition/IMMZ.DT.10.HPV.06"},{"title":"Immunize Patient for HPV - 2 Doses","description":"Provide HPV immunizations - using the \"HPV vaccine immunization -  TWO PREVIOUS\" schedule (3 dose scheme)","condition":[{"kind":"applicability","expression":{"description":"\"HPV vaccine history\" = \"2 doses\"","language":"text/cql","expression":"Should vaccinate Patient for HPV because two doses on a three-dose schedule"}},{"kind":"applicability","expression":{"description":"\"Sex\" = \"Female\"","language":"text/cql","expression":"Should vaccinate Patient for HPV because two doses on a three-dose schedule"}},{"kind":"applicability","expression":{"description":"\"Current Patient Age in Years\" >= 15","language":"text/cql","expression":"Should vaccinate Patient for HPV because two doses on a three-dose schedule"}},{"kind":"applicability","expression":{"description":"\"Date last HPV dose given\" >= \"6 months\"","language":"text/cql","expression":"Should vaccinate Patient for HPV because two doses on a three-dose schedule"}}],"definitionCanonical":"http://fhir.org/guides/who/smart-immunization/ActivityDefinition/IMMZ.DT.10.HPV.08"}]}