{"resourceType":"PlanDefinition","id":"IMMZ.DT.22.Varicella","url":"http://fhir.org/guides/who/smart-immunization/PlanDefinition/IMMZ.DT.22.Varicella","version":"0.1.0","name":"IMMZ.DT.22.Varicella","title":"IMMZ.DT.22.Varicella","status":"draft","date":"2023-03-31T14:38:57+00:00","publisher":"World Health Organization (WHO)","description":"If child or person has not been vaccinated against Varicella","jurisdiction":[{"coding":[{"system":"http://unstats.un.org/unsd/methods/m49/m49.htm","code":"001"}]}],"library":["http://fhir.org/guides/who/smart-immunization/Library/IMMZDT22"],"action":[{"title":"Immunize Patient for Varicella- No Doses","description":"Provide Varicella immunizations – using the \"Varicella vaccine immunization – NO PREVIOUS\" schedule (2 dose scheme)","condition":[{"kind":"applicability","expression":{"description":"\"Varicella vaccine immunization history\" = \"No-doses\"","language":"text/cql","expression":"Should vaccinate patient with Varicella vaccine because no doses in a 2 dose scheme"}},{"kind":"applicability","expression":{"description":"\"Current Patient Age in Months\" >= 12","language":"text/cql","expression":"Should vaccinate patient with Varicella vaccine because no doses in a 2 dose scheme"}},{"kind":"applicability","expression":{"description":"\"Pregnancy Status\" = FALSE","language":"text/cql","expression":"Should vaccinate patient with Varicella vaccine because no doses in a 2 dose scheme"}},{"kind":"applicability","expression":{"description":"\"Country recognizes Varicella an important public health burden\" = TRUE","language":"text/cql","expression":"Should vaccinate patient with Varicella vaccine because no doses in a 2 dose scheme"}}],"definitionCanonical":"http://fhir.org/guides/who/smart-immunization/ActivityDefinition/IMMZ.DT.22.Varicella.01"},{"title":"Immunize Patient for Varicella -  1st dose given between 4 weeks and 3 months ago","description":"Provide Varicella immunizations – using the \"Varicella vaccine immunization – 1 PREVIOUS\" schedule (2 dose scheme)","condition":[{"kind":"applicability","expression":{"description":"\"Varicella vaccine immunization history\" = \"1 dose\"","language":"text/cql","expression":"Should vaccinate patient with Varicella vaccine because 1 dose given 4 weeks ago in a 2 dose scheme"}},{"kind":"applicability","expression":{"description":"\"Date last Varicella dose given\" >= \"4 weeks\"","language":"text/cql","expression":"Should vaccinate patient with Varicella vaccine because 1 dose given 4 weeks ago in a 2 dose scheme"}},{"kind":"applicability","expression":{"description":"\"Pregnancy Status\" = FALSE","language":"text/cql","expression":"Should vaccinate patient with Varicella vaccine because 1 dose given 4 weeks ago in a 2 dose scheme"}}],"definitionCanonical":"http://fhir.org/guides/who/smart-immunization/ActivityDefinition/IMMZ.DT.22.Varicella.02"}]}