{"resourceType":"PlanDefinition","id":"IMMZ.DT.05.Hib","url":"http://fhir.org/guides/who/smart-immunization/PlanDefinition/IMMZ.DT.05.Hib","version":"0.1.0","name":"IMMZ.DT.05.Hib","title":"IMMZ.DT.05.Hib","status":"draft","date":"2023-03-31T14:38:57+00:00","publisher":"World Health Organization (WHO)","description":"if child or person has not been vaccinated, give Hib vaccine between 6 weeks and 59 months","jurisdiction":[{"coding":[{"system":"http://unstats.un.org/unsd/methods/m49/m49.htm","code":"001"}]}],"library":["http://fhir.org/guides/who/smart-immunization/Library/IMMZDT05"],"action":[{"title":"Immunize Patient for Hib - No Doses","description":"Provide Hib immunizations – using the \"Hib Vaccine immunization – NO PREVIOUS\" schedule (1 dose scheme)","condition":[{"kind":"applicability","expression":{"description":"\"Hib vaccine immunization history\" = \"No-doses\"","language":"text/cql","expression":"Should vaccinate patient for Hib because no doses on 1 dose scheme"}},{"kind":"applicability","expression":{"description":"\"Current Patient Age in Months\" > 12","language":"text/cql","expression":"Should vaccinate patient for Hib because no doses on 1 dose scheme"}}],"definitionCanonical":"http://fhir.org/guides/who/smart-immunization/ActivityDefinition/IMMZ.DT.05.Hib.01"},{"title":"Immunize Patient for Hib - No Doses","description":"Provide Hib immunizations – using the \"Hib Vaccine immunization 3p schedule – NO PREVIOUS\" schedule (3 dose scheme)","condition":[{"kind":"applicability","expression":{"description":"\"Hib vaccine immunization history\" = \"No-doses\"","language":"text/cql","expression":"Should vaccinate patient for Hib because no doses on 3p dose scheme"}},{"kind":"applicability","expression":{"description":"\"Current Patient Age in Weeks\" >= 6","language":"text/cql","expression":"Should vaccinate patient for Hib because no doses on 3p dose scheme"}},{"kind":"applicability","expression":{"description":"\"In a country where the peak burden of severe Hib disease occurs in young infants\" = TRUE","language":"text/cql","expression":"Should vaccinate patient for Hib because no doses on 3p dose scheme"}}],"definitionCanonical":"http://fhir.org/guides/who/smart-immunization/ActivityDefinition/IMMZ.DT.05.Hib.02"},{"title":"Immunize Patient for Hib - 1 Dose","description":"Provide Hib immunizations – using the \"Hib Vaccine immunization 3p schedule – 1 PREVIOUS\" schedule (3 dose scheme)","condition":[{"kind":"applicability","expression":{"description":"\"Hib vaccine immunization history\" = \"1 dose\"","language":"text/cql","expression":"Should vaccinate patient for Hib because 1 dose on 3p dose scheme"}},{"kind":"applicability","expression":{"description":"\"Date last Hib dose given\" >= \"4 weeks\"","language":"text/cql","expression":"Should vaccinate patient for Hib because 1 dose on 3p dose scheme"}},{"kind":"applicability","expression":{"description":"\"In a country where the peak burden of severe Hib disease occurs in young infants\" = TRUE","language":"text/cql","expression":"Should vaccinate patient for Hib because 1 dose on 3p dose scheme"}},{"kind":"applicability","expression":{"description":"\"Age when patient received 1st dose\" <= \"12 months\"","language":"text/cql","expression":"Should vaccinate patient for Hib because 1 dose on 3p dose scheme"}}],"definitionCanonical":"http://fhir.org/guides/who/smart-immunization/ActivityDefinition/IMMZ.DT.05.Hib.03"},{"title":"Immunize Patient for Hib - 2 Doses","description":"Provide Hib immunizations – using the \"Hib Vaccine immunization 3p schedule – 2 PREVIOUS\" schedule (3 dose scheme)","condition":[{"kind":"applicability","expression":{"description":"\"Hib vaccine immunization history\" = \"2 doses\"","language":"text/cql","expression":"Should vaccinate patient for Hib because 2 doses on 3p dose scheme"}},{"kind":"applicability","expression":{"description":"\"Date last Hib dose given\" >= \"4 weeks\"","language":"text/cql","expression":"Should vaccinate patient for Hib because 2 doses on 3p dose scheme"}},{"kind":"applicability","expression":{"description":"\"In a country where the peak burden of severe Hib disease occurs in young infants\" = TRUE","language":"text/cql","expression":"Should vaccinate patient for Hib because 2 doses on 3p dose scheme"}}],"definitionCanonical":"http://fhir.org/guides/who/smart-immunization/ActivityDefinition/IMMZ.DT.05.Hib.04"},{"title":"Immunize Patient for Hib - No Doses","description":"Provide Hib immunizations – using the \"Hib Vaccine immunization 3p + 1 schedule – NO PREVIOUS\" schedule (3p+1 dose scheme)","condition":[{"kind":"applicability","expression":{"description":"\"Hib vaccine immunization history\" = \"No-doses\"","language":"text/cql","expression":"Should vaccinate patient for Hib because No dose on 3p+1 dose scheme"}},{"kind":"applicability","expression":{"description":"\"Current Patient Age in Weeks\" >= 6","language":"text/cql","expression":"Should vaccinate patient for Hib because No dose on 3p+1 dose scheme"}},{"kind":"applicability","expression":{"description":"\"In a setting where the greatest disease morbidity and mortality occur later, or where rate reductions of disease are not fully sustained after the routine use of Hib vaccine\" = TRUE","language":"text/cql","expression":"Should vaccinate patient for Hib because No dose on 3p+1 dose scheme"}}],"definitionCanonical":"http://fhir.org/guides/who/smart-immunization/ActivityDefinition/IMMZ.DT.05.Hib.05"},{"title":"Immunize Patient for Hib - 1 Dose","description":"Provide Hib immunizations – using the \"Hib Vaccine immunization 3p + 1 schedule – 1 PREVIOUS\" schedule (3p+1 dose scheme)","condition":[{"kind":"applicability","expression":{"description":"\"Hib vaccine immunization history\" = \"1 dose\"","language":"text/cql","expression":"Should vaccinate patient for Hib because 1 dose on 3p+1 dose scheme"}},{"kind":"applicability","expression":{"description":"\"Date last Hib dose given\" >= \"4 weeks\"","language":"text/cql","expression":"Should vaccinate patient for Hib because 1 dose on 3p+1 dose scheme"}},{"kind":"applicability","expression":{"description":"\"In a setting where the greatest disease morbidity and mortality occur later, or where rate reductions of disease are not fully sustained after the routine use of Hib vaccine\" = TRUE","language":"text/cql","expression":"Should vaccinate patient for Hib because 1 dose on 3p+1 dose scheme"}},{"kind":"applicability","expression":{"description":"\"Age when patient received 1st dose\" <= \"12 months\"","language":"text/cql","expression":"Should vaccinate patient for Hib because 1 dose on 3p+1 dose scheme"}}],"definitionCanonical":"http://fhir.org/guides/who/smart-immunization/ActivityDefinition/IMMZ.DT.05.Hib.06"},{"title":"Immunize Patient for Hib - 2 Doses","description":"Provide Hib immunizations – using the \"Hib Vaccine immunization 3p + 1 schedule – 2 PREVIOUS\" schedule (3p+1 dose scheme)","condition":[{"kind":"applicability","expression":{"description":"\"Hib vaccine immunization history\" = \"2 doses\"","language":"text/cql","expression":"Should vaccinate patient for Hib because 2 doses on 3p+1 dose scheme"}},{"kind":"applicability","expression":{"description":"\"Date last Hib dose given\" >= \"4 weeks\"","language":"text/cql","expression":"Should vaccinate patient for Hib because 2 doses on 3p+1 dose scheme"}},{"kind":"applicability","expression":{"description":"\"In a setting where the greatest disease morbidity and mortality occur later, or where rate reductions of disease are not fully sustained after the routine use of Hib vaccine\" = TRUE","language":"text/cql","expression":"Should vaccinate patient for Hib because 2 doses on 3p+1 dose scheme"}}],"definitionCanonical":"http://fhir.org/guides/who/smart-immunization/ActivityDefinition/IMMZ.DT.05.Hib.07"},{"title":"Immunize Patient for Hib - Booster","description":"Provide Hib immunizations – using the \"Hib Vaccine immunization 3p + 1 schedule – 3 PREVIOUS\" schedule (3p+1 dose scheme)","condition":[{"kind":"applicability","expression":{"description":"\"Hib vaccine immunization history\" = \"3 doses\"","language":"text/cql","expression":"Should vaccinate patient for Hib because 3 doses on 3p+1 dose scheme"}},{"kind":"applicability","expression":{"description":"\"Date last Hib dose given\" >= \"6 months\"","language":"text/cql","expression":"Should vaccinate patient for Hib because 3 doses on 3p+1 dose scheme"}},{"kind":"applicability","expression":{"description":"\"In a setting where the greatest disease morbidity and mortality occur later, or where rate reductions of disease are not fully sustained after the routine use of Hib vaccine\" = TRUE","language":"text/cql","expression":"Should vaccinate patient for Hib because 3 doses on 3p+1 dose scheme"}}],"definitionCanonical":"http://fhir.org/guides/who/smart-immunization/ActivityDefinition/IMMZ.DT.05.Hib.08"},{"title":"Immunize Patient for Hib - No Doses","description":"Provide Hib immunizations – using the \"Hib Vaccine immunization 2p + 1 schedule – NO PREVIOUS\" schedule (2p+1 dose scheme)","condition":[{"kind":"applicability","expression":{"description":"\"Hib vaccine immunization history\" = \"No-doses\"","language":"text/cql","expression":"Should vaccinate patient for Hib because No dose on 2p+1 dose scheme"}},{"kind":"applicability","expression":{"description":"\"Current Patient Age in Weeks\" >= 6","language":"text/cql","expression":"Should vaccinate patient for Hib because No dose on 2p+1 dose scheme"}},{"kind":"applicability","expression":{"description":"\"In a setting where the greatest disease morbidity and mortality occur later, or where rate reductions of disease are not fully sustained after the routine use of Hib vaccine\" = TRUE","language":"text/cql","expression":"Should vaccinate patient for Hib because No dose on 2p+1 dose scheme"}}],"definitionCanonical":"http://fhir.org/guides/who/smart-immunization/ActivityDefinition/IMMZ.DT.05.Hib.09"},{"title":"Immunize Patient for Hib - 1 Dose","description":"Provide Hib immunizations – using the \"Hib Vaccine immunization 2p + 1 schedule – 1 PREVIOUS\" schedule (2p+1 dose scheme)","condition":[{"kind":"applicability","expression":{"description":"\"Hib vaccine immunization history\" = \"1 dose\"","language":"text/cql","expression":"Should vaccinate patient for Hib because 1 dose on 2p+1 dose scheme"}},{"kind":"applicability","expression":{"description":"\"Date last Hib dose given\" >= \"8 weeks\"","language":"text/cql","expression":"Should vaccinate patient for Hib because 1 dose on 2p+1 dose scheme"}},{"kind":"applicability","expression":{"description":"\"In a setting where the greatest disease morbidity and mortality occur later, or where rate reductions of disease are not fully sustained after the routine use of Hib vaccine\" = TRUE","language":"text/cql","expression":"Should vaccinate patient for Hib because 1 dose on 2p+1 dose scheme"}},{"kind":"applicability","expression":{"description":"\"Age when patient received 1st dose\" <= \"12 months\"","language":"text/cql","expression":"Should vaccinate patient for Hib because 1 dose on 2p+1 dose scheme"}}],"definitionCanonical":"http://fhir.org/guides/who/smart-immunization/ActivityDefinition/IMMZ.DT.05.Hib.10"},{"title":"Immunize Patient for Hib - Booster","description":"Provide Hib immunizations – using the \"Hib Vaccine immunization 2p + 1 schedule – 2 PREVIOUS\" schedule (2p+1 dose scheme)","condition":[{"kind":"applicability","expression":{"description":"\"Hib vaccine immunization history\" = \"2 doses\"","language":"text/cql","expression":"Should vaccinate patient for Hib because 2 dose on 2p+1 dose scheme"}},{"kind":"applicability","expression":{"description":"\"Date last Hib dose given\" >= \"6 months\"","language":"text/cql","expression":"Should vaccinate patient for Hib because 2 dose on 2p+1 dose scheme"}},{"kind":"applicability","expression":{"description":"\"In a setting where the greatest disease morbidity and mortality occur later, or where rate reductions of disease are not fully sustained after the routine use of Hib vaccine\" = TRUE","language":"text/cql","expression":"Should vaccinate patient for Hib because 2 dose on 2p+1 dose scheme"}}],"definitionCanonical":"http://fhir.org/guides/who/smart-immunization/ActivityDefinition/IMMZ.DT.05.Hib.11"}]}