{"resourceType":"PlanDefinition","id":"IMMZ.DT.21.SeasonalInfluenza","url":"http://fhir.org/guides/who/smart-immunization/PlanDefinition/IMMZ.DT.21.SeasonalInfluenza","version":"0.1.0","name":"IMMZ.DT.21.SeasonalInfluenza","title":"IMMZ.DT.21.SeasonalInfluenza","status":"draft","date":"2023-03-31T14:01:17+00:00","publisher":"World Health Organization (WHO)","description":"If child or person has not been vaccinated, give Seasonal Influenza vaccine at 6 months of age, and then once a year.","jurisdiction":[{"coding":[{"system":"http://unstats.un.org/unsd/methods/m49/m49.htm","code":"001"}]}],"library":["http://fhir.org/guides/who/smart-immunization/Library/IMMZDT21"],"action":[{"title":"Immunize Patient for Seasonal influenza - No Doses at 6 months old","description":"Provide Seasonal influenza immunizations – using the \"Seasonal influenza vaccine immunization – NO PREVIOUS\" schedule (2 dose scheme)","condition":[{"kind":"applicability","expression":{"description":"\"Seasonal influenza vaccine immunization history\" = \"No-doses\"","language":"text/cql","expression":"Should vaccinate patient for Seasonal influenza because no doses at 6 months old in a 2 dose scheme"}},{"kind":"applicability","expression":{"description":"\"Current Patient Age in Months\" >= 6","language":"text/cql","expression":"Should vaccinate patient for Seasonal influenza because no doses at 6 months old in a 2 dose scheme"}}],"definitionCanonical":"http://fhir.org/guides/who/smart-immunization/ActivityDefinition/IMMZ.DT.21.SeasonalInfluenza.01"},{"title":"Immunize Patient for Seasonal influenza - 1st Dose given 4 weeks ago","description":"Provide Seasonal influenza immunizations – using the \"Seasonal influenza vaccine immunization – 1 PREVIOUS\" schedule (2 dose scheme)","condition":[{"kind":"applicability","expression":{"description":"\"Seasonal influenza vaccine immunization history\" = \"1 dose\"","language":"text/cql","expression":"Should vaccinate patient for Seasonal influenza because 1st dose was given 4 weeks ago in a 2 dose scheme"}},{"kind":"applicability","expression":{"description":"\"Date last Seasonal Influenza dose given\" >= \"4 weeks\"","language":"text/cql","expression":"Should vaccinate patient for Seasonal influenza because 1st dose was given 4 weeks ago in a 2 dose scheme"}},{"kind":"applicability","expression":{"description":"\"Current Patient Age in Years\" < 9","language":"text/cql","expression":"Should vaccinate patient for Seasonal influenza because 1st dose was given 4 weeks ago in a 2 dose scheme"}}],"definitionCanonical":"http://fhir.org/guides/who/smart-immunization/ActivityDefinition/IMMZ.DT.21.SeasonalInfluenza.02"},{"title":"Immunize Patient for Seasonal influenza - Annual Re-vaccination","description":"Provide Seasonal influenza revaccination – using the \"Seasonal influenza vaccine immunization – Annual dose\" schedule (1 dose scheme)","condition":[{"kind":"applicability","expression":{"description":"\"Patient has completed Seasonal influenza primary series\" = TRUE","language":"text/cql","expression":"Should Re-vaccinate patient for Seasonal influenza - Annual dose"}},{"kind":"applicability","expression":{"description":"\"Date last Seasonal Influenza dose given\" >= \"1 year\"","language":"text/cql","expression":"Should Re-vaccinate patient for Seasonal influenza - Annual dose"}}],"definitionCanonical":"http://fhir.org/guides/who/smart-immunization/ActivityDefinition/IMMZ.DT.21.SeasonalInfluenza.03"}]}