{"resourceType":"PlanDefinition","id":"IMMZ.DT.02.HepatitisB","url":"http://fhir.org/guides/who/smart-immunization/PlanDefinition/IMMZ.DT.02.HepatitisB","version":"0.1.0","name":"IMMZ.DT.02.HepatitisB","title":"IMMZ.DT.02.HepatitisB","status":"draft","date":"2023-03-31T14:00:01+00:00","publisher":"World Health Organization (WHO)","description":"If child or person has not been vaccinated, give Hepatitis B vaccine as soon as possible after birth","jurisdiction":[{"coding":[{"system":"http://unstats.un.org/unsd/methods/m49/m49.htm","code":"001"}]}],"library":["http://fhir.org/guides/who/smart-immunization/Library/IMMZDT02"],"action":[{"title":"Immunize Patient for Hepatitis B - No Doses and Premature birth or low birth weight","description":"Provide Hepatitis B immunizations – using the \"Hepatitis B vaccine immunization – Birth dose\" schedule (Birth dose)","condition":[{"kind":"applicability","expression":{"description":"\"Hepatitis B vaccine immunization history\" = \"No-doses\"","language":"text/cql","expression":"Should vaccinate patient for Hepatitis B because no doses and (low birth weight or premature infant)"}},{"kind":"applicability","expression":{"description":"\"Patient birth weight observation value\" < \"2000g\"","language":"text/cql","expression":"Should vaccinate patient for Hepatitis B because no doses and (low birth weight or premature infant)"}},{"kind":"applicability","expression":{"description":"\"Current Patient Age in Weeks\" < 2","language":"text/cql","expression":"Should vaccinate patient for Hepatitis B because no doses and (low birth weight or premature infant)"}}],"definitionCanonical":"http://fhir.org/guides/who/smart-immunization/ActivityDefinition/IMMZ.DT.02.HepatitisB.01"},{"title":"Immunize Patient for Hepatitis B - No Doses","description":"Provide Hepatitis B immunizations – using the \"Hepatitis B vaccine immunization – NO PREVIOUS\" schedule (3 doses scheme)","condition":[{"kind":"applicability","expression":{"description":"\"Hepatitis B vaccine immunization history\" = \"No-doses\"","language":"text/cql","expression":"Should vaccinate patient for Hepatitis B because no doses"}}],"definitionCanonical":"http://fhir.org/guides/who/smart-immunization/ActivityDefinition/IMMZ.DT.02.HepatitisB.03"},{"title":"Immunize Patient for Hepatitis B - 1 Dose","description":"Provide Hepatitis B immunizations – using the \"Hepatitis B vaccine immunization – 1 PREVIOUS\" schedule (3 doses scheme)","condition":[{"kind":"applicability","expression":{"description":"\"Hepatitis B vaccine immunization history\" = \"1 dose\"","language":"text/cql","expression":"Should vaccinate patient for Hepatitis B because 1 dose"}},{"kind":"applicability","expression":{"description":"\"Date last Hepatitis B dose given\" >= \"4 weeks\"","language":"text/cql","expression":"Should vaccinate patient for Hepatitis B because 1 dose"}}],"definitionCanonical":"http://fhir.org/guides/who/smart-immunization/ActivityDefinition/IMMZ.DT.02.HepatitisB.04"},{"title":"Immunize Patient for Hepatitis B - 2 Doses","description":"Provide Hepatitis B immunizations – using the \"Hepatitis B vaccine immunization – 2 PREVIOUS\" schedule (3 doses scheme)","condition":[{"kind":"applicability","expression":{"description":"\"Hepatitis B vaccine immunization history\" = \"2 doses\"","language":"text/cql","expression":"Should vaccinate patient for Hepatitis B because 2 doses"}},{"kind":"applicability","expression":{"description":"\"Date last Hepatitis B dose given\" >= \"4 weeks\"","language":"text/cql","expression":"Should vaccinate patient for Hepatitis B because 2 doses"}}],"definitionCanonical":"http://fhir.org/guides/who/smart-immunization/ActivityDefinition/IMMZ.DT.02.HepatitisB.05"}]}