{"resourceType":"PlanDefinition","id":"IMMZ.S.01.BCG","url":"http://fhir.org/guides/who/smart-immunization/PlanDefinition/IMMZ.S.01.BCG","version":"0.1.0","name":"IMMZ.S.01.BCG","title":"IMMZ.S.01.BCG","status":"draft","date":"2023-03-31T14:00:01+00:00","publisher":"World Health Organization (WHO)","description":"BCG dose should be provided","jurisdiction":[{"coding":[{"system":"http://unstats.un.org/unsd/methods/m49/m49.htm","code":"001"}]}],"library":["http://fhir.org/guides/who/smart-immunization/Library/IMMZS01"],"action":[{"title":"BCG Dose 1","description":"Provision of the BCG dose","condition":[{"kind":"applicability","expression":{"description":"Provision of the BCG dose","language":"text/cql","expression":"Provision of the BCG dose"}}],"definitionCanonical":"http://fhir.org/guides/who/smart-immunization/ActivityDefinition/IMMZ.S.01.BCG.01"}]}