{"resourceType":"PlanDefinition","id":"IMMZ.DT.09.Rubella","url":"http://fhir.org/guides/who/smart-immunization/PlanDefinition/IMMZ.DT.09.Rubella","version":"0.1.0","name":"IMMZ.DT.09.Rubella","title":"IMMZ.DT.09.Rubella","status":"draft","date":"2023-03-31T14:00:01+00:00","publisher":"World Health Organization (WHO)","description":"If child or patient has not received the Rubella vaccination and is greater than or equal to 9 months","jurisdiction":[{"coding":[{"system":"http://unstats.un.org/unsd/methods/m49/m49.htm","code":"001"}]}],"library":["http://fhir.org/guides/who/smart-immunization/Library/IMMZDT09"],"action":[{"title":"Immunize Patient for Rubella- No Doses","description":"Provide Rubella immunizations – using the \"Rubella Vaccine immunization – NO PREVIOUS\" schedule (1 dose scheme)","condition":[{"kind":"applicability","expression":{"description":"\"Rubella vaccine immunization history\" = \"No-doses\"","language":"text/cql","expression":"Should vaccinate patient for Rubella because no doses on 1 dose scheme"}},{"kind":"applicability","expression":{"description":"\"Current Patient Age in Months\" >= 9","language":"text/cql","expression":"Should vaccinate patient for Rubella because no doses on 1 dose scheme"}},{"kind":"applicability","expression":{"description":"\"Pregnancy Status\" = FALSE","language":"text/cql","expression":"Should vaccinate patient for Rubella because no doses on 1 dose scheme"}}],"definitionCanonical":"http://fhir.org/guides/who/smart-immunization/ActivityDefinition/IMMZ.DT.09.Rubella.01"}]}