{"resourceType":"ValueSet","id":"HIVstatus-values","text":{"status":"generated","div":"<div xmlns=\"http://www.w3.org/1999/xhtml\"><p>This value set includes codes based on the following rules:</p><ul><li>Include these codes as defined in <a href=\"http://www.snomed.org/\"><code>http://snomed.info/sct</code></a><table class=\"none\"><tr><td style=\"white-space:nowrap\"><b>Code</b></td><td><b>Display</b></td></tr><tr><td><a href=\"http://snomed.info/id/278977008\">278977008</a></td><td>Human immunodeficiency virus status (observable entity)</td></tr></table></li><li>Include these codes as defined in <code>http://hl7.org/fhir/sid/icd-11</code><table class=\"none\"><tr><td style=\"white-space:nowrap\"><b>Code</b></td><td><b>Display</b></td></tr><tr><td>1C62.Z</td><td>Human immunodeficiency virus disease without mention of associated disease or condition, clinical stage unspecified</td></tr><tr><td>MA14.0</td><td>Laboratory evidence of human immunodeficiency virus</td></tr></table></li></ul></div>"},"url":"http://fhir.org/guides/who/smart-immunization/ValueSet/HIVstatus-values","version":"0.1.0","name":"HIVstatusvalues","title":"HIV status values","status":"draft","experimental":false,"date":"2023-03-31T14:00:01+00:00","publisher":"World Health Organization (WHO)","description":"Codes representing HIV status values","jurisdiction":[{"coding":[{"system":"http://unstats.un.org/unsd/methods/m49/m49.htm","code":"001"}]}],"immutable":true,"compose":{"include":[{"system":"http://snomed.info/sct","concept":[{"code":"278977008","display":"Human immunodeficiency virus status (observable entity)"}]},{"system":"http://hl7.org/fhir/sid/icd-11","concept":[{"code":"1C62.Z","display":"Human immunodeficiency virus disease without mention of associated disease or condition, clinical stage unspecified"},{"code":"MA14.0","display":"Laboratory evidence of human immunodeficiency virus"}]}]}}