{"resourceType":"ValueSet","id":"IGRATestResult-values","text":{"status":"generated","div":"<div xmlns=\"http://www.w3.org/1999/xhtml\"><ul><li>Include these codes as defined in <a href=\"http://www.snomed.org/\"><code>http://snomed.info/sct</code></a><table class=\"none\"><tr><td style=\"white-space:nowrap\"><b>Code</b></td><td><b>Display</b></td></tr><tr><td><a href=\"http://snomed.info/id/458561000124101\">458561000124101</a></td><td>Screening for tuberculosis using gamma interferon assay</td></tr><tr><td><a href=\"http://snomed.info/id/35140007\">35140007</a></td><td>Interferon gamma assay (procedure)</td></tr></table></li></ul></div>"},"url":"http://fhir.org/guides/who/smart-immunization/ValueSet/IGRATestResult-values","version":"0.1.0","name":"IGRATestResultvalues","title":"IGRA Test Result values","status":"draft","experimental":false,"date":"2023-03-31T14:01:17+00:00","publisher":"World Health Organization (WHO)","description":"Codes representing IGRA Test Result values","jurisdiction":[{"coding":[{"system":"http://unstats.un.org/unsd/methods/m49/m49.htm","code":"001"}]}],"immutable":true,"compose":{"include":[{"system":"http://snomed.info/sct","concept":[{"code":"458561000124101","display":"Screening for tuberculosis using gamma interferon assay"},{"code":"35140007","display":"Interferon gamma assay (procedure)"}]}]}}