<?xml version="1.0" encoding="UTF-8"?>

<ActivityDefinition xmlns="http://hl7.org/fhir">
  <id value="IMMZ.DT.08.Measles.04"/>
  <meta>
    <profile value="http://hl7.org/fhir/uv/cpg/StructureDefinition/cpg-immunizationactivity"/>
  </meta>
  <text>
    <status value="generated"/><div xmlns="http://www.w3.org/1999/xhtml"><p><b>Generated Narrative: ActivityDefinition</b><a name="IMMZ.DT.08.Measles.04"> </a></p><div style="display: inline-block; background-color: #d9e0e7; padding: 6px; margin: 4px; border: 1px solid #8da1b4; border-radius: 5px; line-height: 60%"><p style="margin-bottom: 0px">Resource ActivityDefinition &quot;IMMZ.DT.08.Measles.04&quot; </p><p style="margin-bottom: 0px">Profile: <code>http://hl7.org/fhir/uv/cpg/StructureDefinition/cpg-immunizationactivity</code></p></div><p><b>url</b>: <code>http://fhir.org/guides/who/smart-immunization/ActivityDefinition/IMMZ.DT.08.Measles.04</code></p><p><b>version</b>: 0.1.0</p><p><b>title</b>: IMMZ.DT.08.Measles.04</p><p><b>status</b>: draft</p><p><b>experimental</b>: true</p><p><b>date</b>: 2022-05-06 12:05:48-0400</p><p><b>publisher</b>: World Health Organization (WHO)</p><p><b>contact</b>: <a href="https://who.int">https://who.int</a></p><p><b>description</b>: Provide measles immunization supplimentary dose - Using the &quot;MCV0 Vaccine immunization - NO Previous&quot; schedule (supplimentary dose zero)</p><p><b>jurisdiction</b>: Global (Whole world) <span style="background: LightGoldenRodYellow; margin: 4px; border: 1px solid khaki"> (m49.htm#001)</span></p><p><b>kind</b>: ImmunizationRecommendation</p><p><b>code</b>: Administration of vaccine to produce active immunity <span style="background: LightGoldenRodYellow; margin: 4px; border: 1px solid khaki"> (<a href="https://browser.ihtsdotools.org/">SNOMED CT</a>#33879002)</span></p><p><b>intent</b>: proposal</p><p><b>doNotPerform</b>: false</p></div>
  </text>
  <url value="http://fhir.org/guides/who/smart-immunization/ActivityDefinition/IMMZ.DT.08.Measles.04"/>
  <version value="0.1.0"/>
  <title value="IMMZ.DT.08.Measles.04"/>
  <status value="draft"/>
  <experimental value="true"/>
  <date value="2022-05-06T12:05:48.3800408-04:00"/>
  <publisher value="World Health Organization (WHO)"/>
  <contact>
    <telecom>
      <system value="url"/>
      <value value="https://who.int"/>
    </telecom>
  </contact>
  <description value="Provide measles immunization supplimentary dose - Using the &quot;MCV0 Vaccine immunization - NO Previous&quot; schedule (supplimentary dose zero)"/>
  <jurisdiction>
    <coding>
      <system value="http://unstats.un.org/unsd/methods/m49/m49.htm"/>
      <code value="001"/>
    </coding>
  </jurisdiction>
  <kind value="ImmunizationRecommendation"/>
  <code>
    <coding>
      <system value="http://snomed.info/sct"/>
      <code value="33879002"/>
      <display value="Administration of vaccine to produce active immunity"/>
    </coding>
  </code>
  <intent value="proposal"/>
  <doNotPerform value="false"/>
</ActivityDefinition>