<?xml version="1.0" encoding="UTF-8"?><PlanDefinition xmlns="http://hl7.org/fhir"><id value="IMMZ.DT.06.Pneumococcal"/><url value="http://fhir.org/guides/who/smart-immunization/PlanDefinition/IMMZ.DT.06.Pneumococcal"/><version value="0.1.0"/><name value="IMMZ.DT.06.Pneumococcal"/><title value="IMMZ.DT.06.Pneumococcal"/><status value="draft"/><date value="2023-03-31T14:00:01+00:00"/><publisher value="World Health Organization (WHO)"/><description value="If child or person has not been vaccinated, give Pneumococcal vaccine minimum age 6 weeks old"/><jurisdiction><coding><system value="http://unstats.un.org/unsd/methods/m49/m49.htm"/><code value="001"/></coding></jurisdiction><library value="http://fhir.org/guides/who/smart-immunization/Library/IMMZDT06"/><action><title value="Immunize Patient for Pneumococcal - No Doses"/><description value="Provide Pneumococcal immunizations – using the &quot;PCV immunization 2p+1 schedule – NO PREVIOUS&quot; schedule (2 dose scheme)"/><condition><kind value="applicability"/><expression><description value="&quot;Pneumococcal vaccine immunization history&quot; = &quot;No-doses&quot;"/><language value="text/cql"/><expression value="Should vaccinate patient for Pneumococcal because no doses in a 2 dose scheme"/></expression></condition><condition><kind value="applicability"/><expression><description value="&quot;Current Patient Age in Weeks&quot; &gt;= 6"/><language value="text/cql"/><expression value="Should vaccinate patient for Pneumococcal because no doses in a 2 dose scheme"/></expression></condition><condition><kind value="applicability"/><expression><description value="&quot;Country is following a 2 dose scheme&quot; = TRUE"/><language value="text/cql"/><expression value="Should vaccinate patient for Pneumococcal because no doses in a 2 dose scheme"/></expression></condition><definitionCanonical value="http://fhir.org/guides/who/smart-immunization/ActivityDefinition/IMMZ.DT.06.Pneumococcal.01"/></action><action><title value="Immunize Patient for Pneumococcal - 1 Dose"/><description value="Provide Pneumococcal immunizations – using the &quot;PCV immunization 2p+1 schedule – 1 PREVIOUS&quot; schedule (2 dose scheme)"/><condition><kind value="applicability"/><expression><description value="&quot;Pneumococcal vaccine immunization history&quot; = &quot;1 dose&quot;"/><language value="text/cql"/><expression value="Should vaccinate patient for Pneumococcal because 1 dose in a 2 dose scheme"/></expression></condition><condition><kind value="applicability"/><expression><description value="&quot;Date last Pneumococcal dose given&quot; &gt;= &quot;8 weeks&quot;"/><language value="text/cql"/><expression value="Should vaccinate patient for Pneumococcal because 1 dose in a 2 dose scheme"/></expression></condition><condition><kind value="applicability"/><expression><description value="&quot;Current Patient Age in Weeks&quot; &gt;= 6"/><language value="text/cql"/><expression value="Should vaccinate patient for Pneumococcal because 1 dose in a 2 dose scheme"/></expression></condition><condition><kind value="applicability"/><expression><description value="&quot;Country is using a 2 dose scheme&quot; = TRUE"/><language value="text/cql"/><expression value="Should vaccinate patient for Pneumococcal because 1 dose in a 2 dose scheme"/></expression></condition><definitionCanonical value="http://fhir.org/guides/who/smart-immunization/ActivityDefinition/IMMZ.DT.06.Pneumococcal.02"/></action><action><title value="Immunize Patient for Pneumococcal - Booster"/><description value="Provide Pneumococcal immunizations – using the &quot;PCV immunization 2p+1 schedule – 2 PREVIOUS&quot; schedule (2 dose scheme + booster)"/><condition><kind value="applicability"/><expression><description value="&quot;Pneumococcal vaccine immunization history&quot; = &quot;2 dose&quot;"/><language value="text/cql"/><expression value="Should vaccinate patient for Pneumococcal booster because 2 doses in a 2+1 dose scheme"/></expression></condition><condition><kind value="applicability"/><expression><description value="&quot;Current Patient Age in Months&quot; &gt;= 9"/><language value="text/cql"/><expression value="Should vaccinate patient for Pneumococcal booster because 2 doses in a 2+1 dose scheme"/></expression></condition><condition><kind value="applicability"/><expression><description value="&quot;Current Patient Age in Months&quot; &lt;= 18"/><language value="text/cql"/><expression value="Should vaccinate patient for Pneumococcal booster because 2 doses in a 2+1 dose scheme"/></expression></condition><condition><kind value="applicability"/><expression><description value="&quot;Country is using a 2 dose scheme&quot; = TRUE"/><language value="text/cql"/><expression value="Should vaccinate patient for Pneumococcal booster because 2 doses in a 2+1 dose scheme"/></expression></condition><definitionCanonical value="http://fhir.org/guides/who/smart-immunization/ActivityDefinition/IMMZ.DT.06.Pneumococcal.03"/></action><action><title value="Immunize Patient for Pneumococcal - No Dose"/><description value="Provide Pneumococcal immunizations – using the &quot;PCV immunization 3p+0 schedule – NO PREVIOUS&quot; schedule (3 dose scheme)"/><condition><kind value="applicability"/><expression><description value="&quot;Pneumococcal vaccine immunization history&quot; = &quot; No-doses&quot;"/><language value="text/cql"/><expression value="Should vaccinate patient for Pneumococcal because No doses in a 3 dose scheme"/></expression></condition><condition><kind value="applicability"/><expression><description value="&quot;Current Patient Age in Weeks&quot; &gt;= 6"/><language value="text/cql"/><expression value="Should vaccinate patient for Pneumococcal because No doses in a 3 dose scheme"/></expression></condition><condition><kind value="applicability"/><expression><description value="&quot;Country is following a 3 dose scheme&quot; = TRUE"/><language value="text/cql"/><expression value="Should vaccinate patient for Pneumococcal because No doses in a 3 dose scheme"/></expression></condition><definitionCanonical value="http://fhir.org/guides/who/smart-immunization/ActivityDefinition/IMMZ.DT.06.Pneumococcal.04"/></action><action><title value="Immunize Patient for Pneumococcal - 1 Dose"/><description value="Provide Pneumococcal immunizations – using the &quot;PCV immunization 3p+0 schedule – 1 PREVIOUS&quot; schedule (3 dose scheme)"/><condition><kind value="applicability"/><expression><description value="&quot;Pneumococcal vaccine immunization history&quot; = &quot; 1 dose&quot;"/><language value="text/cql"/><expression value="Should vaccinate patient for Pneumococcal because 1 dose in a 3 dose scheme"/></expression></condition><condition><kind value="applicability"/><expression><description value="&quot;Date last Pneumococcal dose given&quot; &gt;= &quot;4 weeks&quot;"/><language value="text/cql"/><expression value="Should vaccinate patient for Pneumococcal because 1 dose in a 3 dose scheme"/></expression></condition><condition><kind value="applicability"/><expression><description value="&quot;Current Patient Age in Weeks&quot; &gt;= 6"/><language value="text/cql"/><expression value="Should vaccinate patient for Pneumococcal because 1 dose in a 3 dose scheme"/></expression></condition><condition><kind value="applicability"/><expression><description value="&quot;Country is following a 3 dose scheme&quot; = TRUE"/><language value="text/cql"/><expression value="Should vaccinate patient for Pneumococcal because 1 dose in a 3 dose scheme"/></expression></condition><definitionCanonical value="http://fhir.org/guides/who/smart-immunization/ActivityDefinition/IMMZ.DT.06.Pneumococcal.05"/></action><action><title value="Immunize Patient for Pneumococcal - 2 Doses"/><description value="Provide Pneumococcal immunizations – using the &quot;PCV immunization 3p+0 schedule – 2 PREVIOUS&quot; schedule (3 dose scheme)"/><condition><kind value="applicability"/><expression><description value="&quot;Pneumococcal vaccine immunization history&quot; = &quot; 2 doses&quot;"/><language value="text/cql"/><expression value="Should vaccinate patient for Pneumococcal because 2 doses in a 3 dose scheme"/></expression></condition><condition><kind value="applicability"/><expression><description value="&quot;Date last Pneumococcal Dose given&quot; &gt;= &quot;4 weeks&quot;"/><language value="text/cql"/><expression value="Should vaccinate patient for Pneumococcal because 2 doses in a 3 dose scheme"/></expression></condition><condition><kind value="applicability"/><expression><description value="&quot;Current Patient Age in Weeks&quot; &gt;= 6"/><language value="text/cql"/><expression value="Should vaccinate patient for Pneumococcal because 2 doses in a 3 dose scheme"/></expression></condition><condition><kind value="applicability"/><expression><description value="&quot;Country is following a 3 dose scheme&quot; = TRUE"/><language value="text/cql"/><expression value="Should vaccinate patient for Pneumococcal because 2 doses in a 3 dose scheme"/></expression></condition><definitionCanonical value="http://fhir.org/guides/who/smart-immunization/ActivityDefinition/IMMZ.DT.06.Pneumococcal.06"/></action><action><title value="Immunize Patient for Pneumococcal - No Doses"/><description value="Provide Pneumococcal immunizations – using the &quot;PCV immunization – NO PREVIOUS&quot; schedule (2 dose scheme)"/><condition><kind value="applicability"/><expression><description value="&quot;Pneumococcal vaccine immunization history&quot; = &quot;No-doses&quot;"/><language value="text/cql"/><expression value="Should vaccinate patient for Pneumococcal because No doses in a 2 dose scheme"/></expression></condition><condition><kind value="applicability"/><expression><description value="&quot;Current Patient Age in Years&quot; &gt;= 1"/><language value="text/cql"/><expression value="Should vaccinate patient for Pneumococcal because No doses in a 2 dose scheme"/></expression></condition><condition><kind value="applicability"/><expression><description value="&quot;Current Patient Age in Years&quot; &lt;= 5"/><language value="text/cql"/><expression value="Should vaccinate patient for Pneumococcal because No doses in a 2 dose scheme"/></expression></condition><condition><kind value="applicability"/><expression><description value="&quot;HIV Status&quot; = &quot;Positive&quot;"/><language value="text/cql"/><expression value="Should vaccinate patient for Pneumococcal because No doses in a 2 dose scheme"/></expression></condition><definitionCanonical value="http://fhir.org/guides/who/smart-immunization/ActivityDefinition/IMMZ.DT.06.Pneumococcal.07"/></action><action><title value="Immunize Patient for Pneumococcal - 1 Doses"/><description value="Provide Pneumococcal immunizations – using the &quot;PCV immunization – 1 PREVIOUS&quot; schedule (2 dose scheme)"/><condition><kind value="applicability"/><expression><description value="&quot;Pneumococcal vaccine immunization history&quot; = &quot;1 dose&quot;"/><language value="text/cql"/><expression value="Should vaccinate patient for Pneumococcal because 1 dose in a 2 dose scheme"/></expression></condition><condition><kind value="applicability"/><expression><description value="&quot;Current Patient Age in Years&quot; &gt;= 1"/><language value="text/cql"/><expression value="Should vaccinate patient for Pneumococcal because 1 dose in a 2 dose scheme"/></expression></condition><condition><kind value="applicability"/><expression><description value="&quot;Current Patient Age in Years&quot; &lt;= 5"/><language value="text/cql"/><expression value="Should vaccinate patient for Pneumococcal because 1 dose in a 2 dose scheme"/></expression></condition><condition><kind value="applicability"/><expression><description value="&quot;HIV Status&quot; = &quot;Positive&quot;"/><language value="text/cql"/><expression value="Should vaccinate patient for Pneumococcal because 1 dose in a 2 dose scheme"/></expression></condition><condition><kind value="applicability"/><expression><description value="&quot;Date last Pneumococcal Dose given&quot; &gt;= &quot;8 weeks&quot;"/><language value="text/cql"/><expression value="Should vaccinate patient for Pneumococcal because 1 dose in a 2 dose scheme"/></expression></condition><definitionCanonical value="http://fhir.org/guides/who/smart-immunization/ActivityDefinition/IMMZ.DT.06.Pneumococcal.09"/></action><action><title value="Immunize Patient for Pneumococcal - No Doses (Catch-up)"/><description value="Provide Pneumococcal immunizations – using the &quot;Catch-up PCV immunization – NO PREVIOUS&quot; schedule (1 dose scheme)"/><condition><kind value="applicability"/><expression><description value="&quot;Pneumococcal vaccine immunization history&quot; = &quot; No-doses&quot;"/><language value="text/cql"/><expression value="Should vaccinate patient for Pneumococcal because No doses in a 1 dose scheme"/></expression></condition><condition><kind value="applicability"/><expression><description value="&quot;Current Patient Age in Months&quot; &gt;= 24"/><language value="text/cql"/><expression value="Should vaccinate patient for Pneumococcal because No doses in a 1 dose scheme"/></expression></condition><condition><kind value="applicability"/><expression><description value="&quot;In a setting with a high disease burden and mortality&quot; = TRUE"/><language value="text/cql"/><expression value="Should vaccinate patient for Pneumococcal because No doses in a 1 dose scheme"/></expression></condition><definitionCanonical value="http://fhir.org/guides/who/smart-immunization/ActivityDefinition/IMMZ.DT.06.Pneumococcal.11"/></action><action><title value="Immunize Patient for Pneumococcal - HIV positive and preterm who received their 3 doses before 12 months of age"/><description value="Provide Pneumococcal immunizations – using the &quot;PCV immunization – Booster for HIV+ and preterm&quot; schedule (1 booster dose in second year of life)"/><condition><kind value="applicability"/><expression><description value="&quot;Pneumococcal vaccine immunization history&quot; = &quot;3 doses&quot;"/><language value="text/cql"/><expression value="Should vaccinate patient for Pneumococcal Booster in second year of life because HIV infected or preterm who completed 3-dose series before 12 months of age"/></expression></condition><condition><kind value="applicability"/><expression><description value="&quot;HIV Status&quot; = &quot;Positive&quot;"/><language value="text/cql"/><expression value="Should vaccinate patient for Pneumococcal Booster in second year of life because HIV infected or preterm who completed 3-dose series before 12 months of age"/></expression></condition><condition><kind value="applicability"/><expression><description value="&quot;Age when Patient received 3rd dose in Months&quot; &lt; 12"/><language value="text/cql"/><expression value="Should vaccinate patient for Pneumococcal Booster in second year of life because HIV infected or preterm who completed 3-dose series before 12 months of age"/></expression></condition><condition><kind value="applicability"/><expression><description value="&quot;Current Patient Age in Months&quot; &gt;= 12"/><language value="text/cql"/><expression value="Should vaccinate patient for Pneumococcal Booster in second year of life because HIV infected or preterm who completed 3-dose series before 12 months of age"/></expression></condition><condition><kind value="applicability"/><expression><description value="&quot;Current Patient Age in Months&quot; &lt;= 24"/><language value="text/cql"/><expression value="Should vaccinate patient for Pneumococcal Booster in second year of life because HIV infected or preterm who completed 3-dose series before 12 months of age"/></expression></condition><definitionCanonical value="http://fhir.org/guides/who/smart-immunization/ActivityDefinition/IMMZ.DT.06.Pneumococcal.12"/></action></PlanDefinition>