<?xml version="1.0" encoding="UTF-8"?><PlanDefinition xmlns="http://hl7.org/fhir"><id value="IMMZ.DT.21.SeasonalInfluenza"/><url value="http://fhir.org/guides/who/smart-immunization/PlanDefinition/IMMZ.DT.21.SeasonalInfluenza"/><version value="0.1.0"/><name value="IMMZ.DT.21.SeasonalInfluenza"/><title value="IMMZ.DT.21.SeasonalInfluenza"/><status value="draft"/><date value="2023-03-31T14:40:29+00:00"/><publisher value="World Health Organization (WHO)"/><description value="If child or person has not been vaccinated, give Seasonal Influenza vaccine at 6 months of age, and then once a year."/><jurisdiction><coding><system value="http://unstats.un.org/unsd/methods/m49/m49.htm"/><code value="001"/></coding></jurisdiction><library value="http://fhir.org/guides/who/smart-immunization/Library/IMMZDT21"/><action><title value="Immunize Patient for Seasonal influenza - No Doses at 6 months old"/><description value="Provide Seasonal influenza immunizations – using the &quot;Seasonal influenza vaccine immunization – NO PREVIOUS&quot; schedule (2 dose scheme)"/><condition><kind value="applicability"/><expression><description value="&quot;Seasonal influenza vaccine immunization history&quot; = &quot;No-doses&quot;"/><language value="text/cql"/><expression value="Should vaccinate patient for Seasonal influenza because no doses at 6 months old in a 2 dose scheme"/></expression></condition><condition><kind value="applicability"/><expression><description value="&quot;Current Patient Age in Months&quot; &gt;= 6"/><language value="text/cql"/><expression value="Should vaccinate patient for Seasonal influenza because no doses at 6 months old in a 2 dose scheme"/></expression></condition><definitionCanonical value="http://fhir.org/guides/who/smart-immunization/ActivityDefinition/IMMZ.DT.21.SeasonalInfluenza.01"/></action><action><title value="Immunize Patient for Seasonal influenza - 1st Dose given 4 weeks ago"/><description value="Provide Seasonal influenza immunizations – using the &quot;Seasonal influenza vaccine immunization – 1 PREVIOUS&quot; schedule (2 dose scheme)"/><condition><kind value="applicability"/><expression><description value="&quot;Seasonal influenza vaccine immunization history&quot; = &quot;1 dose&quot;"/><language value="text/cql"/><expression value="Should vaccinate patient for Seasonal influenza because 1st dose was given 4 weeks ago in a 2 dose scheme"/></expression></condition><condition><kind value="applicability"/><expression><description value="&quot;Date last Seasonal Influenza dose given&quot; &gt;= &quot;4 weeks&quot;"/><language value="text/cql"/><expression value="Should vaccinate patient for Seasonal influenza because 1st dose was given 4 weeks ago in a 2 dose scheme"/></expression></condition><condition><kind value="applicability"/><expression><description value="&quot;Current Patient Age in Years&quot; &lt; 9"/><language value="text/cql"/><expression value="Should vaccinate patient for Seasonal influenza because 1st dose was given 4 weeks ago in a 2 dose scheme"/></expression></condition><definitionCanonical value="http://fhir.org/guides/who/smart-immunization/ActivityDefinition/IMMZ.DT.21.SeasonalInfluenza.02"/></action><action><title value="Immunize Patient for Seasonal influenza - Annual Re-vaccination"/><description value="Provide Seasonal influenza revaccination – using the &quot;Seasonal influenza vaccine immunization – Annual dose&quot; schedule (1 dose scheme)"/><condition><kind value="applicability"/><expression><description value="&quot;Patient has completed Seasonal influenza primary series&quot; = TRUE"/><language value="text/cql"/><expression value="Should Re-vaccinate patient for Seasonal influenza - Annual dose"/></expression></condition><condition><kind value="applicability"/><expression><description value="&quot;Date last Seasonal Influenza dose given&quot; &gt;= &quot;1 year&quot;"/><language value="text/cql"/><expression value="Should Re-vaccinate patient for Seasonal influenza - Annual dose"/></expression></condition><definitionCanonical value="http://fhir.org/guides/who/smart-immunization/ActivityDefinition/IMMZ.DT.21.SeasonalInfluenza.03"/></action></PlanDefinition>