<?xml version="1.0" encoding="UTF-8"?><PlanDefinition xmlns="http://hl7.org/fhir"><id value="IMMZ.S.01.BCG"/><url value="http://fhir.org/guides/who/smart-immunization/PlanDefinition/IMMZ.S.01.BCG"/><version value="0.1.0"/><name value="IMMZ.S.01.BCG"/><title value="IMMZ.S.01.BCG"/><status value="draft"/><date value="2023-03-31T14:00:01+00:00"/><publisher value="World Health Organization (WHO)"/><description value="BCG dose should be provided"/><jurisdiction><coding><system value="http://unstats.un.org/unsd/methods/m49/m49.htm"/><code value="001"/></coding></jurisdiction><library value="http://fhir.org/guides/who/smart-immunization/Library/IMMZS01"/><action><title value="BCG Dose 1"/><description value="Provision of the BCG dose"/><condition><kind value="applicability"/><expression><description value="Provision of the BCG dose"/><language value="text/cql"/><expression value="Provision of the BCG dose"/></expression></condition><definitionCanonical value="http://fhir.org/guides/who/smart-immunization/ActivityDefinition/IMMZ.S.01.BCG.01"/></action></PlanDefinition>