<?xml version="1.0" encoding="UTF-8"?><PlanDefinition xmlns="http://hl7.org/fhir"><id value="IMMZ.DT.14.Typhoid"/><url value="http://fhir.org/guides/who/smart-immunization/PlanDefinition/IMMZ.DT.14.Typhoid"/><version value="0.1.0"/><name value="IMMZ.DT.14.Typhoid"/><title value="IMMZ.DT.14.Typhoid"/><status value="draft"/><date value="2023-03-31T14:00:01+00:00"/><publisher value="World Health Organization (WHO)"/><description value="If child or person has not been vaccinated, give the Typhoid vaccine between age 6 months - 45 years old"/><jurisdiction><coding><system value="http://unstats.un.org/unsd/methods/m49/m49.htm"/><code value="001"/></coding></jurisdiction><library value="http://fhir.org/guides/who/smart-immunization/Library/IMMZDT14"/><action><title value="Immunize Patient for Typhoid -  No doses"/><description value="Provide Typhoid immunizations – using the &quot;TCV vaccine immunization – NO PREVIOUS&quot; schedule (1 dose scheme)"/><condition><kind value="applicability"/><expression><description value="&quot;Typhoid vaccine immunization history&quot; = &quot;No-doses&quot;"/><language value="text/cql"/><expression value="Should vaccinate patient with TCV vaccine on a 1 dose scheme"/></expression></condition><condition><kind value="applicability"/><expression><description value="&quot;Current Patient Age in Months&quot; &gt;= 6"/><language value="text/cql"/><expression value="Should vaccinate patient with TCV vaccine on a 1 dose scheme"/></expression></condition><condition><kind value="applicability"/><expression><description value="&quot;Current Patient Age in Years&quot; &lt;= 45"/><language value="text/cql"/><expression value="Should vaccinate patient with TCV vaccine on a 1 dose scheme"/></expression></condition><condition><kind value="applicability"/><expression><description value="&quot;Region recommends Typhoid vaccination&quot; = TRUE"/><language value="text/cql"/><expression value="Should vaccinate patient with TCV vaccine on a 1 dose scheme"/></expression></condition><condition><kind value="applicability"/><expression><description value="&quot;Country is administering the TCV vaccine&quot; = TRUE"/><language value="text/cql"/><expression value="Should vaccinate patient with TCV vaccine on a 1 dose scheme"/></expression></condition><definitionCanonical value="http://fhir.org/guides/who/smart-immunization/ActivityDefinition/IMMZ.DT.14.Typhoid.01"/></action><action><title value="Immunize Patient for Typhoid - No Doses"/><description value="Provide Typhoid immunizations – using the &quot;ViPS vaccine immunization – NO PREVIOUS&quot; schedule (1 dose scheme)"/><condition><kind value="applicability"/><expression><description value="&quot;Typhoid vaccine immunization history&quot; = &quot;No-doses&quot;"/><language value="text/cql"/><expression value="Should vaccinate patient with ViPS vaccine on a 1 dose scheme"/></expression></condition><condition><kind value="applicability"/><expression><description value="&quot;Current Patient Age in Years&quot; &gt;= 2"/><language value="text/cql"/><expression value="Should vaccinate patient with ViPS vaccine on a 1 dose scheme"/></expression></condition><condition><kind value="applicability"/><expression><description value="&quot;Region recommends Typhoid vaccination&quot; = TRUE"/><language value="text/cql"/><expression value="Should vaccinate patient with ViPS vaccine on a 1 dose scheme"/></expression></condition><condition><kind value="applicability"/><expression><description value="&quot;Country is administering the ViPS vaccine&quot; = TRUE"/><language value="text/cql"/><expression value="Should vaccinate patient with ViPS vaccine on a 1 dose scheme"/></expression></condition><definitionCanonical value="http://fhir.org/guides/who/smart-immunization/ActivityDefinition/IMMZ.DT.14.Typhoid.02"/></action><action><title value="Immunize Patient for Typhoid - Last dose given 3 years ago"/><description value="Provide Typhoid revaccination – using the &quot;ViPS vaccine – Revaccination every 3 years&quot; schedule (1 dose scheme)"/><condition><kind value="applicability"/><expression><description value="&quot;Patient has completed Typhoid primary series&quot; = TRUE"/><language value="text/cql"/><expression value="Should Re-vaccinate patient with ViPS vaccine on a 1 dose scheme"/></expression></condition><condition><kind value="applicability"/><expression><description value="&quot;Date last Typhoid dose given&quot; &gt;=  &quot;3 years&quot;"/><language value="text/cql"/><expression value="Should Re-vaccinate patient with ViPS vaccine on a 1 dose scheme"/></expression></condition><condition><kind value="applicability"/><expression><description value="&quot;Type of last Typhoid dose&quot; = &quot;ViPS&quot;"/><language value="text/cql"/><expression value="Should Re-vaccinate patient with ViPS vaccine on a 1 dose scheme"/></expression></condition><condition><kind value="applicability"/><expression><description value="&quot;Region recommends Typhoid vaccination&quot; = TRUE"/><language value="text/cql"/><expression value="Should Re-vaccinate patient with ViPS vaccine on a 1 dose scheme"/></expression></condition><definitionCanonical value="http://fhir.org/guides/who/smart-immunization/ActivityDefinition/IMMZ.DT.14.Typhoid.03"/></action><action><title value="Immunize Patient for Typhoid - No Doses"/><description value="Provide Typhoid immunizations – using the &quot;Ty21a vaccine immunization – NO PREVIOUS&quot; schedule (3 dose scheme)"/><condition><kind value="applicability"/><expression><description value="&quot;Typhoid vaccine immunization history&quot; = &quot;No-doses&quot;"/><language value="text/cql"/><expression value="Should vaccinate patient with Ty21a vaccine on a 3 dose scheme"/></expression></condition><condition><kind value="applicability"/><expression><description value="&quot;Current Patient Age in Years&quot; &gt; 6"/><language value="text/cql"/><expression value="Should vaccinate patient with Ty21a vaccine on a 3 dose scheme"/></expression></condition><condition><kind value="applicability"/><expression><description value="&quot;Pregnancy Status&quot; = FALSE"/><language value="text/cql"/><expression value="Should vaccinate patient with Ty21a vaccine on a 3 dose scheme"/></expression></condition><definitionCanonical value="http://fhir.org/guides/who/smart-immunization/ActivityDefinition/IMMZ.DT.14.Typhoid.04"/></action><action><title value="Immunize Patient for Typhoid -  1 dose"/><description value="Provide Typhoid immunizations – using the &quot;Ty21a vaccine immunization – 1 PREVIOUS&quot; schedule (3 dose scheme)"/><condition><kind value="applicability"/><expression><description value="&quot;Typhoid vaccine immunization history&quot; = &quot;1 dose&quot;"/><language value="text/cql"/><expression value="Should vaccinate patient with Ty21a vaccine on a 3 dose scheme"/></expression></condition><condition><kind value="applicability"/><expression><description value="&quot;Date last Typhoid dose given&quot; &gt;  &quot;1 day&quot;"/><language value="text/cql"/><expression value="Should vaccinate patient with Ty21a vaccine on a 3 dose scheme"/></expression></condition><condition><kind value="applicability"/><expression><description value="&quot;Date last Typhoid dose given&quot; &lt;  &quot;21 days&quot;"/><language value="text/cql"/><expression value="Should vaccinate patient with Ty21a vaccine on a 3 dose scheme"/></expression></condition><condition><kind value="applicability"/><expression><description value="&quot;Type of last Typhoid dose&quot; = &quot;Ty21a&quot;"/><language value="text/cql"/><expression value="Should vaccinate patient with Ty21a vaccine on a 3 dose scheme"/></expression></condition><condition><kind value="applicability"/><expression><description value="&quot;Pregnancy Status&quot; = FALSE"/><language value="text/cql"/><expression value="Should vaccinate patient with Ty21a vaccine on a 3 dose scheme"/></expression></condition><definitionCanonical value="http://fhir.org/guides/who/smart-immunization/ActivityDefinition/IMMZ.DT.14.Typhoid.05"/></action><action><title value="Immunize Patient for Typhoid -  2 doses"/><description value="Provide Typhoid immunizations – using the &quot;Ty21a vaccine immunization – 2 PREVIOUS&quot; schedule (3 dose scheme)"/><condition><kind value="applicability"/><expression><description value="&quot;Typhoid vaccine immunization history&quot; = &quot;2 doses&quot;"/><language value="text/cql"/><expression value="Should vaccinate patient with Ty21a vaccine on a 3 dose scheme"/></expression></condition><condition><kind value="applicability"/><expression><description value="&quot;Date last Typhoid dose given&quot; &gt;  &quot;1 day&quot;"/><language value="text/cql"/><expression value="Should vaccinate patient with Ty21a vaccine on a 3 dose scheme"/></expression></condition><condition><kind value="applicability"/><expression><description value="&quot;Date last Typhoid dose given&quot; &lt;  &quot;21 days&quot;"/><language value="text/cql"/><expression value="Should vaccinate patient with Ty21a vaccine on a 3 dose scheme"/></expression></condition><condition><kind value="applicability"/><expression><description value="&quot;Type of last Typhoid dose&quot; = &quot;Ty21a&quot;"/><language value="text/cql"/><expression value="Should vaccinate patient with Ty21a vaccine on a 3 dose scheme"/></expression></condition><condition><kind value="applicability"/><expression><description value="&quot;Pregnancy Status&quot; = FALSE"/><language value="text/cql"/><expression value="Should vaccinate patient with Ty21a vaccine on a 3 dose scheme"/></expression></condition><definitionCanonical value="http://fhir.org/guides/who/smart-immunization/ActivityDefinition/IMMZ.DT.14.Typhoid.06"/></action><action><title value="Immunize Patient for Typhoid - Interrupted series"/><description value="Provide Typhoid immunizations – using the &quot;Ty21a vaccine immunization – INTERRUPTED SERIES&quot; schedule (3 dose scheme)"/><condition><kind value="applicability"/><expression><description value="&quot;Typhoid vaccine immunization history&quot; = &quot;1 dose&quot;"/><language value="text/cql"/><expression value="Should vaccinate patient with Ty21a vaccine - dose 1 (restart due to interrupted series)"/></expression></condition><condition><kind value="applicability"/><expression><description value="&quot;Date last Typhoid dose given&quot; &gt;=  &quot;21 days&quot;"/><language value="text/cql"/><expression value="Should vaccinate patient with Ty21a vaccine - dose 1 (restart due to interrupted series)"/></expression></condition><condition><kind value="applicability"/><expression><description value="&quot;Type of last Typhoid dose&quot; = &quot;Ty21a&quot;"/><language value="text/cql"/><expression value="Should vaccinate patient with Ty21a vaccine - dose 1 (restart due to interrupted series)"/></expression></condition><condition><kind value="applicability"/><expression><description value="&quot;Pregnancy Status&quot; = FALSE"/><language value="text/cql"/><expression value="Should vaccinate patient with Ty21a vaccine - dose 1 (restart due to interrupted series)"/></expression></condition><definitionCanonical value="http://fhir.org/guides/who/smart-immunization/ActivityDefinition/IMMZ.DT.14.Typhoid.07"/></action><action><title value="Immunize Patient for Typhoid - Interrupted series"/><description value="Provide Typhoid immunizations – using the &quot;Ty21a vaccine immunization – INTERRUPTED SERIES&quot; schedule (3 dose scheme)"/><condition><kind value="applicability"/><expression><description value="&quot;Typhoid vaccine immunization history&quot; = &quot;2 doses&quot;"/><language value="text/cql"/><expression value="Should vaccinate patient with Ty21a vaccine - dose 1 (restart due to interrupted series)"/></expression></condition><condition><kind value="applicability"/><expression><description value="&quot;Date last Typhoid dose given&quot; &gt;=  &quot;21 days&quot;"/><language value="text/cql"/><expression value="Should vaccinate patient with Ty21a vaccine - dose 1 (restart due to interrupted series)"/></expression></condition><condition><kind value="applicability"/><expression><description value="&quot;Type of last Typhoid dose&quot; = &quot;Ty21a&quot;"/><language value="text/cql"/><expression value="Should vaccinate patient with Ty21a vaccine - dose 1 (restart due to interrupted series)"/></expression></condition><condition><kind value="applicability"/><expression><description value="&quot;Pregnancy Status&quot; = FALSE"/><language value="text/cql"/><expression value="Should vaccinate patient with Ty21a vaccine - dose 1 (restart due to interrupted series)"/></expression></condition><definitionCanonical value="http://fhir.org/guides/who/smart-immunization/ActivityDefinition/IMMZ.DT.14.Typhoid.08"/></action><action><title value="Immunize Patient for Typhoid - Last dose given 3 years ago"/><description value="Provide Typhoid revaccination – using the &quot;Ty21a vaccine – Revaccination every 3-7 years&quot; schedule (3 dose scheme)"/><condition><kind value="applicability"/><expression><description value="&quot;Patient has completed Typhoid primary series&quot; = TRUE"/><language value="text/cql"/><expression value="Should Re-vaccinate patient with Ty21a vaccine on a 3 dose scheme"/></expression></condition><condition><kind value="applicability"/><expression><description value="&quot;Date last Typhoid dose given&quot; &gt;=  &quot;3 years&quot;"/><language value="text/cql"/><expression value="Should Re-vaccinate patient with Ty21a vaccine on a 3 dose scheme"/></expression></condition><condition><kind value="applicability"/><expression><description value="&quot;Type of last Typhoid dose&quot; = &quot;Ty21a&quot;"/><language value="text/cql"/><expression value="Should Re-vaccinate patient with Ty21a vaccine on a 3 dose scheme"/></expression></condition><condition><kind value="applicability"/><expression><description value="&quot;Region recommends Typhoid vaccination&quot; = TRUE"/><language value="text/cql"/><expression value="Should Re-vaccinate patient with Ty21a vaccine on a 3 dose scheme"/></expression></condition><definitionCanonical value="http://fhir.org/guides/who/smart-immunization/ActivityDefinition/IMMZ.DT.14.Typhoid.09"/></action></PlanDefinition>