<?xml version="1.0" encoding="UTF-8"?><PlanDefinition xmlns="http://hl7.org/fhir"><id value="IMMZ.DT.05.Hib"/><url value="http://fhir.org/guides/who/smart-immunization/PlanDefinition/IMMZ.DT.05.Hib"/><version value="0.1.0"/><name value="IMMZ.DT.05.Hib"/><title value="IMMZ.DT.05.Hib"/><status value="draft"/><date value="2023-03-31T14:00:01+00:00"/><publisher value="World Health Organization (WHO)"/><description value="if child or person has not been vaccinated, give Hib vaccine between 6 weeks and 59 months"/><jurisdiction><coding><system value="http://unstats.un.org/unsd/methods/m49/m49.htm"/><code value="001"/></coding></jurisdiction><library value="http://fhir.org/guides/who/smart-immunization/Library/IMMZDT05"/><action><title value="Immunize Patient for Hib - No Doses"/><description value="Provide Hib immunizations – using the &quot;Hib Vaccine immunization – NO PREVIOUS&quot; schedule (1 dose scheme)"/><condition><kind value="applicability"/><expression><description value="&quot;Hib vaccine immunization history&quot; = &quot;No-doses&quot;"/><language value="text/cql"/><expression value="Should vaccinate patient for Hib because no doses on 1 dose scheme"/></expression></condition><condition><kind value="applicability"/><expression><description value="&quot;Current Patient Age in Months&quot; &gt; 12"/><language value="text/cql"/><expression value="Should vaccinate patient for Hib because no doses on 1 dose scheme"/></expression></condition><definitionCanonical value="http://fhir.org/guides/who/smart-immunization/ActivityDefinition/IMMZ.DT.05.Hib.01"/></action><action><title value="Immunize Patient for Hib - No Doses"/><description value="Provide Hib immunizations – using the &quot;Hib Vaccine immunization 3p schedule – NO PREVIOUS&quot; schedule (3 dose scheme)"/><condition><kind value="applicability"/><expression><description value="&quot;Hib vaccine immunization history&quot; = &quot;No-doses&quot;"/><language value="text/cql"/><expression value="Should vaccinate patient for Hib because no doses on 3p dose scheme"/></expression></condition><condition><kind value="applicability"/><expression><description value="&quot;Current Patient Age in Weeks&quot; &gt;= 6"/><language value="text/cql"/><expression value="Should vaccinate patient for Hib because no doses on 3p dose scheme"/></expression></condition><condition><kind value="applicability"/><expression><description value="&quot;In a country where the peak burden of severe Hib disease occurs in young infants&quot; = TRUE"/><language value="text/cql"/><expression value="Should vaccinate patient for Hib because no doses on 3p dose scheme"/></expression></condition><definitionCanonical value="http://fhir.org/guides/who/smart-immunization/ActivityDefinition/IMMZ.DT.05.Hib.02"/></action><action><title value="Immunize Patient for Hib - 1 Dose"/><description value="Provide Hib immunizations – using the &quot;Hib Vaccine immunization 3p schedule – 1 PREVIOUS&quot; schedule (3 dose scheme)"/><condition><kind value="applicability"/><expression><description value="&quot;Hib vaccine immunization history&quot; = &quot;1 dose&quot;"/><language value="text/cql"/><expression value="Should vaccinate patient for Hib because 1 dose on 3p dose scheme"/></expression></condition><condition><kind value="applicability"/><expression><description value="&quot;Date last Hib dose given&quot; &gt;= &quot;4 weeks&quot;"/><language value="text/cql"/><expression value="Should vaccinate patient for Hib because 1 dose on 3p dose scheme"/></expression></condition><condition><kind value="applicability"/><expression><description value="&quot;In a country where the peak burden of severe Hib disease occurs in young infants&quot; = TRUE"/><language value="text/cql"/><expression value="Should vaccinate patient for Hib because 1 dose on 3p dose scheme"/></expression></condition><condition><kind value="applicability"/><expression><description value="&quot;Age when patient received 1st dose&quot; &lt;= &quot;12 months&quot;"/><language value="text/cql"/><expression value="Should vaccinate patient for Hib because 1 dose on 3p dose scheme"/></expression></condition><definitionCanonical value="http://fhir.org/guides/who/smart-immunization/ActivityDefinition/IMMZ.DT.05.Hib.03"/></action><action><title value="Immunize Patient for Hib - 2 Doses"/><description value="Provide Hib immunizations – using the &quot;Hib Vaccine immunization 3p schedule – 2 PREVIOUS&quot; schedule (3 dose scheme)"/><condition><kind value="applicability"/><expression><description value="&quot;Hib vaccine immunization history&quot; = &quot;2 doses&quot;"/><language value="text/cql"/><expression value="Should vaccinate patient for Hib because 2 doses on 3p dose scheme"/></expression></condition><condition><kind value="applicability"/><expression><description value="&quot;Date last Hib dose given&quot; &gt;= &quot;4 weeks&quot;"/><language value="text/cql"/><expression value="Should vaccinate patient for Hib because 2 doses on 3p dose scheme"/></expression></condition><condition><kind value="applicability"/><expression><description value="&quot;In a country where the peak burden of severe Hib disease occurs in young infants&quot; = TRUE"/><language value="text/cql"/><expression value="Should vaccinate patient for Hib because 2 doses on 3p dose scheme"/></expression></condition><definitionCanonical value="http://fhir.org/guides/who/smart-immunization/ActivityDefinition/IMMZ.DT.05.Hib.04"/></action><action><title value="Immunize Patient for Hib - No Doses"/><description value="Provide Hib immunizations – using the &quot;Hib Vaccine immunization 3p + 1 schedule – NO PREVIOUS&quot; schedule (3p+1 dose scheme)"/><condition><kind value="applicability"/><expression><description value="&quot;Hib vaccine immunization history&quot; = &quot;No-doses&quot;"/><language value="text/cql"/><expression value="Should vaccinate patient for Hib because No dose on 3p+1 dose scheme"/></expression></condition><condition><kind value="applicability"/><expression><description value="&quot;Current Patient Age in Weeks&quot; &gt;= 6"/><language value="text/cql"/><expression value="Should vaccinate patient for Hib because No dose on 3p+1 dose scheme"/></expression></condition><condition><kind value="applicability"/><expression><description value="&quot;In a setting where the greatest disease morbidity and mortality occur later, or where rate reductions of disease are not fully sustained after the routine use of Hib vaccine&quot; = TRUE"/><language value="text/cql"/><expression value="Should vaccinate patient for Hib because No dose on 3p+1 dose scheme"/></expression></condition><definitionCanonical value="http://fhir.org/guides/who/smart-immunization/ActivityDefinition/IMMZ.DT.05.Hib.05"/></action><action><title value="Immunize Patient for Hib - 1 Dose"/><description value="Provide Hib immunizations – using the &quot;Hib Vaccine immunization 3p + 1 schedule – 1 PREVIOUS&quot; schedule (3p+1 dose scheme)"/><condition><kind value="applicability"/><expression><description value="&quot;Hib vaccine immunization history&quot; = &quot;1 dose&quot;"/><language value="text/cql"/><expression value="Should vaccinate patient for Hib because 1 dose on 3p+1 dose scheme"/></expression></condition><condition><kind value="applicability"/><expression><description value="&quot;Date last Hib dose given&quot; &gt;= &quot;4 weeks&quot;"/><language value="text/cql"/><expression value="Should vaccinate patient for Hib because 1 dose on 3p+1 dose scheme"/></expression></condition><condition><kind value="applicability"/><expression><description value="&quot;In a setting where the greatest disease morbidity and mortality occur later, or where rate reductions of disease are not fully sustained after the routine use of Hib vaccine&quot; = TRUE"/><language value="text/cql"/><expression value="Should vaccinate patient for Hib because 1 dose on 3p+1 dose scheme"/></expression></condition><condition><kind value="applicability"/><expression><description value="&quot;Age when patient received 1st dose&quot; &lt;= &quot;12 months&quot;"/><language value="text/cql"/><expression value="Should vaccinate patient for Hib because 1 dose on 3p+1 dose scheme"/></expression></condition><definitionCanonical value="http://fhir.org/guides/who/smart-immunization/ActivityDefinition/IMMZ.DT.05.Hib.06"/></action><action><title value="Immunize Patient for Hib - 2 Doses"/><description value="Provide Hib immunizations – using the &quot;Hib Vaccine immunization 3p + 1 schedule – 2 PREVIOUS&quot; schedule (3p+1 dose scheme)"/><condition><kind value="applicability"/><expression><description value="&quot;Hib vaccine immunization history&quot; = &quot;2 doses&quot;"/><language value="text/cql"/><expression value="Should vaccinate patient for Hib because 2 doses on 3p+1 dose scheme"/></expression></condition><condition><kind value="applicability"/><expression><description value="&quot;Date last Hib dose given&quot; &gt;= &quot;4 weeks&quot;"/><language value="text/cql"/><expression value="Should vaccinate patient for Hib because 2 doses on 3p+1 dose scheme"/></expression></condition><condition><kind value="applicability"/><expression><description value="&quot;In a setting where the greatest disease morbidity and mortality occur later, or where rate reductions of disease are not fully sustained after the routine use of Hib vaccine&quot; = TRUE"/><language value="text/cql"/><expression value="Should vaccinate patient for Hib because 2 doses on 3p+1 dose scheme"/></expression></condition><definitionCanonical value="http://fhir.org/guides/who/smart-immunization/ActivityDefinition/IMMZ.DT.05.Hib.07"/></action><action><title value="Immunize Patient for Hib - Booster"/><description value="Provide Hib immunizations – using the &quot;Hib Vaccine immunization 3p + 1 schedule – 3 PREVIOUS&quot; schedule (3p+1 dose scheme)"/><condition><kind value="applicability"/><expression><description value="&quot;Hib vaccine immunization history&quot; = &quot;3 doses&quot;"/><language value="text/cql"/><expression value="Should vaccinate patient for Hib because 3 doses on 3p+1 dose scheme"/></expression></condition><condition><kind value="applicability"/><expression><description value="&quot;Date last Hib dose given&quot; &gt;= &quot;6 months&quot;"/><language value="text/cql"/><expression value="Should vaccinate patient for Hib because 3 doses on 3p+1 dose scheme"/></expression></condition><condition><kind value="applicability"/><expression><description value="&quot;In a setting where the greatest disease morbidity and mortality occur later, or where rate reductions of disease are not fully sustained after the routine use of Hib vaccine&quot; = TRUE"/><language value="text/cql"/><expression value="Should vaccinate patient for Hib because 3 doses on 3p+1 dose scheme"/></expression></condition><definitionCanonical value="http://fhir.org/guides/who/smart-immunization/ActivityDefinition/IMMZ.DT.05.Hib.08"/></action><action><title value="Immunize Patient for Hib - No Doses"/><description value="Provide Hib immunizations – using the &quot;Hib Vaccine immunization 2p + 1 schedule – NO PREVIOUS&quot; schedule (2p+1 dose scheme)"/><condition><kind value="applicability"/><expression><description value="&quot;Hib vaccine immunization history&quot; = &quot;No-doses&quot;"/><language value="text/cql"/><expression value="Should vaccinate patient for Hib because No dose on 2p+1 dose scheme"/></expression></condition><condition><kind value="applicability"/><expression><description value="&quot;Current Patient Age in Weeks&quot; &gt;= 6"/><language value="text/cql"/><expression value="Should vaccinate patient for Hib because No dose on 2p+1 dose scheme"/></expression></condition><condition><kind value="applicability"/><expression><description value="&quot;In a setting where the greatest disease morbidity and mortality occur later, or where rate reductions of disease are not fully sustained after the routine use of Hib vaccine&quot; = TRUE"/><language value="text/cql"/><expression value="Should vaccinate patient for Hib because No dose on 2p+1 dose scheme"/></expression></condition><definitionCanonical value="http://fhir.org/guides/who/smart-immunization/ActivityDefinition/IMMZ.DT.05.Hib.09"/></action><action><title value="Immunize Patient for Hib - 1 Dose"/><description value="Provide Hib immunizations – using the &quot;Hib Vaccine immunization 2p + 1 schedule – 1 PREVIOUS&quot; schedule (2p+1 dose scheme)"/><condition><kind value="applicability"/><expression><description value="&quot;Hib vaccine immunization history&quot; = &quot;1 dose&quot;"/><language value="text/cql"/><expression value="Should vaccinate patient for Hib because 1 dose on 2p+1 dose scheme"/></expression></condition><condition><kind value="applicability"/><expression><description value="&quot;Date last Hib dose given&quot; &gt;= &quot;8 weeks&quot;"/><language value="text/cql"/><expression value="Should vaccinate patient for Hib because 1 dose on 2p+1 dose scheme"/></expression></condition><condition><kind value="applicability"/><expression><description value="&quot;In a setting where the greatest disease morbidity and mortality occur later, or where rate reductions of disease are not fully sustained after the routine use of Hib vaccine&quot; = TRUE"/><language value="text/cql"/><expression value="Should vaccinate patient for Hib because 1 dose on 2p+1 dose scheme"/></expression></condition><condition><kind value="applicability"/><expression><description value="&quot;Age when patient received 1st dose&quot; &lt;= &quot;12 months&quot;"/><language value="text/cql"/><expression value="Should vaccinate patient for Hib because 1 dose on 2p+1 dose scheme"/></expression></condition><definitionCanonical value="http://fhir.org/guides/who/smart-immunization/ActivityDefinition/IMMZ.DT.05.Hib.10"/></action><action><title value="Immunize Patient for Hib - Booster"/><description value="Provide Hib immunizations – using the &quot;Hib Vaccine immunization 2p + 1 schedule – 2 PREVIOUS&quot; schedule (2p+1 dose scheme)"/><condition><kind value="applicability"/><expression><description value="&quot;Hib vaccine immunization history&quot; = &quot;2 doses&quot;"/><language value="text/cql"/><expression value="Should vaccinate patient for Hib because 2 dose on 2p+1 dose scheme"/></expression></condition><condition><kind value="applicability"/><expression><description value="&quot;Date last Hib dose given&quot; &gt;= &quot;6 months&quot;"/><language value="text/cql"/><expression value="Should vaccinate patient for Hib because 2 dose on 2p+1 dose scheme"/></expression></condition><condition><kind value="applicability"/><expression><description value="&quot;In a setting where the greatest disease morbidity and mortality occur later, or where rate reductions of disease are not fully sustained after the routine use of Hib vaccine&quot; = TRUE"/><language value="text/cql"/><expression value="Should vaccinate patient for Hib because 2 dose on 2p+1 dose scheme"/></expression></condition><definitionCanonical value="http://fhir.org/guides/who/smart-immunization/ActivityDefinition/IMMZ.DT.05.Hib.11"/></action></PlanDefinition>