<?xml version="1.0" encoding="UTF-8"?><PlanDefinition xmlns="http://hl7.org/fhir"><id value="IMMZ.DT.07.Rotavirus"/><url value="http://fhir.org/guides/who/smart-immunization/PlanDefinition/IMMZ.DT.07.Rotavirus"/><version value="0.1.0"/><name value="IMMZ.DT.07.Rotavirus"/><title value="IMMZ.DT.07.Rotavirus"/><status value="draft"/><date value="2023-03-31T14:40:29+00:00"/><publisher value="World Health Organization (WHO)"/><description value="If child or person has not been vaccinated, give Rotavirus vaccine according to the defined schedule"/><jurisdiction><coding><system value="http://unstats.un.org/unsd/methods/m49/m49.htm"/><code value="001"/></coding></jurisdiction><library value="http://fhir.org/guides/who/smart-immunization/Library/IMMZDT07"/><action><title value="Immunize Patient for Rotavirus - No Doses"/><description value="Provide Rotavirus immunizations – using the &quot;Rotavirus vaccine immunization – NO PREVIOUS&quot; schedule (2-3 scheme depends on product)"/><condition><kind value="applicability"/><expression><description value="&quot;Rotavirus immunization history&quot; = &quot;No-doses&quot;"/><language value="text/cql"/><expression value="Should vaccinate patient for Rotavirus 1st dose"/></expression></condition><condition><kind value="applicability"/><expression><description value="&quot;Current Patient Age in Weeks&quot; &gt;= 6"/><language value="text/cql"/><expression value="Should vaccinate patient for Rotavirus 1st dose"/></expression></condition><condition><kind value="applicability"/><expression><description value="&quot;Current Patient Age in Months&quot; &lt;= 24"/><language value="text/cql"/><expression value="Should vaccinate patient for Rotavirus 1st dose"/></expression></condition><condition><kind value="applicability"/><expression><description value="&quot;Patient has no history of intussusception&quot; = TRUE"/><language value="text/cql"/><expression value="Should vaccinate patient for Rotavirus 1st dose"/></expression></condition><definitionCanonical value="http://fhir.org/guides/who/smart-immunization/ActivityDefinition/IMMZ.DT.07.Rotavirus.01"/></action><action><title value="Immunize Patient for Rotavirus - 1 Rotavirus dose previously given 2 dose scheme"/><description value="Provide Rotavirus immunizations – using the &quot;Rotavirus vaccine immunization schedule&quot; – minimum of 4 weeks after previous dose"/><condition><kind value="applicability"/><expression><description value="&quot;Rotavirus immunization history&quot; = &quot;1 dose&quot;"/><language value="text/cql"/><expression value="Should vaccinate patient with Rotavirus 2nd dose"/></expression></condition><condition><kind value="applicability"/><expression><description value="&quot;Date last Rotavirus dose given&quot; &gt;= &quot;4 weeks&quot;"/><language value="text/cql"/><expression value="Should vaccinate patient with Rotavirus 2nd dose"/></expression></condition><condition><kind value="applicability"/><expression><description value="&quot;Current Patient Age in Months&quot; &lt;= 24"/><language value="text/cql"/><expression value="Should vaccinate patient with Rotavirus 2nd dose"/></expression></condition><condition><kind value="applicability"/><expression><description value="&quot;Patient has no history of intussusception&quot; = TRUE"/><language value="text/cql"/><expression value="Should vaccinate patient with Rotavirus 2nd dose"/></expression></condition><definitionCanonical value="http://fhir.org/guides/who/smart-immunization/ActivityDefinition/IMMZ.DT.07.Rotavirus.02"/></action><action><title value="Immunize Patient for Rotavirus - 2 Rotavirus dose previously given 3 dose scheme"/><description value="Provide Rotavirus immunizations – using the &quot;Rotavirus vaccine immunization schedule&quot; – minimum of 4 weeks after previous dose assuming 3 dose scheme"/><condition><kind value="applicability"/><expression><description value="&quot;Rotavirus immunization history&quot; = &quot;2 doses&quot;"/><language value="text/cql"/><expression value="Should vaccinate patient with Rotavirus 3rd dose"/></expression></condition><condition><kind value="applicability"/><expression><description value="&quot;Date last Rotavirus dose given&quot; &gt;= &quot;4 weeks&quot;"/><language value="text/cql"/><expression value="Should vaccinate patient with Rotavirus 3rd dose"/></expression></condition><condition><kind value="applicability"/><expression><description value="&quot;All previous doses given with a 3 dose series product&quot; = TRUE"/><language value="text/cql"/><expression value="Should vaccinate patient with Rotavirus 3rd dose"/></expression></condition><condition><kind value="applicability"/><expression><description value="&quot;Patient has no history of intussusception&quot; = TRUE"/><language value="text/cql"/><expression value="Should vaccinate patient with Rotavirus 3rd dose"/></expression></condition><condition><kind value="applicability"/><expression><description value="&quot;Current Patient Age in Months&quot; &lt;= 24"/><language value="text/cql"/><expression value="Should vaccinate patient with Rotavirus 3rd dose"/></expression></condition><definitionCanonical value="http://fhir.org/guides/who/smart-immunization/ActivityDefinition/IMMZ.DT.07.Rotavirus.03"/></action></PlanDefinition>