<?xml version="1.0" encoding="UTF-8"?><PlanDefinition xmlns="http://hl7.org/fhir"><id value="IMMZ.DT.12.YellowFever"/><url value="http://fhir.org/guides/who/smart-immunization/PlanDefinition/IMMZ.DT.12.YellowFever"/><version value="0.1.0"/><name value="IMMZ.DT.12.YellowFever"/><title value="IMMZ.DT.12.YellowFever"/><status value="draft"/><date value="2023-03-31T14:00:01+00:00"/><publisher value="World Health Organization (WHO)"/><description value="If child or person has not been vaccinated, give Yellow Fever vaccine between age 9-12 months"/><jurisdiction><coding><system value="http://unstats.un.org/unsd/methods/m49/m49.htm"/><code value="001"/></coding></jurisdiction><library value="http://fhir.org/guides/who/smart-immunization/Library/IMMZDT12"/><action><title value="Immunize Patient for Yellow Fever - No Doses"/><description value="Provide Yellow Fever immunizations – using the &quot;Yellow Fever vaccine immunization – NO PREVIOUS&quot; schedule (1 dose scheme)"/><condition><kind value="applicability"/><expression><description value="&quot;Yellow Fever immunization history&quot; = &quot;No-doses&quot;"/><language value="text/cql"/><expression value="Should vaccinate patient for Yellow Fever because no doses on 1 dose scheme"/></expression></condition><condition><kind value="applicability"/><expression><description value="&quot;Current Patient Age in Months&quot; &gt;= 9"/><language value="text/cql"/><expression value="Should vaccinate patient for Yellow Fever because no doses on 1 dose scheme"/></expression></condition><condition><kind value="applicability"/><expression><description value="&quot;Country has Yellow Fever Endemic&quot; = TRUE"/><language value="text/cql"/><expression value="Should vaccinate patient for Yellow Fever because no doses on 1 dose scheme"/></expression></condition><definitionCanonical value="http://fhir.org/guides/who/smart-immunization/ActivityDefinition/IMMZ.DT.12.YellowFever.01"/></action></PlanDefinition>