<?xml version="1.0" encoding="UTF-8"?><PlanDefinition xmlns="http://hl7.org/fhir"><id value="IMMZ.DT.16.Meningococcal"/><url value="http://fhir.org/guides/who/smart-immunization/PlanDefinition/IMMZ.DT.16.Meningococcal"/><version value="0.1.0"/><name value="IMMZ.DT.16.Meningococcal"/><title value="IMMZ.DT.16.Meningococcal"/><status value="draft"/><date value="2023-03-31T14:40:29+00:00"/><publisher value="World Health Organization (WHO)"/><description value="If child or person has not been vaccinated, give Meningococcal vaccine according to the defined schedule"/><jurisdiction><coding><system value="http://unstats.un.org/unsd/methods/m49/m49.htm"/><code value="001"/></coding></jurisdiction><library value="http://fhir.org/guides/who/smart-immunization/Library/IMMZDT16"/><action><title value="Immunize Patient for Meningococcal - No Doses"/><description value="Provide Meningococcal immunizations – using the &quot;MenA conjugate vaccine (5µg) immunization – NO PREVIOUS&quot; schedule (2 dose scheme)"/><condition><kind value="applicability"/><expression><description value="&quot;Meningococcal vaccine immunization history&quot; = &quot;No-doses&quot;"/><language value="text/cql"/><expression value="Should vaccinate patient with MenA conjugate vaccine (5µg) because no doses on 2 dose scheme"/></expression></condition><condition><kind value="applicability"/><expression><description value="&quot;Current Patient Age in Months&quot; &gt;= 3"/><language value="text/cql"/><expression value="Should vaccinate patient with MenA conjugate vaccine (5µg) because no doses on 2 dose scheme"/></expression></condition><condition><kind value="applicability"/><expression><description value="&quot;Current Patient Age in Months&quot; &lt; 9"/><language value="text/cql"/><expression value="Should vaccinate patient with MenA conjugate vaccine (5µg) because no doses on 2 dose scheme"/></expression></condition><condition><kind value="applicability"/><expression><description value="&quot;There is a compelling reason to vaccinate infants with Meningococcal between 3 to 9 months old&quot; = TRUE"/><language value="text/cql"/><expression value="Should vaccinate patient with MenA conjugate vaccine (5µg) because no doses on 2 dose scheme"/></expression></condition><definitionCanonical value="http://fhir.org/guides/who/smart-immunization/ActivityDefinition/IMMZ.DT.16.Meningococcal.01"/></action><action><title value="Immunize Patient for Meningococcal - 1 Dose"/><description value="Provide Meningococcal immunizations – using the &quot;MenA conjugate vaccine (5µg) immunization – 1 PREVIOUS&quot; schedule (2 dose scheme)"/><condition><kind value="applicability"/><expression><description value="&quot;Meningococcal vaccine immunization history&quot; = &quot;1 dose&quot;"/><language value="text/cql"/><expression value="Should vaccinate patient with MenA conjugate vaccine (5µg) because 1 dose on 2 dose scheme"/></expression></condition><condition><kind value="applicability"/><expression><description value="&quot;Current Patient Age in Months&quot; &gt;= 3"/><language value="text/cql"/><expression value="Should vaccinate patient with MenA conjugate vaccine (5µg) because 1 dose on 2 dose scheme"/></expression></condition><condition><kind value="applicability"/><expression><description value="&quot;Current Patient Age in Months&quot; &lt; 9"/><language value="text/cql"/><expression value="Should vaccinate patient with MenA conjugate vaccine (5µg) because 1 dose on 2 dose scheme"/></expression></condition><condition><kind value="applicability"/><expression><description value="&quot;Date last Meningococcal dose given&quot; &gt;= &quot;8 weeks&quot;"/><language value="text/cql"/><expression value="Should vaccinate patient with MenA conjugate vaccine (5µg) because 1 dose on 2 dose scheme"/></expression></condition><condition><kind value="applicability"/><expression><description value="&quot;Type of last Meningococcal dose&quot; = &quot;MenA conjugate vaccine (5µg)&quot;"/><language value="text/cql"/><expression value="Should vaccinate patient with MenA conjugate vaccine (5µg) because 1 dose on 2 dose scheme"/></expression></condition><condition><kind value="applicability"/><expression><description value="&quot;There is a compelling reason to vaccinate infants with Meningococcal between 3 to 9 months old&quot; = TRUE"/><language value="text/cql"/><expression value="Should vaccinate patient with MenA conjugate vaccine (5µg) because 1 dose on 2 dose scheme"/></expression></condition><definitionCanonical value="http://fhir.org/guides/who/smart-immunization/ActivityDefinition/IMMZ.DT.16.Meningococcal.02"/></action><action><title value="Immunize Patient for Meningococcal - No Doses"/><description value="Provide Meningococcal immunizations – using the &quot;MenA conjugate vaccine (5µg) immunization – NO PREVIOUS&quot; schedule (1 dose scheme)"/><condition><kind value="applicability"/><expression><description value="&quot;Meningococcal vaccine immunization history&quot; = &quot;No-doses&quot;"/><language value="text/cql"/><expression value="Should vaccinate patient with MenA conjugate vaccine (5µg) on 1 dose scheme"/></expression></condition><condition><kind value="applicability"/><expression><description value="&quot;Current Patient Age in Months&quot; &gt;= 9"/><language value="text/cql"/><expression value="Should vaccinate patient with MenA conjugate vaccine (5µg) on 1 dose scheme"/></expression></condition><condition><kind value="applicability"/><expression><description value="&quot;Current Patient Age in Months&quot; &lt;= 24"/><language value="text/cql"/><expression value="Should vaccinate patient with MenA conjugate vaccine (5µg) on 1 dose scheme"/></expression></condition><condition><kind value="applicability"/><expression><description value="&quot;Region recommends Meningococcal vaccination&quot; = TRUE"/><language value="text/cql"/><expression value="Should vaccinate patient with MenA conjugate vaccine (5µg) on 1 dose scheme"/></expression></condition><definitionCanonical value="http://fhir.org/guides/who/smart-immunization/ActivityDefinition/IMMZ.DT.16.Meningococcal.03"/></action><action><title value="Immunize Patient for Meningococcal - Non-recurring Booster"/><description value="Provide Meningococcal immunizations – using the &quot;MenA conjugate vaccine (5µg) immunization – Single non-recurring BOOSTER&quot; schedule (1 dose booster)"/><condition><kind value="applicability"/><expression><description value="&quot;Patient has completed Meningococcal primary series&quot; = TRUE"/><language value="text/cql"/><expression value="Should vaccinate patient with MenA conjugate vaccine (5µg) non-recurring booster 3-5 years after last shot"/></expression></condition><condition><kind value="applicability"/><expression><description value="&quot;Date last Meningococcal dose given&quot; &gt;= &quot;3 years&quot;"/><language value="text/cql"/><expression value="Should vaccinate patient with MenA conjugate vaccine (5µg) non-recurring booster 3-5 years after last shot"/></expression></condition><condition><kind value="applicability"/><expression><description value="&quot;Date last Meningococcal dose given&quot; &lt;= &quot;5 years&quot;"/><language value="text/cql"/><expression value="Should vaccinate patient with MenA conjugate vaccine (5µg) non-recurring booster 3-5 years after last shot"/></expression></condition><condition><kind value="applicability"/><expression><description value="&quot;Type of last Meningococcal dose&quot; = &quot;MenA conjugate vaccine (5µg)&quot;"/><language value="text/cql"/><expression value="Should vaccinate patient with MenA conjugate vaccine (5µg) non-recurring booster 3-5 years after last shot"/></expression></condition><condition><kind value="applicability"/><expression><description value="&quot;Individual has a continued high risk of exposure (including health workers)&quot; = TRUE"/><language value="text/cql"/><expression value="Should vaccinate patient with MenA conjugate vaccine (5µg) non-recurring booster 3-5 years after last shot"/></expression></condition><condition><kind value="applicability"/><expression><description value="&quot;Region recommends Meningococcal vaccination&quot; = TRUE"/><language value="text/cql"/><expression value="Should vaccinate patient with MenA conjugate vaccine (5µg) non-recurring booster 3-5 years after last shot"/></expression></condition><definitionCanonical value="http://fhir.org/guides/who/smart-immunization/ActivityDefinition/IMMZ.DT.16.Meningococcal.04"/></action><action><title value="Immunize Patient for Meningococcal - No Doses"/><description value="Provide Meningococcal immunizations – using the &quot;monovalent MenC conjugate vaccine immunization – NO PREVIOUS&quot; schedule (1 dose scheme)"/><condition><kind value="applicability"/><expression><description value="&quot;Meningococcal vaccine immunization history&quot; = &quot;No-doses&quot;"/><language value="text/cql"/><expression value="Should vaccinate patient with monovalent MenC conjugate vaccine because no dose on 1 dose scheme"/></expression></condition><condition><kind value="applicability"/><expression><description value="&quot;Current Patient Age in Months&quot; &gt;= 12"/><language value="text/cql"/><expression value="Should vaccinate patient with monovalent MenC conjugate vaccine because no dose on 1 dose scheme"/></expression></condition><condition><kind value="applicability"/><expression><description value="&quot;Region recommends Meningococcal vaccination&quot; = TRUE"/><language value="text/cql"/><expression value="Should vaccinate patient with monovalent MenC conjugate vaccine because no dose on 1 dose scheme"/></expression></condition><definitionCanonical value="http://fhir.org/guides/who/smart-immunization/ActivityDefinition/IMMZ.DT.16.Meningococcal.05"/></action><action><title value="Immunize Patient for Meningococcal - No Doses"/><description value="Provide Meningococcal immunizations – using the &quot;monovalent MenC conjugate vaccine immunization – NO PREVIOUS&quot; schedule (2 dose scheme)"/><condition><kind value="applicability"/><expression><description value="&quot;Meningococcal vaccine immunization history&quot; = &quot;No-doses&quot;"/><language value="text/cql"/><expression value="Should vaccinate patient with monovalent MenC conjugate vaccine because no dose on 2 dose scheme"/></expression></condition><condition><kind value="applicability"/><expression><description value="&quot;Current Patient Age in Months&quot; &gt;= 2"/><language value="text/cql"/><expression value="Should vaccinate patient with monovalent MenC conjugate vaccine because no dose on 2 dose scheme"/></expression></condition><condition><kind value="applicability"/><expression><description value="&quot;Current Patient Age in Months&quot; &lt;= 11"/><language value="text/cql"/><expression value="Should vaccinate patient with monovalent MenC conjugate vaccine because no dose on 2 dose scheme"/></expression></condition><condition><kind value="applicability"/><expression><description value="&quot;Region recommends Meningococcal vaccination&quot; = TRUE"/><language value="text/cql"/><expression value="Should vaccinate patient with monovalent MenC conjugate vaccine because no dose on 2 dose scheme"/></expression></condition><definitionCanonical value="http://fhir.org/guides/who/smart-immunization/ActivityDefinition/IMMZ.DT.16.Meningococcal.06"/></action><action><title value="Immunize Patient for Meningococcal - 1 Dose"/><description value="Provide Meningococcal immunizations – using the &quot;monovalent MenC conjugate vaccine immunization – 1 PREVIOUS&quot; schedule (2 dose scheme)"/><condition><kind value="applicability"/><expression><description value="&quot;Meningococcal vaccine immunization history&quot; = &quot;1 dose&quot;"/><language value="text/cql"/><expression value="Should vaccinate patient with monovalent MenC conjugate vaccine because 1 dose on 2 dose scheme"/></expression></condition><condition><kind value="applicability"/><expression><description value="&quot;Current Patient Age in Months&quot; &gt;= 2"/><language value="text/cql"/><expression value="Should vaccinate patient with monovalent MenC conjugate vaccine because 1 dose on 2 dose scheme"/></expression></condition><condition><kind value="applicability"/><expression><description value="&quot;Current Patient Age in Months&quot; &lt;= 11"/><language value="text/cql"/><expression value="Should vaccinate patient with monovalent MenC conjugate vaccine because 1 dose on 2 dose scheme"/></expression></condition><condition><kind value="applicability"/><expression><description value="&quot;Date last Meningococcal dose given&quot; &gt;= &quot;8 weeks&quot;"/><language value="text/cql"/><expression value="Should vaccinate patient with monovalent MenC conjugate vaccine because 1 dose on 2 dose scheme"/></expression></condition><condition><kind value="applicability"/><expression><description value="&quot;Type of last Meningococcal dose&quot; = &quot;monovalent MenC conjugate&quot;"/><language value="text/cql"/><expression value="Should vaccinate patient with monovalent MenC conjugate vaccine because 1 dose on 2 dose scheme"/></expression></condition><definitionCanonical value="http://fhir.org/guides/who/smart-immunization/ActivityDefinition/IMMZ.DT.16.Meningococcal.07"/></action><action><title value="Immunize Patient for Meningococcal - Non-recurring Booster"/><description value="Provide Meningococcal immunizations – using the &quot;monovalent MenC conjugate vaccine immunization – Single non-recurring BOOSTER&quot; schedule (1 dose booster)"/><condition><kind value="applicability"/><expression><description value="&quot;Meningococcal vaccine immunization history&quot; = &quot;2 doses&quot;"/><language value="text/cql"/><expression value="Should vaccinate patient with monovalent MenC conjugate vaccine non-recurring booster because 1 year after last shot"/></expression></condition><condition><kind value="applicability"/><expression><description value="&quot;Date last Meningococcal dose given&quot; &gt;= &quot;1 year&quot;"/><language value="text/cql"/><expression value="Should vaccinate patient with monovalent MenC conjugate vaccine non-recurring booster because 1 year after last shot"/></expression></condition><condition><kind value="applicability"/><expression><description value="&quot;Type of last Meningococcal dose&quot; = &quot;monovalent MenC conjugate&quot;"/><language value="text/cql"/><expression value="Should vaccinate patient with monovalent MenC conjugate vaccine non-recurring booster because 1 year after last shot"/></expression></condition><condition><kind value="applicability"/><expression><description value="&quot;Age when patient received 1st dose&quot; &gt;= &quot;2 months&quot;"/><language value="text/cql"/><expression value="Should vaccinate patient with monovalent MenC conjugate vaccine non-recurring booster because 1 year after last shot"/></expression></condition><condition><kind value="applicability"/><expression><description value="&quot;Age when patient received 1st dose&quot; &lt;= &quot;11 months&quot;"/><language value="text/cql"/><expression value="Should vaccinate patient with monovalent MenC conjugate vaccine non-recurring booster because 1 year after last shot"/></expression></condition><condition><kind value="applicability"/><expression><description value="&quot;Region recommends Meningococcal vaccination&quot; = TRUE"/><language value="text/cql"/><expression value="Should vaccinate patient with monovalent MenC conjugate vaccine non-recurring booster because 1 year after last shot"/></expression></condition><definitionCanonical value="http://fhir.org/guides/who/smart-immunization/ActivityDefinition/IMMZ.DT.16.Meningococcal.08"/></action><action><title value="Immunize Patient for Meningococcal - Non-recurring Booster"/><description value="Provide Meningococcal immunizations – using the &quot;monovalent MenC conjugate immunization – Single non-recurring BOOSTER&quot; schedule (1 dose booster)"/><condition><kind value="applicability"/><expression><description value="&quot;Patient has completed Meningococcal primary series&quot; = TRUE"/><language value="text/cql"/><expression value="Should vaccinate patient with monovalent MenC conjugate non-recurring booster 3-5 years after last shot"/></expression></condition><condition><kind value="applicability"/><expression><description value="&quot;Date last Meningococcal dose given&quot; &gt;= &quot;3 years&quot;"/><language value="text/cql"/><expression value="Should vaccinate patient with monovalent MenC conjugate non-recurring booster 3-5 years after last shot"/></expression></condition><condition><kind value="applicability"/><expression><description value="&quot;Date last Meningococcal dose given&quot; &lt;= &quot;5 years&quot;"/><language value="text/cql"/><expression value="Should vaccinate patient with monovalent MenC conjugate non-recurring booster 3-5 years after last shot"/></expression></condition><condition><kind value="applicability"/><expression><description value="&quot;Type of last Meningococcal dose&quot; = &quot;monovalent MenC conjugate&quot;"/><language value="text/cql"/><expression value="Should vaccinate patient with monovalent MenC conjugate non-recurring booster 3-5 years after last shot"/></expression></condition><condition><kind value="applicability"/><expression><description value="&quot;Individual has a continued high risk of exposure (including health workers)&quot; = TRUE"/><language value="text/cql"/><expression value="Should vaccinate patient with monovalent MenC conjugate non-recurring booster 3-5 years after last shot"/></expression></condition><condition><kind value="applicability"/><expression><description value="&quot;Region recommends Meningococcal vaccination&quot; = TRUE"/><language value="text/cql"/><expression value="Should vaccinate patient with monovalent MenC conjugate non-recurring booster 3-5 years after last shot"/></expression></condition><definitionCanonical value="http://fhir.org/guides/who/smart-immunization/ActivityDefinition/IMMZ.DT.16.Meningococcal.09"/></action><action><title value="Immunize Patient for Meningococcal - No Doses"/><description value="Provide Meningococcal immunizations – using the &quot;Quadrivalent conjugate vaccines (A,C,W135,Y-D and A,C,W135,Y-CRM) immunization – NO PREVIOUS&quot; schedule (1 dose scheme)"/><condition><kind value="applicability"/><expression><description value="&quot;Meningococcal vaccine immunization history&quot; = &quot;No-doses&quot;"/><language value="text/cql"/><expression value="Should vaccinate patient with Quadrivalent conjugate vaccines (A,C,W135,Y-D and A,C,W135,Y-CRM) because no dose on 1 dose scheme"/></expression></condition><condition><kind value="applicability"/><expression><description value="&quot;Current Patient Age in Years&quot; &gt;= 2"/><language value="text/cql"/><expression value="Should vaccinate patient with Quadrivalent conjugate vaccines (A,C,W135,Y-D and A,C,W135,Y-CRM) because no dose on 1 dose scheme"/></expression></condition><condition><kind value="applicability"/><expression><description value="&quot;Region recommends Meningococcal vaccination&quot; = TRUE"/><language value="text/cql"/><expression value="Should vaccinate patient with Quadrivalent conjugate vaccines (A,C,W135,Y-D and A,C,W135,Y-CRM) because no dose on 1 dose scheme"/></expression></condition><definitionCanonical value="http://fhir.org/guides/who/smart-immunization/ActivityDefinition/IMMZ.DT.16.Meningococcal.10"/></action><action><title value="Immunize Patient for Meningococcal - No Doses"/><description value="Provide Meningococcal immunizations – using the &quot;Quadrivalent conjugate vaccines (A,C,W135,Y-D) immunization – NO PREVIOUS&quot; schedule (2 dose scheme)"/><condition><kind value="applicability"/><expression><description value="&quot;Meningococcal vaccine immunization history&quot; = &quot;No-doses&quot;"/><language value="text/cql"/><expression value="Should vaccinate patient with Quadrivalent conjugate vaccines (A,C,W135,Y-D) because no dose on 2 dose scheme"/></expression></condition><condition><kind value="applicability"/><expression><description value="&quot;Current Patient Age in Months&quot; &gt;= 9"/><language value="text/cql"/><expression value="Should vaccinate patient with Quadrivalent conjugate vaccines (A,C,W135,Y-D) because no dose on 2 dose scheme"/></expression></condition><condition><kind value="applicability"/><expression><description value="&quot;Current Patient Age in Months&quot; &lt;= 23"/><language value="text/cql"/><expression value="Should vaccinate patient with Quadrivalent conjugate vaccines (A,C,W135,Y-D) because no dose on 2 dose scheme"/></expression></condition><condition><kind value="applicability"/><expression><description value="&quot;Region recommends Meningococcal vaccination&quot; = TRUE"/><language value="text/cql"/><expression value="Should vaccinate patient with Quadrivalent conjugate vaccines (A,C,W135,Y-D) because no dose on 2 dose scheme"/></expression></condition><definitionCanonical value="http://fhir.org/guides/who/smart-immunization/ActivityDefinition/IMMZ.DT.16.Meningococcal.11"/></action><action><title value="Immunize Patient for Meningococcal - 1 Dose"/><description value="Provide Meningococcal immunizations – using the &quot;Quadrivalent conjugate vaccines (A,C,W135,Y-D) immunization – 1 PREVIOUS&quot; schedule (2 dose scheme)"/><condition><kind value="applicability"/><expression><description value="&quot;Meningococcal vaccine immunization history&quot; = &quot;1 dose&quot;"/><language value="text/cql"/><expression value="Should vaccinate patient with Quadrivalent conjugate vaccines (A,C,W135,Y-D) on 2 dose scheme"/></expression></condition><condition><kind value="applicability"/><expression><description value="&quot;Date last Meningococcal dose given &quot; &gt;= &quot;12 weeks&quot;"/><language value="text/cql"/><expression value="Should vaccinate patient with Quadrivalent conjugate vaccines (A,C,W135,Y-D) on 2 dose scheme"/></expression></condition><condition><kind value="applicability"/><expression><description value="&quot;Type of last Meningococcal dose&quot; = &quot;Quadrivalent conjugate&quot;"/><language value="text/cql"/><expression value="Should vaccinate patient with Quadrivalent conjugate vaccines (A,C,W135,Y-D) on 2 dose scheme"/></expression></condition><definitionCanonical value="http://fhir.org/guides/who/smart-immunization/ActivityDefinition/IMMZ.DT.16.Meningococcal.12"/></action><action><title value="Immunize Patient for Meningococcal - Non-recurring Booster"/><description value="Provide Meningococcal immunizations – using the &quot;Quadrivalent conjugate vaccines (A,C,W135,Y-D) immunization – Single non-recurring BOOSTER&quot; schedule (1 dose booster)"/><condition><kind value="applicability"/><expression><description value="&quot;Patient has completed Meningococcal primary series&quot; = TRUE"/><language value="text/cql"/><expression value="Should vaccinate patient with Quadrivalent conjugate vaccines (A,C,W135,Y-D) non-recurring booster 3-5 years after last shot"/></expression></condition><condition><kind value="applicability"/><expression><description value="&quot;Date last Meningococcal dose given&quot; &gt;= &quot;3 years&quot;"/><language value="text/cql"/><expression value="Should vaccinate patient with Quadrivalent conjugate vaccines (A,C,W135,Y-D) non-recurring booster 3-5 years after last shot"/></expression></condition><condition><kind value="applicability"/><expression><description value="&quot;Date last Meningococcal dose given&quot; &lt;= &quot;5 years&quot;"/><language value="text/cql"/><expression value="Should vaccinate patient with Quadrivalent conjugate vaccines (A,C,W135,Y-D) non-recurring booster 3-5 years after last shot"/></expression></condition><condition><kind value="applicability"/><expression><description value="&quot;Type of last Meningococcal dose&quot; = &quot;Quadrivalent conjugate&quot;"/><language value="text/cql"/><expression value="Should vaccinate patient with Quadrivalent conjugate vaccines (A,C,W135,Y-D) non-recurring booster 3-5 years after last shot"/></expression></condition><condition><kind value="applicability"/><expression><description value="&quot;Individual has a continued high risk of exposure (including health workers)&quot; = TRUE"/><language value="text/cql"/><expression value="Should vaccinate patient with Quadrivalent conjugate vaccines (A,C,W135,Y-D) non-recurring booster 3-5 years after last shot"/></expression></condition><condition><kind value="applicability"/><expression><description value="&quot;Region recommends Meningococcal vaccination&quot; = TRUE"/><language value="text/cql"/><expression value="Should vaccinate patient with Quadrivalent conjugate vaccines (A,C,W135,Y-D) non-recurring booster 3-5 years after last shot"/></expression></condition><definitionCanonical value="http://fhir.org/guides/who/smart-immunization/ActivityDefinition/IMMZ.DT.16.Meningococcal.13"/></action></PlanDefinition>