<?xml version="1.0" encoding="UTF-8"?><PlanDefinition xmlns="http://hl7.org/fhir"><id value="IMMZ.DT.02.HepatitisB"/><url value="http://fhir.org/guides/who/smart-immunization/PlanDefinition/IMMZ.DT.02.HepatitisB"/><version value="0.1.0"/><name value="IMMZ.DT.02.HepatitisB"/><title value="IMMZ.DT.02.HepatitisB"/><status value="draft"/><date value="2023-03-31T14:00:01+00:00"/><publisher value="World Health Organization (WHO)"/><description value="If child or person has not been vaccinated, give Hepatitis B vaccine as soon as possible after birth"/><jurisdiction><coding><system value="http://unstats.un.org/unsd/methods/m49/m49.htm"/><code value="001"/></coding></jurisdiction><library value="http://fhir.org/guides/who/smart-immunization/Library/IMMZDT02"/><action><title value="Immunize Patient for Hepatitis B - No Doses and Premature birth or low birth weight"/><description value="Provide Hepatitis B immunizations – using the &quot;Hepatitis B vaccine immunization – Birth dose&quot; schedule (Birth dose)"/><condition><kind value="applicability"/><expression><description value="&quot;Hepatitis B vaccine immunization history&quot; = &quot;No-doses&quot;"/><language value="text/cql"/><expression value="Should vaccinate patient for Hepatitis B because no doses and (low birth weight or premature infant)"/></expression></condition><condition><kind value="applicability"/><expression><description value="&quot;Patient birth weight observation value&quot; &lt; &quot;2000g&quot;"/><language value="text/cql"/><expression value="Should vaccinate patient for Hepatitis B because no doses and (low birth weight or premature infant)"/></expression></condition><condition><kind value="applicability"/><expression><description value="&quot;Current Patient Age in Weeks&quot; &lt; 2"/><language value="text/cql"/><expression value="Should vaccinate patient for Hepatitis B because no doses and (low birth weight or premature infant)"/></expression></condition><definitionCanonical value="http://fhir.org/guides/who/smart-immunization/ActivityDefinition/IMMZ.DT.02.HepatitisB.01"/></action><action><title value="Immunize Patient for Hepatitis B - No Doses"/><description value="Provide Hepatitis B immunizations – using the &quot;Hepatitis B vaccine immunization – NO PREVIOUS&quot; schedule (3 doses scheme)"/><condition><kind value="applicability"/><expression><description value="&quot;Hepatitis B vaccine immunization history&quot; = &quot;No-doses&quot;"/><language value="text/cql"/><expression value="Should vaccinate patient for Hepatitis B because no doses"/></expression></condition><definitionCanonical value="http://fhir.org/guides/who/smart-immunization/ActivityDefinition/IMMZ.DT.02.HepatitisB.03"/></action><action><title value="Immunize Patient for Hepatitis B - 1 Dose"/><description value="Provide Hepatitis B immunizations – using the &quot;Hepatitis B vaccine immunization – 1 PREVIOUS&quot; schedule (3 doses scheme)"/><condition><kind value="applicability"/><expression><description value="&quot;Hepatitis B vaccine immunization history&quot; = &quot;1 dose&quot;"/><language value="text/cql"/><expression value="Should vaccinate patient for Hepatitis B because 1 dose"/></expression></condition><condition><kind value="applicability"/><expression><description value="&quot;Date last Hepatitis B dose given&quot; &gt;= &quot;4 weeks&quot;"/><language value="text/cql"/><expression value="Should vaccinate patient for Hepatitis B because 1 dose"/></expression></condition><definitionCanonical value="http://fhir.org/guides/who/smart-immunization/ActivityDefinition/IMMZ.DT.02.HepatitisB.04"/></action><action><title value="Immunize Patient for Hepatitis B - 2 Doses"/><description value="Provide Hepatitis B immunizations – using the &quot;Hepatitis B vaccine immunization – 2 PREVIOUS&quot; schedule (3 doses scheme)"/><condition><kind value="applicability"/><expression><description value="&quot;Hepatitis B vaccine immunization history&quot; = &quot;2 doses&quot;"/><language value="text/cql"/><expression value="Should vaccinate patient for Hepatitis B because 2 doses"/></expression></condition><condition><kind value="applicability"/><expression><description value="&quot;Date last Hepatitis B dose given&quot; &gt;= &quot;4 weeks&quot;"/><language value="text/cql"/><expression value="Should vaccinate patient for Hepatitis B because 2 doses"/></expression></condition><definitionCanonical value="http://fhir.org/guides/who/smart-immunization/ActivityDefinition/IMMZ.DT.02.HepatitisB.05"/></action></PlanDefinition>