<?xml version="1.0" encoding="UTF-8"?><ValueSet xmlns="http://hl7.org/fhir"><id value="Quadrivalentconjugate-values"/><text><status value="generated"/><div xmlns="http://www.w3.org/1999/xhtml"><p>This value set includes codes based on the following rules:</p><ul><li>Include these codes as defined in <code>http://hl7.org/fhir/sid/icd-11</code><table class="none"><tr><td style="white-space:nowrap"><b>Code</b></td><td><b>Display</b></td></tr><tr><td>XM2WV4</td><td>Meningococcal vaccines</td></tr><tr><td>XM5LC2</td><td>Meningococcal polyvalent purified polysaccharides antigen</td></tr><tr><td>XM3T39</td><td>Meningococcus A, C, bivalent purified polysaccharides antigen</td></tr><tr><td>XM5XP9</td><td>Diphtheria, hemophilus influenzae B, pertussis, tetanus-hepatitis B, meningococcus A + C vaccine</td></tr><tr><td>XM2AR0</td><td>Meningococcus A, C, Y, W-135, tetravalent purified polysaccharides antigen</td></tr><tr><td>XM2EH7</td><td>Meningococcus A, C, Y, W-135, tetravalent purified polysaccharides antigen conjugated</td></tr></table></li><li>Include these codes as defined in <a href="http://www.snomed.org/"><code>http://snomed.info/sct</code></a><table class="none"><tr><td style="white-space:nowrap"><b>Code</b></td><td><b>Display</b></td></tr><tr><td><a href="http://snomed.info/id/871871008">871871008</a></td><td>Vaccine product containing only Neisseria meningitidis serogroup A and C antigens (medicinal product)</td></tr><tr><td><a href="http://snomed.info/id/871873006">871873006</a></td><td>Vaccine product containing only Neisseria meningitidis serogroup A, C, W135 and Y antigens (medicinal product)</td></tr><tr><td><a href="http://snomed.info/id/871916006">871916006</a></td><td>Vaccine product containing only Neisseria meningitidis serogroup A, C, W135 and Y capsular oligosaccharide conjugated antigens (medicinal product)</td></tr><tr><td><a href="http://snomed.info/id/1971000221105">1971000221105</a></td><td>Vaccine product containing only Neisseria meningitidis serogroup A, C, W135 and Y capsular polysaccharide conjugated antigens (medicinal product)</td></tr></table></li></ul></div></text><url value="http://fhir.org/guides/who/smart-immunization/ValueSet/Quadrivalentconjugate-values"/><version value="0.1.0"/><name value="Quadrivalentconjugatevalues"/><title value="Quadrivalent conjugate values"/><status value="draft"/><experimental value="false"/><date value="2023-03-31T14:00:01+00:00"/><publisher value="World Health Organization (WHO)"/><description value="Codes representing Quadrivalent conjugate values"/><jurisdiction><coding><system value="http://unstats.un.org/unsd/methods/m49/m49.htm"/><code value="001"/></coding></jurisdiction><immutable value="true"/><compose><include><system value="http://hl7.org/fhir/sid/icd-11"/><concept><code value="XM2WV4"/><display value="Meningococcal vaccines"/></concept><concept><code value="XM5LC2"/><display value="Meningococcal polyvalent purified polysaccharides antigen"/></concept><concept><code value="XM3T39"/><display value="Meningococcus A, C, bivalent purified polysaccharides antigen"/></concept><concept><code value="XM5XP9"/><display value="Diphtheria, hemophilus influenzae B, pertussis, tetanus-hepatitis B, meningococcus A + C vaccine"/></concept><concept><code value="XM2AR0"/><display value="Meningococcus A, C, Y, W-135, tetravalent purified polysaccharides antigen"/></concept><concept><code value="XM2EH7"/><display value="Meningococcus A, C, Y, W-135, tetravalent purified polysaccharides antigen conjugated"/></concept></include><include><system value="http://snomed.info/sct"/><concept><code value="871871008"/><display value="Vaccine product containing only Neisseria meningitidis serogroup A and C antigens (medicinal product)"/></concept><concept><code value="871873006"/><display value="Vaccine product containing only Neisseria meningitidis serogroup A, C, W135 and Y antigens (medicinal product)"/></concept><concept><code value="871916006"/><display value="Vaccine product containing only Neisseria meningitidis serogroup A, C, W135 and Y capsular oligosaccharide conjugated antigens (medicinal product)"/></concept><concept><code value="1971000221105"/><display value="Vaccine product containing only Neisseria meningitidis serogroup A, C, W135 and Y capsular polysaccharide conjugated antigens (medicinal product)"/></concept></include></compose></ValueSet>