<?xml version="1.0" encoding="UTF-8"?><ValueSet xmlns="http://hl7.org/fhir"><id value="TSTTestResult-values"/><text><status value="generated"/><div xmlns="http://www.w3.org/1999/xhtml"><ul><li>Include these codes as defined in <a href="http://www.snomed.org/"><code>http://snomed.info/sct</code></a><table class="none"><tr><td style="white-space:nowrap"><b>Code</b></td><td><b>Display</b></td></tr><tr><td><a href="http://snomed.info/id/28163009">28163009</a></td><td>Skin test for tuberculosis, Tine test (procedure)</td></tr></table></li></ul></div></text><url value="http://fhir.org/guides/who/smart-immunization/ValueSet/TSTTestResult-values"/><version value="0.1.0"/><name value="TSTTestResultvalues"/><title value="TST Test Result values"/><status value="draft"/><experimental value="false"/><date value="2023-03-31T14:00:01+00:00"/><publisher value="World Health Organization (WHO)"/><description value="Codes representing TST Test Result values"/><jurisdiction><coding><system value="http://unstats.un.org/unsd/methods/m49/m49.htm"/><code value="001"/></coding></jurisdiction><immutable value="true"/><compose><include><system value="http://snomed.info/sct"/><concept><code value="28163009"/><display value="Skin test for tuberculosis, Tine test (procedure)"/></concept></include></compose></ValueSet>