<?xml version="1.0" encoding="UTF-8"?><ValueSet xmlns="http://hl7.org/fhir"><id value="Immunocompromised-values"/><text><status value="generated"/><div xmlns="http://www.w3.org/1999/xhtml"><ul><li>Include these codes as defined in <a href="http://www.snomed.org/"><code>http://snomed.info/sct</code></a><table class="none"><tr><td style="white-space:nowrap"><b>Code</b></td><td><b>Display</b></td></tr><tr><td><a href="http://snomed.info/id/370388006">370388006</a></td><td>Patient immunocompromised</td></tr><tr><td><a href="http://snomed.info/id/370391006">370391006</a></td><td>Patient immunosuppressed</td></tr></table></li></ul></div></text><url value="http://fhir.org/guides/who/smart-immunization/ValueSet/Immunocompromised-values"/><version value="0.1.0"/><name value="Immunocompromisedvalues"/><title value="Immunocompromised valueset"/><status value="draft"/><experimental value="false"/><date value="2023-03-31T14:40:29+00:00"/><publisher value="World Health Organization (WHO)"/><description value="Codes representing Immunocompromised values"/><jurisdiction><coding><system value="http://unstats.un.org/unsd/methods/m49/m49.htm"/><code value="001"/></coding></jurisdiction><immutable value="true"/><compose><include><system value="http://snomed.info/sct"/><concept><code value="370388006"/><display value="Patient immunocompromised"/></concept><concept><code value="370391006"/><display value="Patient immunosuppressed"/></concept></include></compose></ValueSet>