{"resourceType":"ActivityDefinition","id":"IMMZ.DT.08.Measles.08","meta":{"profile":["http://hl7.org/fhir/uv/cpg/StructureDefinition/cpg-immunizationactivity"]},"url":"http://fhir.org/guides/who/smart-immunization/ActivityDefinition/IMMZ.DT.08.Measles.08","version":"0.1.0","title":"IMMZ.DT.08.Measles.08","status":"draft","experimental":true,"date":"2022-05-06T12:05:48.3801826-04:00","publisher":"World Health Organization (WHO)","contact":[{"telecom":[{"system":"url","value":"https://who.int"}]}],"description":"Provide measles immunization 1st dose - Using the \"MCV1 Vaccine immunization - NO Previous\" schedule (2 doses scheme)","jurisdiction":[{"coding":[{"system":"http://unstats.un.org/unsd/methods/m49/m49.htm","code":"001"}]}],"kind":"ImmunizationRecommendation","code":{"coding":[{"system":"http://snomed.info/sct","code":"33879002","display":"Administration of vaccine to produce active immunity"}]},"intent":"proposal","doNotPerform":false}