{"resourceType":"PlanDefinition","id":"IMMZ.DT.18.Rabies","url":"http://fhir.org/guides/who/smart-immunization/PlanDefinition/IMMZ.DT.18.Rabies","version":"0.1.0","name":"IMMZ.DT.18.Rabies","title":"IMMZ.DT.18.Rabies","status":"draft","date":"2023-03-31T14:40:29+00:00","publisher":"World Health Organization (WHO)","description":"If patient has not been vaccinated, give Rabies vaccine","jurisdiction":[{"coding":[{"system":"http://unstats.un.org/unsd/methods/m49/m49.htm","code":"001"}]}],"library":["http://fhir.org/guides/who/smart-immunization/Library/IMMZDT18"],"action":[{"title":"Immunize Patient for Rabies (PrEP strategy) - No Doses","description":"Provide Rabies immunizations – using the \"PrEP vaccination strategy – NO PREVIOUS\" schedule (2 dose scheme)","condition":[{"kind":"applicability","expression":{"description":"\"Rabies vaccine immunization history\" = \"No-doses\"","language":"text/cql","expression":"Should vaccinate patient with Rabies vaccine (PrEP strategy) on 2 dose scheme"}},{"kind":"applicability","expression":{"description":"\"Individual is at high risk of RABV exposure\" = TRUE","language":"text/cql","expression":"Should vaccinate patient with Rabies vaccine (PrEP strategy) on 2 dose scheme"}}],"definitionCanonical":"http://fhir.org/guides/who/smart-immunization/ActivityDefinition/IMMZ.DT.18.Rabies.01"},{"title":"Immunize Patient for Rabies (PrEP strategy) - 1 Dose","description":"Provide Rabies immunizations – using the \"PrEP vaccination strategy – 1 PREVIOUS\" schedule (2 dose scheme)","condition":[{"kind":"applicability","expression":{"description":"\"Rabies vaccine immunization history\" = \"1 dose\"","language":"text/cql","expression":"Should vaccinate patient with Rabies vaccine (PrEP strategy) on 2 dose scheme"}},{"kind":"applicability","expression":{"description":"\"Date last Rabies dose given\" >= \"7 days\"","language":"text/cql","expression":"Should vaccinate patient with Rabies vaccine (PrEP strategy) on 2 dose scheme"}}],"definitionCanonical":"http://fhir.org/guides/who/smart-immunization/ActivityDefinition/IMMZ.DT.18.Rabies.02"},{"title":"Immunize Patient for Rabies vaccine Booster (PrEP strategy)","description":"Provide Rabies immunizations – using the \"PrEP vaccination strategy – BOOSTER\" schedule (1 dose booster)","condition":[{"kind":"applicability","expression":{"description":"\"Individual has continual or frequent risk of exposure (i.e. occupational)\" = TRUE","language":"text/cql","expression":"Should vaccinate patient with Rabies vaccine Booster (PrEP strategy)"}},{"kind":"applicability","expression":{"description":"\"VNA levels\" < \"0.5 IU/mL\"","language":"text/cql","expression":"Should vaccinate patient with Rabies vaccine Booster (PrEP strategy)"}}],"definitionCanonical":"http://fhir.org/guides/who/smart-immunization/ActivityDefinition/IMMZ.DT.18.Rabies.03"}]}