{"resourceType":"PlanDefinition","id":"IMMZ.DT.07.Rotavirus","url":"http://fhir.org/guides/who/smart-immunization/PlanDefinition/IMMZ.DT.07.Rotavirus","version":"0.1.0","name":"IMMZ.DT.07.Rotavirus","title":"IMMZ.DT.07.Rotavirus","status":"draft","date":"2023-03-31T14:40:29+00:00","publisher":"World Health Organization (WHO)","description":"If child or person has not been vaccinated, give Rotavirus vaccine according to the defined schedule","jurisdiction":[{"coding":[{"system":"http://unstats.un.org/unsd/methods/m49/m49.htm","code":"001"}]}],"library":["http://fhir.org/guides/who/smart-immunization/Library/IMMZDT07"],"action":[{"title":"Immunize Patient for Rotavirus - No Doses","description":"Provide Rotavirus immunizations – using the \"Rotavirus vaccine immunization – NO PREVIOUS\" schedule (2-3 scheme depends on product)","condition":[{"kind":"applicability","expression":{"description":"\"Rotavirus immunization history\" = \"No-doses\"","language":"text/cql","expression":"Should vaccinate patient for Rotavirus 1st dose"}},{"kind":"applicability","expression":{"description":"\"Current Patient Age in Weeks\" >= 6","language":"text/cql","expression":"Should vaccinate patient for Rotavirus 1st dose"}},{"kind":"applicability","expression":{"description":"\"Current Patient Age in Months\" <= 24","language":"text/cql","expression":"Should vaccinate patient for Rotavirus 1st dose"}},{"kind":"applicability","expression":{"description":"\"Patient has no history of intussusception\" = TRUE","language":"text/cql","expression":"Should vaccinate patient for Rotavirus 1st dose"}}],"definitionCanonical":"http://fhir.org/guides/who/smart-immunization/ActivityDefinition/IMMZ.DT.07.Rotavirus.01"},{"title":"Immunize Patient for Rotavirus - 1 Rotavirus dose previously given 2 dose scheme","description":"Provide Rotavirus immunizations – using the \"Rotavirus vaccine immunization schedule\" – minimum of 4 weeks after previous dose","condition":[{"kind":"applicability","expression":{"description":"\"Rotavirus immunization history\" = \"1 dose\"","language":"text/cql","expression":"Should vaccinate patient with Rotavirus 2nd dose"}},{"kind":"applicability","expression":{"description":"\"Date last Rotavirus dose given\" >= \"4 weeks\"","language":"text/cql","expression":"Should vaccinate patient with Rotavirus 2nd dose"}},{"kind":"applicability","expression":{"description":"\"Current Patient Age in Months\" <= 24","language":"text/cql","expression":"Should vaccinate patient with Rotavirus 2nd dose"}},{"kind":"applicability","expression":{"description":"\"Patient has no history of intussusception\" = TRUE","language":"text/cql","expression":"Should vaccinate patient with Rotavirus 2nd dose"}}],"definitionCanonical":"http://fhir.org/guides/who/smart-immunization/ActivityDefinition/IMMZ.DT.07.Rotavirus.02"},{"title":"Immunize Patient for Rotavirus - 2 Rotavirus dose previously given 3 dose scheme","description":"Provide Rotavirus immunizations – using the \"Rotavirus vaccine immunization schedule\" – minimum of 4 weeks after previous dose assuming 3 dose scheme","condition":[{"kind":"applicability","expression":{"description":"\"Rotavirus immunization history\" = \"2 doses\"","language":"text/cql","expression":"Should vaccinate patient with Rotavirus 3rd dose"}},{"kind":"applicability","expression":{"description":"\"Date last Rotavirus dose given\" >= \"4 weeks\"","language":"text/cql","expression":"Should vaccinate patient with Rotavirus 3rd dose"}},{"kind":"applicability","expression":{"description":"\"All previous doses given with a 3 dose series product\" = TRUE","language":"text/cql","expression":"Should vaccinate patient with Rotavirus 3rd dose"}},{"kind":"applicability","expression":{"description":"\"Patient has no history of intussusception\" = TRUE","language":"text/cql","expression":"Should vaccinate patient with Rotavirus 3rd dose"}},{"kind":"applicability","expression":{"description":"\"Current Patient Age in Months\" <= 24","language":"text/cql","expression":"Should vaccinate patient with Rotavirus 3rd dose"}}],"definitionCanonical":"http://fhir.org/guides/who/smart-immunization/ActivityDefinition/IMMZ.DT.07.Rotavirus.03"}]}