{"resourceType":"PlanDefinition","id":"IMMZ.DT.04.DTP","url":"http://fhir.org/guides/who/smart-immunization/PlanDefinition/IMMZ.DT.04.DTP","version":"0.1.0","name":"IMMZ.DT.04.DTP","title":"IMMZ.DT.04.DTP","status":"draft","date":"2023-03-31T14:40:29+00:00","publisher":"World Health Organization (WHO)","description":"If child or person has not been given DTP, start scheme","jurisdiction":[{"coding":[{"system":"http://unstats.un.org/unsd/methods/m49/m49.htm","code":"001"}]}],"library":["http://fhir.org/guides/who/smart-immunization/Library/IMMZDT04"],"action":[{"title":"Immunize Patient for DTP - No Doses","description":"Provide DTP immunization 1st dose – using the \"DTP vaccine immunization – NO PREVIOUS\" schedule (3 dose scheme) if the patient is the older 6 weeks of age","condition":[{"kind":"applicability","expression":{"description":"\"DTP vaccine immunization history\" = \"No-doses\"","language":"text/cql","expression":"Should vaccinate patient with DTP 1st dose"}},{"kind":"applicability","expression":{"description":"\"Current Patient Age in Weeks\" >= 6","language":"text/cql","expression":"Should vaccinate patient with DTP 1st dose"}}],"definitionCanonical":"http://fhir.org/guides/who/smart-immunization/ActivityDefinition/IMMZ.DT.04.DTP.01"},{"title":"Immunize Patient for DTP - 1 Dose","description":"Provide DTP immunization 2nd dose – using the \"DTP vaccine immunization – 3 dose scheme\" if the patient is  4-8 weeks after their first dose","condition":[{"kind":"applicability","expression":{"description":"\"DTP vaccine immunization history\" = \"1 dose\"","language":"text/cql","expression":"Should vaccinate patient for DTP with 2nd dose"}},{"kind":"applicability","expression":{"description":"\"Date last DTP dose given\" >= \"4 weeks\"","language":"text/cql","expression":"Should vaccinate patient for DTP with 2nd dose"}}],"definitionCanonical":"http://fhir.org/guides/who/smart-immunization/ActivityDefinition/IMMZ.DT.04.DTP.02"},{"title":"Immunize Patient for DTP - 2 Doses","description":"Provide DTP immunizations – using the \"DTP vaccine immunization – 3 dose scheme, provide the 3rd dose\" if the patient is  4-8 weeks after their first dose","condition":[{"kind":"applicability","expression":{"description":"\"DTP vaccine immunization history\" = \"2 doses\"","language":"text/cql","expression":"Should vaccinate patient for DTP with 3rd dose"}},{"kind":"applicability","expression":{"description":"\"Date last DTP dose given\" >= \"4 weeks\"","language":"text/cql","expression":"Should vaccinate patient for DTP with 3rd dose"}}],"definitionCanonical":"http://fhir.org/guides/who/smart-immunization/ActivityDefinition/IMMZ.DT.04.DTP.03"},{"title":"Immunize Patient for DTP - Booster 1","description":"Provide booster at 12-23 months (DTP-containing vaccine) if patient has completed primary 3 dose scheme","condition":[{"kind":"applicability","expression":{"description":"\"DTP vaccine immunization history\" = \"3 doses\"","language":"text/cql","expression":"Should vaccinate patient for DTP with 1st booster"}},{"kind":"applicability","expression":{"description":"\"Current Patient Age in Months\" >= 12","language":"text/cql","expression":"Should vaccinate patient for DTP with 1st booster"}}],"definitionCanonical":"http://fhir.org/guides/who/smart-immunization/ActivityDefinition/IMMZ.DT.04.DTP.05"},{"title":"Immunize Patient for DTP - Booster 2","description":"Provide booster at 4-7 years (Td/DT containing vaccine)  if patient has completed primary 3 dose scheme and 1 booster","condition":[{"kind":"applicability","expression":{"description":"\"DTP vaccine immunization history\" = \"4 doses\"","language":"text/cql","expression":"Should vaccinate patient for DTP with 2nd booster"}},{"kind":"applicability","expression":{"description":"\"Current Patient Age in Years\" >= 4","language":"text/cql","expression":"Should vaccinate patient for DTP with 2nd booster"}}],"definitionCanonical":"http://fhir.org/guides/who/smart-immunization/ActivityDefinition/IMMZ.DT.04.DTP.06"},{"title":"Immunize Patient for DTP - Booster 3","description":"Provide booster at 9-15 years (Td containing vaccine), if >7 years use only aP containing vaccine - if patient has completed primary 3 dose scheme and 2 boosters","condition":[{"kind":"applicability","expression":{"description":"\"DTP vaccine immunization history\" = \"5 doses\"","language":"text/cql","expression":"Should vaccinate patient for DTP with 3rd booster"}},{"kind":"applicability","expression":{"description":"\"Current Patient Age in Years\" >= 9","language":"text/cql","expression":"Should vaccinate patient for DTP with 3rd booster"}}],"definitionCanonical":"http://fhir.org/guides/who/smart-immunization/ActivityDefinition/IMMZ.DT.04.DTP.07"},{"title":"Immunize Patient for DTP - No Doses at 15 years or older","description":"Provide DTP immunization 1st dose – using the \"DTP vaccine immunization – NO PREVIOUS\" schedule (5 dose scheme) if the patient is 15 years of age or more","condition":[{"kind":"applicability","expression":{"description":"\"DTP vaccine immunization history\" = \"No-doses\"","language":"text/cql","expression":"Should vaccinate patient with DTP 1st dose"}},{"kind":"applicability","expression":{"description":"\"Current Patient Age in Years\" >= 15","language":"text/cql","expression":"Should vaccinate patient with DTP 1st dose"}}],"definitionCanonical":"http://fhir.org/guides/who/smart-immunization/ActivityDefinition/IMMZ.DT.04.DTP.08"},{"title":"Immunize Patient for DTP - 1 Dose at 15 years or older","description":"Provide DTP immunization 2nd dose – using the \"DTP vaccine immunization – 1 PREVIOUS\" schedule (5 dose scheme) if the patient is 15 years of age or more and is 4-8 weeks after their first dose","condition":[{"kind":"applicability","expression":{"description":"\"DTP vaccine immunization history\" = \"1 dose\"","language":"text/cql","expression":"Should vaccinate patient for DTP with 2nd dose"}},{"kind":"applicability","expression":{"description":"\"Current Patient Age in Years\" >= 15","language":"text/cql","expression":"Should vaccinate patient for DTP with 2nd dose"}},{"kind":"applicability","expression":{"description":"\"Date last DTP dose given\" >= \"4 weeks\"","language":"text/cql","expression":"Should vaccinate patient for DTP with 2nd dose"}},{"kind":"applicability","expression":{"description":"\"Date last DTP dose given\" <= \"8 weeks\"","language":"text/cql","expression":"Should vaccinate patient for DTP with 2nd dose"}}],"definitionCanonical":"http://fhir.org/guides/who/smart-immunization/ActivityDefinition/IMMZ.DT.04.DTP.09"},{"title":"Immunize Patient for DTP - 2 Doses at 15 years or older","description":"Provide DTP immunization 3rd dose – using the \"DTP vaccine immunization – 2 PREVIOUS\" schedule (5 dose scheme) if the patient is 15 years of age or more and is 4-8 weeks after their second dose","condition":[{"kind":"applicability","expression":{"description":"\"DTP vaccine immunization history\" = \"2 doses\"","language":"text/cql","expression":"Should vaccinate patient for DTP with 3rd dose"}},{"kind":"applicability","expression":{"description":"\"Current Patient Age in Years\" >= 15","language":"text/cql","expression":"Should vaccinate patient for DTP with 3rd dose"}},{"kind":"applicability","expression":{"description":"\"Date last DTP dose given\" >= \"4 weeks\"","language":"text/cql","expression":"Should vaccinate patient for DTP with 3rd dose"}},{"kind":"applicability","expression":{"description":"\"Date last DTP dose given\" <= \"8 weeks\"","language":"text/cql","expression":"Should vaccinate patient for DTP with 3rd dose"}}],"definitionCanonical":"http://fhir.org/guides/who/smart-immunization/ActivityDefinition/IMMZ.DT.04.DTP.10"},{"title":"Immunize Patient for DTP - 3 Doses at 15 years or older","description":"Provide DTP immunization 4th dose – using the \"DTP vaccine immunization – 3 PREVIOUS\" schedule (5 dose scheme) if the patient is 15 years of age or more and is 4-8 weeks after their second dose","condition":[{"kind":"applicability","expression":{"description":"\"DTP vaccine immunization history\" = \"3 doses\"","language":"text/cql","expression":"Should vaccinate patient for DTP with 4th dose"}},{"kind":"applicability","expression":{"description":"\"Current Patient Age in Years\" >= 15","language":"text/cql","expression":"Should vaccinate patient for DTP with 4th dose"}},{"kind":"applicability","expression":{"description":"\"Date last DTP dose given\" >= \"4 weeks\"","language":"text/cql","expression":"Should vaccinate patient for DTP with 4th dose"}},{"kind":"applicability","expression":{"description":"\"Date last DTP dose given\" <= \"8 weeks\"","language":"text/cql","expression":"Should vaccinate patient for DTP with 4th dose"}}],"definitionCanonical":"http://fhir.org/guides/who/smart-immunization/ActivityDefinition/IMMZ.DT.04.DTP.11"},{"title":"Immunize Patient for DTP - 4 Doses at 15 years or older","description":"Provide DTP immunization 5th dose – using the \"DTP vaccine immunization – 4 PREVIOUS\" schedule (5 dose scheme) if the patient is 15 years of age or more and is 4-8 weeks after their second dose","condition":[{"kind":"applicability","expression":{"description":"\"DTP vaccine immunization history\" = \"4 doses\"","language":"text/cql","expression":"Should vaccinate patient for DTP with 5th dose"}},{"kind":"applicability","expression":{"description":"\"Current Patient Age in Years\" >= 15","language":"text/cql","expression":"Should vaccinate patient for DTP with 5th dose"}},{"kind":"applicability","expression":{"description":"\"Date last DTP dose given\" >= \"4 weeks\"","language":"text/cql","expression":"Should vaccinate patient for DTP with 5th dose"}},{"kind":"applicability","expression":{"description":"\"Date last DTP dose given\" <= \"8 weeks\"","language":"text/cql","expression":"Should vaccinate patient for DTP with 5th dose"}}],"definitionCanonical":"http://fhir.org/guides/who/smart-immunization/ActivityDefinition/IMMZ.DT.04.DTP.12"}]}