{"resourceType":"PlanDefinition","id":"IMMZ.DT.03.Polio","url":"http://fhir.org/guides/who/smart-immunization/PlanDefinition/IMMZ.DT.03.Polio","version":"0.1.0","name":"IMMZ.DT.03.Polio","title":"IMMZ.DT.03.Polio","status":"draft","date":"2023-03-31T14:40:29+00:00","publisher":"World Health Organization (WHO)","description":"If child or person has not been vaccinated, give Polio vaccine","jurisdiction":[{"coding":[{"system":"http://unstats.un.org/unsd/methods/m49/m49.htm","code":"001"}]}],"library":["http://fhir.org/guides/who/smart-immunization/Library/IMMZDT03"],"action":[{"title":"Immunize Patient for Polio (bOPV) - No Doses at birth (polio-endemic country and high risk of spread)","description":"Provide birth dose Polio (bOPV) vaccination – using the zero dose recommendation at birth (until 2 weeks old) due to patient being in a polio-endemic country with high risk of spread. Patient will continue the \"bOPV-IPV-bOPV-IPV-bOPV\" schedule (5 doses scheme)","condition":[{"kind":"applicability","expression":{"description":"\"Polio (IPV) vaccine immunization history\" = \"No-doses\"","language":"text/cql","expression":"Should vaccinate patient for Polio (bOPV) because no doses at birth (up to 2 weeks old) and patient is in a polio-endemic country with high risk of spread"}},{"kind":"applicability","expression":{"description":"\"Polio (bOPV) vaccine immunization history\" = \"No-doses\"","language":"text/cql","expression":"Should vaccinate patient for Polio (bOPV) because no doses at birth (up to 2 weeks old) and patient is in a polio-endemic country with high risk of spread"}},{"kind":"applicability","expression":{"description":"\"Current Patient Age in Weeks\" < 2","language":"text/cql","expression":"Should vaccinate patient for Polio (bOPV) because no doses at birth (up to 2 weeks old) and patient is in a polio-endemic country with high risk of spread"}},{"kind":"applicability","expression":{"description":"\"Combined bOPV and IPV Schedule\" = TRUE","language":"text/cql","expression":"Should vaccinate patient for Polio (bOPV) because no doses at birth (up to 2 weeks old) and patient is in a polio-endemic country with high risk of spread"}},{"kind":"applicability","expression":{"description":"\"Polio-endemic country with high risk of spread\" = TRUE","language":"text/cql","expression":"Should vaccinate patient for Polio (bOPV) because no doses at birth (up to 2 weeks old) and patient is in a polio-endemic country with high risk of spread"}}],"definitionCanonical":"http://fhir.org/guides/who/smart-immunization/ActivityDefinition/IMMZ.DT.03.Polio.01"},{"title":"Immunize Patient for Polio (bOPV) - No Doses at 6 weeks old","description":"Provide 1st dose Polio (bOPV) vaccination – using the \"bOPV-IPV-bOPV-IPV-bOPV\" schedule (5 doses scheme)","condition":[{"kind":"applicability","expression":{"description":"\"Polio (bOPV) vaccine immunization history\" = \"No-doses\"","language":"text/cql","expression":"Should vaccinate patient for Polio (bOPV) because no doses at 6 weeks old"}},{"kind":"applicability","expression":{"description":"\"Current Patient Age in Weeks\" >= 6","language":"text/cql","expression":"Should vaccinate patient for Polio (bOPV) because no doses at 6 weeks old"}},{"kind":"applicability","expression":{"description":"\"Combined bOPV and IPV Schedule\" = TRUE","language":"text/cql","expression":"Should vaccinate patient for Polio (bOPV) because no doses at 6 weeks old"}}],"definitionCanonical":"http://fhir.org/guides/who/smart-immunization/ActivityDefinition/IMMZ.DT.03.Polio.02"},{"title":"Immunize Patient for Polio (IPV) - No Doses at 14 weeks old","description":"Provide 1st dose Polio (IPV) vaccination – using the \"bOPV-IPV-bOPV-IPV-bOPV\" schedule (5 doses scheme)","condition":[{"kind":"applicability","expression":{"description":"\"Polio (IPV) vaccine immunization history\" = \"No-doses\"","language":"text/cql","expression":"Should vaccinate patient for Polio (IPV) because no doses at 14 weeks old"}},{"kind":"applicability","expression":{"description":"\"Current Patient Age in Weeks\" >= 14","language":"text/cql","expression":"Should vaccinate patient for Polio (IPV) because no doses at 14 weeks old"}},{"kind":"applicability","expression":{"description":"\"Combined bOPV and IPV Schedule\" = TRUE","language":"text/cql","expression":"Should vaccinate patient for Polio (IPV) because no doses at 14 weeks old"}}],"definitionCanonical":"http://fhir.org/guides/who/smart-immunization/ActivityDefinition/IMMZ.DT.03.Polio.03"},{"title":"Immunize Patient for Polio (bOPV) - 1 Dose given 4 weeks ago","description":"Provide 2nd dose Polio (bOPV) vaccination – using the \"bOPV-IPV-bOPV-IPV-bOPV\" schedule (5 doses scheme)","condition":[{"kind":"applicability","expression":{"description":"\"Polio (bOPV) vaccine immunization history\" = \"1 dose\"","language":"text/cql","expression":"Should vaccinate patient for Polio (bOPV) because 1 dose bOPV given 4 weeks ago"}},{"kind":"applicability","expression":{"description":"\"Date last bOPV dose given\" >= \"4 weeks\"","language":"text/cql","expression":"Should vaccinate patient for Polio (bOPV) because 1 dose bOPV given 4 weeks ago"}},{"kind":"applicability","expression":{"description":"\"Combined bOPV and IPV Schedule\" = TRUE","language":"text/cql","expression":"Should vaccinate patient for Polio (bOPV) because 1 dose bOPV given 4 weeks ago"}}],"definitionCanonical":"http://fhir.org/guides/who/smart-immunization/ActivityDefinition/IMMZ.DT.03.Polio.04"},{"title":"Immunize Patient for Polio (IPV) - 1 Dose given at least 4 months ago","description":"Provide 2nd dose Polio (IPV) vaccination – using the \"bOPV-IPV-bOPV-IPV-bOPV\" schedule (5 doses scheme)","condition":[{"kind":"applicability","expression":{"description":"\"Polio (IPV) vaccine immunization history\" = \"1 dose\"","language":"text/cql","expression":"Should vaccinate patient for Polio (IPV) because 1 dose IPV given at least 4 months ago"}},{"kind":"applicability","expression":{"description":"\"Date last IPV dose given\" >= \"4 months\"","language":"text/cql","expression":"Should vaccinate patient for Polio (IPV) because 1 dose IPV given at least 4 months ago"}},{"kind":"applicability","expression":{"description":"\"Combined bOPV and IPV Schedule\" = TRUE","language":"text/cql","expression":"Should vaccinate patient for Polio (IPV) because 1 dose IPV given at least 4 months ago"}}],"definitionCanonical":"http://fhir.org/guides/who/smart-immunization/ActivityDefinition/IMMZ.DT.03.Polio.05"},{"title":"Immunize Patient for Polio (bOPV) - 2 Doses given 4 weeks ago","description":"Provide 3rd dose Polio (bOPV) vaccination – using the \"bOPV-IPV-bOPV-IPV-bOPV\" schedule (5 doses scheme)","condition":[{"kind":"applicability","expression":{"description":"\"Polio (bOPV) vaccine immunization history\" = \"2 doses\"","language":"text/cql","expression":"Should vaccinate patient for Polio (bOPV) because 2nd dose bOPV given 4 weeks ago"}},{"kind":"applicability","expression":{"description":"\"Date last bOPV dose given\" >= \"4 weeks\"","language":"text/cql","expression":"Should vaccinate patient for Polio (bOPV) because 2nd dose bOPV given 4 weeks ago"}},{"kind":"applicability","expression":{"description":"\"Combined bOPV and IPV Schedule\" = TRUE","language":"text/cql","expression":"Should vaccinate patient for Polio (bOPV) because 2nd dose bOPV given 4 weeks ago"}}],"definitionCanonical":"http://fhir.org/guides/who/smart-immunization/ActivityDefinition/IMMZ.DT.03.Polio.06"},{"title":"Immunize Patient for Polio (IPV) - No Doses at 8 weeks old","description":"Provide 1st dose Polio (IPV) vaccination – using the \"IPV-bOPV-bOPV\" schedule (3 doses scheme)","condition":[{"kind":"applicability","expression":{"description":"\"Polio (IPV) vaccine immunization history\" = \"No-doses\"","language":"text/cql","expression":"Should vaccinate patient for Polio (IPV) because no doses at 8 weeks old"}},{"kind":"applicability","expression":{"description":"\"Current Patient Age in Weeks\" >= 8","language":"text/cql","expression":"Should vaccinate patient for Polio (IPV) because no doses at 8 weeks old"}},{"kind":"applicability","expression":{"description":"\"Sequential IPV-OPV Schedule\" = TRUE","language":"text/cql","expression":"Should vaccinate patient for Polio (IPV) because no doses at 8 weeks old"}}],"definitionCanonical":"http://fhir.org/guides/who/smart-immunization/ActivityDefinition/IMMZ.DT.03.Polio.07"},{"title":"Immunize Patient for Polio (IPV) - 1st Dose given 4-8 weeks ago (High risk of exposure scenario)","description":"Provide 1st dose Polio (bOPV) vaccination – using the \"IPV-bOPV-bOPV\" schedule (3 doses scheme)","condition":[{"kind":"applicability","expression":{"description":"\"Polio (IPV) vaccine immunization history\" = \"1 dose\"","language":"text/cql","expression":"Should vaccinate patient for Polio (bOPV) because 1st dose IPV given 4-8 weeks ago"}},{"kind":"applicability","expression":{"description":"\"Date last IPV dose given\" >= \"4 weeks\"","language":"text/cql","expression":"Should vaccinate patient for Polio (bOPV) because 1st dose IPV given 4-8 weeks ago"}},{"kind":"applicability","expression":{"description":"\"Date last IPV dose given\" <= \"8 weeks\"","language":"text/cql","expression":"Should vaccinate patient for Polio (bOPV) because 1st dose IPV given 4-8 weeks ago"}},{"kind":"applicability","expression":{"description":"\"Sequential IPV-OPV Schedule\" = TRUE","language":"text/cql","expression":"Should vaccinate patient for Polio (bOPV) because 1st dose IPV given 4-8 weeks ago"}}],"definitionCanonical":"http://fhir.org/guides/who/smart-immunization/ActivityDefinition/IMMZ.DT.03.Polio.08"},{"title":"Immunize Patient for Polio (IPV) - 1st Dose given 4-8 weeks ago (High risk of exposure scenario)","description":"Provide 2nd dose Polio (IPV) vaccination – using the \"IPV-IPV-bOPV-bOPV\" schedule (4 doses scheme)","condition":[{"kind":"applicability","expression":{"description":"\"Polio (IPV) vaccine immunization history\" = \"1 dose\"","language":"text/cql","expression":"Should vaccinate patient for Polio (IPV) because 1st dose IPV given 4-8 weeks ago (High risk of exposure scenario)"}},{"kind":"applicability","expression":{"description":"\"Date last IPV dose given\" >= \"4 weeks\"","language":"text/cql","expression":"Should vaccinate patient for Polio (IPV) because 1st dose IPV given 4-8 weeks ago (High risk of exposure scenario)"}},{"kind":"applicability","expression":{"description":"\"Date last IPV dose given\" <= \"8 weeks\"","language":"text/cql","expression":"Should vaccinate patient for Polio (IPV) because 1st dose IPV given 4-8 weeks ago (High risk of exposure scenario)"}},{"kind":"applicability","expression":{"description":"\"Sequential IPV-OPV Schedule\" = TRUE","language":"text/cql","expression":"Should vaccinate patient for Polio (IPV) because 1st dose IPV given 4-8 weeks ago (High risk of exposure scenario)"}},{"kind":"applicability","expression":{"description":"\"Country has a high risk of exposure to polio\" = TRUE","language":"text/cql","expression":"Should vaccinate patient for Polio (IPV) because 1st dose IPV given 4-8 weeks ago (High risk of exposure scenario)"}}],"definitionCanonical":"http://fhir.org/guides/who/smart-immunization/ActivityDefinition/IMMZ.DT.03.Polio.09"},{"title":"Immunize Patient for Polio (bOPV) - 1st Dose (Second dose in 3-dose schedule) given 4-8 weeks ago","description":"Provide 2nd dose Polio (bOPV) vaccination – using the \"IPV-bOPV-bOPV\" schedule (3 doses scheme)","condition":[{"kind":"applicability","expression":{"description":"\"Polio (bOPV) vaccine immunization history\" = \"1 dose\"","language":"text/cql","expression":"Should vaccinate patient for Polio (bOPV) because 1st dose bOPV (Second dose in 3-dose schedule) given 4-8 weeks ago"}},{"kind":"applicability","expression":{"description":"\"Date last bOPV dose given\" >= \"4 weeks\"","language":"text/cql","expression":"Should vaccinate patient for Polio (bOPV) because 1st dose bOPV (Second dose in 3-dose schedule) given 4-8 weeks ago"}},{"kind":"applicability","expression":{"description":"\"Date last bOPV dose given\" <= \"8 weeks\"","language":"text/cql","expression":"Should vaccinate patient for Polio (bOPV) because 1st dose bOPV (Second dose in 3-dose schedule) given 4-8 weeks ago"}},{"kind":"applicability","expression":{"description":"\"Sequential IPV-OPV Schedule\" = TRUE","language":"text/cql","expression":"Should vaccinate patient for Polio (bOPV) because 1st dose bOPV (Second dose in 3-dose schedule) given 4-8 weeks ago"}}],"definitionCanonical":"http://fhir.org/guides/who/smart-immunization/ActivityDefinition/IMMZ.DT.03.Polio.10"},{"title":"Immunize Patient for Polio (IPV) - 2nd Dose given 4-8 weeks ago (High risk of exposure scenario)","description":"Provide 3rd dose Polio (bOPV) vaccination – using the \"IPV-IPV-bOPV-bOPV\" schedule (4 doses scheme)","condition":[{"kind":"applicability","expression":{"description":"\"Polio (IPV) vaccine immunization history\" = \"2 doses\"","language":"text/cql","expression":"Should vaccinate patient for Polio (bOPV) because 2nd dose IPV given 4-8 weeks ago (High risk of exposure scenario)"}},{"kind":"applicability","expression":{"description":"\"Date last IPV dose given\" >= \"4 weeks\"","language":"text/cql","expression":"Should vaccinate patient for Polio (bOPV) because 2nd dose IPV given 4-8 weeks ago (High risk of exposure scenario)"}},{"kind":"applicability","expression":{"description":"\"Date last IPV dose given\" <= \"8 weeks\"","language":"text/cql","expression":"Should vaccinate patient for Polio (bOPV) because 2nd dose IPV given 4-8 weeks ago (High risk of exposure scenario)"}},{"kind":"applicability","expression":{"description":"\"Sequential IPV-OPV Schedule\" = TRUE","language":"text/cql","expression":"Should vaccinate patient for Polio (bOPV) because 2nd dose IPV given 4-8 weeks ago (High risk of exposure scenario)"}},{"kind":"applicability","expression":{"description":"\"Country has a high risk of exposure to polio\" = TRUE","language":"text/cql","expression":"Should vaccinate patient for Polio (bOPV) because 2nd dose IPV given 4-8 weeks ago (High risk of exposure scenario)"}}],"definitionCanonical":"http://fhir.org/guides/who/smart-immunization/ActivityDefinition/IMMZ.DT.03.Polio.11"},{"title":"Immunize Patient for Polio (bOPV) - 1st Dose (Third dose in 4-dose schedule) given 4-8 weeks ago","description":"Provide 4th dose Polio (bOPV) vaccination – using the \"IPV-IPV-bOPV-bOPV\" schedule (4 doses scheme)","condition":[{"kind":"applicability","expression":{"description":"\"Polio (bOPV) vaccine immunization history\" = \"1 dose\"","language":"text/cql","expression":"Should vaccinate patient for Polio (bOPV) because 1st dose bOPV (Third dose in 4-dose schedule) given 4-8 weeks ago"}},{"kind":"applicability","expression":{"description":"\"Polio (IPV) vaccine immunization history\" = \"2 doses\"","language":"text/cql","expression":"Should vaccinate patient for Polio (bOPV) because 1st dose bOPV (Third dose in 4-dose schedule) given 4-8 weeks ago"}},{"kind":"applicability","expression":{"description":"\"Date last bOPV dose given\" >= \"4 weeks\"","language":"text/cql","expression":"Should vaccinate patient for Polio (bOPV) because 1st dose bOPV (Third dose in 4-dose schedule) given 4-8 weeks ago"}},{"kind":"applicability","expression":{"description":"\"Date last bOPV dose given\" <= \"8 weeks\"","language":"text/cql","expression":"Should vaccinate patient for Polio (bOPV) because 1st dose bOPV (Third dose in 4-dose schedule) given 4-8 weeks ago"}},{"kind":"applicability","expression":{"description":"\"Sequential IPV-OPV Schedule\" = TRUE","language":"text/cql","expression":"Should vaccinate patient for Polio (bOPV) because 1st dose bOPV (Third dose in 4-dose schedule) given 4-8 weeks ago"}},{"kind":"applicability","expression":{"description":"\"Country has a high risk of exposure to polio\" = TRUE","language":"text/cql","expression":"Should vaccinate patient for Polio (bOPV) because 1st dose bOPV (Third dose in 4-dose schedule) given 4-8 weeks ago"}}],"definitionCanonical":"http://fhir.org/guides/who/smart-immunization/ActivityDefinition/IMMZ.DT.03.Polio.12"},{"title":"Immunize Patient for Polio - No Doses","description":"Provide 1st dose Polio (IPV) vaccination – using the \"IPV Only\" schedule","condition":[{"kind":"applicability","expression":{"description":"\"Polio (IPV) vaccine immunization history\" = \"No-doses\"","language":"text/cql","expression":"Should vaccinate patient with IPV 1st dose"}},{"kind":"applicability","expression":{"description":"\"Current Patient Age in Weeks\" <= 8","language":"text/cql","expression":"Should vaccinate patient with IPV 1st dose"}},{"kind":"applicability","expression":{"description":"\"High Coverage of Polio and Risk of Wild Importation\" = TRUE","language":"text/cql","expression":"Should vaccinate patient with IPV 1st dose"}}],"definitionCanonical":"http://fhir.org/guides/who/smart-immunization/ActivityDefinition/IMMZ.DT.03.Polio.13"},{"title":"Immunize Patient for Polio - 2nd dose","description":"Provide 2nd dose Polio (IPV) vaccination - using the \"IPV Only\" schedule - minimum of 4 weeks after previous dose","condition":[{"kind":"applicability","expression":{"description":"\"Polio (IPV) vaccine immunization history\" = \"1 dose\"","language":"text/cql","expression":"Should vaccinate patient with IPV 2nd dose"}},{"kind":"applicability","expression":{"description":"\"High Coverage of Polio and Risk of Wild Importation\" = TRUE","language":"text/cql","expression":"Should vaccinate patient with IPV 2nd dose"}},{"kind":"applicability","expression":{"description":"\"Date last IPV dose given\" >= \"4 weeks\"","language":"text/cql","expression":"Should vaccinate patient with IPV 2nd dose"}},{"kind":"applicability","expression":{"description":"\"Date last IPV dose given\" <= \"8 weeks\"","language":"text/cql","expression":"Should vaccinate patient with IPV 2nd dose"}}],"definitionCanonical":"http://fhir.org/guides/who/smart-immunization/ActivityDefinition/IMMZ.DT.03.Polio.14"},{"title":"Immunize Patient for Polio - 3rd dose","description":"Provide 3rd dose Polio (IPV) vaccination - using the \"IPV Only\" schedule - minimum of 4 weeks after previous dose","condition":[{"kind":"applicability","expression":{"description":"\"Polio (IPV) vaccine immunization history\" = \"2 doses\"","language":"text/cql","expression":"Should vaccinate patient with IPV 3rd dose"}},{"kind":"applicability","expression":{"description":"\"High Coverage of Polio and Risk of Wild Importation\" = TRUE","language":"text/cql","expression":"Should vaccinate patient with IPV 3rd dose"}},{"kind":"applicability","expression":{"description":"\"Date last IPV dose given\" >= \"4 weeks\"","language":"text/cql","expression":"Should vaccinate patient with IPV 3rd dose"}},{"kind":"applicability","expression":{"description":"\"Date last IPV dose given\" <= \"8 weeks\"","language":"text/cql","expression":"Should vaccinate patient with IPV 3rd dose"}}],"definitionCanonical":"http://fhir.org/guides/who/smart-immunization/ActivityDefinition/IMMZ.DT.03.Polio.15"},{"title":"Immunize Patient for Polio - 4th dose (booster)","description":"Provide 4th dose Polio (IPV) vaccination - using the \"IPV Only\" schedule - minimum of 4 weeks after previous dose","condition":[{"kind":"applicability","expression":{"description":"\"Polio (IPV) vaccine immunization history\" = \"3 doses\"","language":"text/cql","expression":"Should vaccinate patient with IPV 4th dose (booster)"}},{"kind":"applicability","expression":{"description":"\"Age when 1st IPV dose was given\" < \"8 weeks\"","language":"text/cql","expression":"Should vaccinate patient with IPV 4th dose (booster)"}},{"kind":"applicability","expression":{"description":"\"Current Patient Age in Months\" >= 6","language":"text/cql","expression":"Should vaccinate patient with IPV 4th dose (booster)"}},{"kind":"applicability","expression":{"description":"\"High Coverage of Polio and Risk of Wild Importation\" = TRUE","language":"text/cql","expression":"Should vaccinate patient with IPV 4th dose (booster)"}}],"definitionCanonical":"http://fhir.org/guides/who/smart-immunization/ActivityDefinition/IMMZ.DT.03.Polio.16"}]}