{"resourceType":"PlanDefinition","id":"IMMZ.DT.14.Typhoid","url":"http://fhir.org/guides/who/smart-immunization/PlanDefinition/IMMZ.DT.14.Typhoid","version":"0.1.0","name":"IMMZ.DT.14.Typhoid","title":"IMMZ.DT.14.Typhoid","status":"draft","date":"2023-03-31T14:40:29+00:00","publisher":"World Health Organization (WHO)","description":"If child or person has not been vaccinated, give the Typhoid vaccine between age 6 months - 45 years old","jurisdiction":[{"coding":[{"system":"http://unstats.un.org/unsd/methods/m49/m49.htm","code":"001"}]}],"library":["http://fhir.org/guides/who/smart-immunization/Library/IMMZDT14"],"action":[{"title":"Immunize Patient for Typhoid -  No doses","description":"Provide Typhoid immunizations – using the \"TCV vaccine immunization – NO PREVIOUS\" schedule (1 dose scheme)","condition":[{"kind":"applicability","expression":{"description":"\"Typhoid vaccine immunization history\" = \"No-doses\"","language":"text/cql","expression":"Should vaccinate patient with TCV vaccine on a 1 dose scheme"}},{"kind":"applicability","expression":{"description":"\"Current Patient Age in Months\" >= 6","language":"text/cql","expression":"Should vaccinate patient with TCV vaccine on a 1 dose scheme"}},{"kind":"applicability","expression":{"description":"\"Current Patient Age in Years\" <= 45","language":"text/cql","expression":"Should vaccinate patient with TCV vaccine on a 1 dose scheme"}},{"kind":"applicability","expression":{"description":"\"Region recommends Typhoid vaccination\" = TRUE","language":"text/cql","expression":"Should vaccinate patient with TCV vaccine on a 1 dose scheme"}},{"kind":"applicability","expression":{"description":"\"Country is administering the TCV vaccine\" = TRUE","language":"text/cql","expression":"Should vaccinate patient with TCV vaccine on a 1 dose scheme"}}],"definitionCanonical":"http://fhir.org/guides/who/smart-immunization/ActivityDefinition/IMMZ.DT.14.Typhoid.01"},{"title":"Immunize Patient for Typhoid - No Doses","description":"Provide Typhoid immunizations – using the \"ViPS vaccine immunization – NO PREVIOUS\" schedule (1 dose scheme)","condition":[{"kind":"applicability","expression":{"description":"\"Typhoid vaccine immunization history\" = \"No-doses\"","language":"text/cql","expression":"Should vaccinate patient with ViPS vaccine on a 1 dose scheme"}},{"kind":"applicability","expression":{"description":"\"Current Patient Age in Years\" >= 2","language":"text/cql","expression":"Should vaccinate patient with ViPS vaccine on a 1 dose scheme"}},{"kind":"applicability","expression":{"description":"\"Region recommends Typhoid vaccination\" = TRUE","language":"text/cql","expression":"Should vaccinate patient with ViPS vaccine on a 1 dose scheme"}},{"kind":"applicability","expression":{"description":"\"Country is administering the ViPS vaccine\" = TRUE","language":"text/cql","expression":"Should vaccinate patient with ViPS vaccine on a 1 dose scheme"}}],"definitionCanonical":"http://fhir.org/guides/who/smart-immunization/ActivityDefinition/IMMZ.DT.14.Typhoid.02"},{"title":"Immunize Patient for Typhoid - Last dose given 3 years ago","description":"Provide Typhoid revaccination – using the \"ViPS vaccine – Revaccination every 3 years\" schedule (1 dose scheme)","condition":[{"kind":"applicability","expression":{"description":"\"Patient has completed Typhoid primary series\" = TRUE","language":"text/cql","expression":"Should Re-vaccinate patient with ViPS vaccine on a 1 dose scheme"}},{"kind":"applicability","expression":{"description":"\"Date last Typhoid dose given\" >=  \"3 years\"","language":"text/cql","expression":"Should Re-vaccinate patient with ViPS vaccine on a 1 dose scheme"}},{"kind":"applicability","expression":{"description":"\"Type of last Typhoid dose\" = \"ViPS\"","language":"text/cql","expression":"Should Re-vaccinate patient with ViPS vaccine on a 1 dose scheme"}},{"kind":"applicability","expression":{"description":"\"Region recommends Typhoid vaccination\" = TRUE","language":"text/cql","expression":"Should Re-vaccinate patient with ViPS vaccine on a 1 dose scheme"}}],"definitionCanonical":"http://fhir.org/guides/who/smart-immunization/ActivityDefinition/IMMZ.DT.14.Typhoid.03"},{"title":"Immunize Patient for Typhoid - No Doses","description":"Provide Typhoid immunizations – using the \"Ty21a vaccine immunization – NO PREVIOUS\" schedule (3 dose scheme)","condition":[{"kind":"applicability","expression":{"description":"\"Typhoid vaccine immunization history\" = \"No-doses\"","language":"text/cql","expression":"Should vaccinate patient with Ty21a vaccine on a 3 dose scheme"}},{"kind":"applicability","expression":{"description":"\"Current Patient Age in Years\" > 6","language":"text/cql","expression":"Should vaccinate patient with Ty21a vaccine on a 3 dose scheme"}},{"kind":"applicability","expression":{"description":"\"Pregnancy Status\" = FALSE","language":"text/cql","expression":"Should vaccinate patient with Ty21a vaccine on a 3 dose scheme"}}],"definitionCanonical":"http://fhir.org/guides/who/smart-immunization/ActivityDefinition/IMMZ.DT.14.Typhoid.04"},{"title":"Immunize Patient for Typhoid -  1 dose","description":"Provide Typhoid immunizations – using the \"Ty21a vaccine immunization – 1 PREVIOUS\" schedule (3 dose scheme)","condition":[{"kind":"applicability","expression":{"description":"\"Typhoid vaccine immunization history\" = \"1 dose\"","language":"text/cql","expression":"Should vaccinate patient with Ty21a vaccine on a 3 dose scheme"}},{"kind":"applicability","expression":{"description":"\"Date last Typhoid dose given\" >  \"1 day\"","language":"text/cql","expression":"Should vaccinate patient with Ty21a vaccine on a 3 dose scheme"}},{"kind":"applicability","expression":{"description":"\"Date last Typhoid dose given\" <  \"21 days\"","language":"text/cql","expression":"Should vaccinate patient with Ty21a vaccine on a 3 dose scheme"}},{"kind":"applicability","expression":{"description":"\"Type of last Typhoid dose\" = \"Ty21a\"","language":"text/cql","expression":"Should vaccinate patient with Ty21a vaccine on a 3 dose scheme"}},{"kind":"applicability","expression":{"description":"\"Pregnancy Status\" = FALSE","language":"text/cql","expression":"Should vaccinate patient with Ty21a vaccine on a 3 dose scheme"}}],"definitionCanonical":"http://fhir.org/guides/who/smart-immunization/ActivityDefinition/IMMZ.DT.14.Typhoid.05"},{"title":"Immunize Patient for Typhoid -  2 doses","description":"Provide Typhoid immunizations – using the \"Ty21a vaccine immunization – 2 PREVIOUS\" schedule (3 dose scheme)","condition":[{"kind":"applicability","expression":{"description":"\"Typhoid vaccine immunization history\" = \"2 doses\"","language":"text/cql","expression":"Should vaccinate patient with Ty21a vaccine on a 3 dose scheme"}},{"kind":"applicability","expression":{"description":"\"Date last Typhoid dose given\" >  \"1 day\"","language":"text/cql","expression":"Should vaccinate patient with Ty21a vaccine on a 3 dose scheme"}},{"kind":"applicability","expression":{"description":"\"Date last Typhoid dose given\" <  \"21 days\"","language":"text/cql","expression":"Should vaccinate patient with Ty21a vaccine on a 3 dose scheme"}},{"kind":"applicability","expression":{"description":"\"Type of last Typhoid dose\" = \"Ty21a\"","language":"text/cql","expression":"Should vaccinate patient with Ty21a vaccine on a 3 dose scheme"}},{"kind":"applicability","expression":{"description":"\"Pregnancy Status\" = FALSE","language":"text/cql","expression":"Should vaccinate patient with Ty21a vaccine on a 3 dose scheme"}}],"definitionCanonical":"http://fhir.org/guides/who/smart-immunization/ActivityDefinition/IMMZ.DT.14.Typhoid.06"},{"title":"Immunize Patient for Typhoid - Interrupted series","description":"Provide Typhoid immunizations – using the \"Ty21a vaccine immunization – INTERRUPTED SERIES\" schedule (3 dose scheme)","condition":[{"kind":"applicability","expression":{"description":"\"Typhoid vaccine immunization history\" = \"1 dose\"","language":"text/cql","expression":"Should vaccinate patient with Ty21a vaccine - dose 1 (restart due to interrupted series)"}},{"kind":"applicability","expression":{"description":"\"Date last Typhoid dose given\" >=  \"21 days\"","language":"text/cql","expression":"Should vaccinate patient with Ty21a vaccine - dose 1 (restart due to interrupted series)"}},{"kind":"applicability","expression":{"description":"\"Type of last Typhoid dose\" = \"Ty21a\"","language":"text/cql","expression":"Should vaccinate patient with Ty21a vaccine - dose 1 (restart due to interrupted series)"}},{"kind":"applicability","expression":{"description":"\"Pregnancy Status\" = FALSE","language":"text/cql","expression":"Should vaccinate patient with Ty21a vaccine - dose 1 (restart due to interrupted series)"}}],"definitionCanonical":"http://fhir.org/guides/who/smart-immunization/ActivityDefinition/IMMZ.DT.14.Typhoid.07"},{"title":"Immunize Patient for Typhoid - Interrupted series","description":"Provide Typhoid immunizations – using the \"Ty21a vaccine immunization – INTERRUPTED SERIES\" schedule (3 dose scheme)","condition":[{"kind":"applicability","expression":{"description":"\"Typhoid vaccine immunization history\" = \"2 doses\"","language":"text/cql","expression":"Should vaccinate patient with Ty21a vaccine - dose 1 (restart due to interrupted series)"}},{"kind":"applicability","expression":{"description":"\"Date last Typhoid dose given\" >=  \"21 days\"","language":"text/cql","expression":"Should vaccinate patient with Ty21a vaccine - dose 1 (restart due to interrupted series)"}},{"kind":"applicability","expression":{"description":"\"Type of last Typhoid dose\" = \"Ty21a\"","language":"text/cql","expression":"Should vaccinate patient with Ty21a vaccine - dose 1 (restart due to interrupted series)"}},{"kind":"applicability","expression":{"description":"\"Pregnancy Status\" = FALSE","language":"text/cql","expression":"Should vaccinate patient with Ty21a vaccine - dose 1 (restart due to interrupted series)"}}],"definitionCanonical":"http://fhir.org/guides/who/smart-immunization/ActivityDefinition/IMMZ.DT.14.Typhoid.08"},{"title":"Immunize Patient for Typhoid - Last dose given 3 years ago","description":"Provide Typhoid revaccination – using the \"Ty21a vaccine – Revaccination every 3-7 years\" schedule (3 dose scheme)","condition":[{"kind":"applicability","expression":{"description":"\"Patient has completed Typhoid primary series\" = TRUE","language":"text/cql","expression":"Should Re-vaccinate patient with Ty21a vaccine on a 3 dose scheme"}},{"kind":"applicability","expression":{"description":"\"Date last Typhoid dose given\" >=  \"3 years\"","language":"text/cql","expression":"Should Re-vaccinate patient with Ty21a vaccine on a 3 dose scheme"}},{"kind":"applicability","expression":{"description":"\"Type of last Typhoid dose\" = \"Ty21a\"","language":"text/cql","expression":"Should Re-vaccinate patient with Ty21a vaccine on a 3 dose scheme"}},{"kind":"applicability","expression":{"description":"\"Region recommends Typhoid vaccination\" = TRUE","language":"text/cql","expression":"Should Re-vaccinate patient with Ty21a vaccine on a 3 dose scheme"}}],"definitionCanonical":"http://fhir.org/guides/who/smart-immunization/ActivityDefinition/IMMZ.DT.14.Typhoid.09"}]}