{"resourceType":"PlanDefinition","id":"IMMZ.DT.08.Measles","url":"http://fhir.org/guides/who/smart-immunization/PlanDefinition/IMMZ.DT.08.Measles","version":"0.1.0","name":"IMMZ.DT.08.Measles","title":"IMMZ.DT.08.Measles","status":"draft","date":"2023-03-31T14:40:29+00:00","publisher":"World Health Organization (WHO)","description":"If the child or patient has not been given MCV1 (at 9 months) and MCV2 (between 15-18 months) vaccination","jurisdiction":[{"coding":[{"system":"http://unstats.un.org/unsd/methods/m49/m49.htm","code":"001"}]}],"library":["http://fhir.org/guides/who/smart-immunization/Library/IMMZDT08"],"action":[{"title":"Immunize patient for Measles - No doses","description":"Provide measles immunization supplimentary dose - Using the \"MCV0 Vaccine immunization - NO Previous\" schedule (supplimentary dose zero)","condition":[{"kind":"applicability","expression":{"description":"\"Measles vaccine immunization history\" = \"No-doses\"","language":"text/cql","expression":"Should vaccinate patient for measles (supplimentary) because no doses"}},{"kind":"applicability","expression":{"description":"\"Current Patient Age in Months\" > 6","language":"text/cql","expression":"Should vaccinate patient for measles (supplimentary) because no doses"}},{"kind":"applicability","expression":{"description":"\"HIV Status\" = \"Positive\"","language":"text/cql","expression":"Should vaccinate patient for measles (supplimentary) because no doses"}},{"kind":"applicability","expression":{"description":"\"Current Patient Age in Months\" < 9","language":"text/cql","expression":"Should vaccinate patient for measles (supplimentary) because no doses"}},{"kind":"applicability","expression":{"description":"\"Patient is receiving HAART\" = FALSE","language":"text/cql","expression":"Should vaccinate patient for measles (supplimentary) because no doses"}}],"definitionCanonical":"http://fhir.org/guides/who/smart-immunization/ActivityDefinition/IMMZ.DT.08.Measles.01"},{"title":"Immunize patient for Measles - No doses","description":"Provide measles immunization 1st dose - Using the \"MCV1 Vaccine immunization - NO Previous\" schedule (2 doses scheme)","condition":[{"kind":"applicability","expression":{"description":"\"Measles vaccine immunization history\" = \"No-doses\"","language":"text/cql","expression":"Should vaccinate patient for measles because no doses in a 2 dose scheme"}},{"kind":"applicability","expression":{"description":"\"Current Patient Age in Months\" >= 9","language":"text/cql","expression":"Should vaccinate patient for measles because no doses in a 2 dose scheme"}},{"kind":"applicability","expression":{"description":"\"In a setting where there is high transmission of Measles\" = TRUE","language":"text/cql","expression":"Should vaccinate patient for measles because no doses in a 2 dose scheme"}},{"kind":"applicability","expression":{"description":"\"Pregnancy Status\" = FALSE","language":"text/cql","expression":"Should vaccinate patient for measles because no doses in a 2 dose scheme"}}],"definitionCanonical":"http://fhir.org/guides/who/smart-immunization/ActivityDefinition/IMMZ.DT.08.Measles.08"},{"title":"Immunize patient for Measles - 1 Dose","description":"Provide measles immunization 1st dose - Using the \"MCV2 Vaccine immunization - 1 Previous\" schedule (2 doses scheme)","condition":[{"kind":"applicability","expression":{"description":"\"Measles vaccine immunization history\" = \"1 dose\"","language":"text/cql","expression":"Should vaccinate patient for measles because 1 dose in a 2 dose scheme"}},{"kind":"applicability","expression":{"description":"\"Current Patient Age in Months\" >= 15","language":"text/cql","expression":"Should vaccinate patient for measles because 1 dose in a 2 dose scheme"}},{"kind":"applicability","expression":{"description":"\"Date last Measles dose given\" >= \"4 weeks\"","language":"text/cql","expression":"Should vaccinate patient for measles because 1 dose in a 2 dose scheme"}},{"kind":"applicability","expression":{"description":"\"Pregnancy Status\" = FALSE","language":"text/cql","expression":"Should vaccinate patient for measles because 1 dose in a 2 dose scheme"}}],"definitionCanonical":"http://fhir.org/guides/who/smart-immunization/ActivityDefinition/IMMZ.DT.08.Measles.10"},{"title":"Immunize patient for Measles supplimentary","description":"Provide measles immunization supplimentary dose - Using the \"MCV Vaccine immunization\" schedule (additional supplimentary dose)","condition":[{"kind":"applicability","expression":{"description":"\"HIV Status\" = \"Positive\"","language":"text/cql","expression":"Should vaccinate patient for measles supplimentary dose because HIV positive and started HAART"}},{"kind":"applicability","expression":{"description":"\"Patient is receiving HAART\" = TRUE","language":"text/cql","expression":"Should vaccinate patient for measles supplimentary dose because HIV positive and started HAART"}},{"kind":"applicability","expression":{"description":"\"Immune reconstitution was achieved\" = TRUE","language":"text/cql","expression":"Should vaccinate patient for measles supplimentary dose because HIV positive and started HAART"}},{"kind":"applicability","expression":{"description":"\"Pregnancy Status\" = FALSE","language":"text/cql","expression":"Should vaccinate patient for measles supplimentary dose because HIV positive and started HAART"}}],"definitionCanonical":"http://fhir.org/guides/who/smart-immunization/ActivityDefinition/IMMZ.DT.08.Measles.11"}]}