{"resourceType":"PlanDefinition","id":"IMMZ.DT.06.Pneumococcal","url":"http://fhir.org/guides/who/smart-immunization/PlanDefinition/IMMZ.DT.06.Pneumococcal","version":"0.1.0","name":"IMMZ.DT.06.Pneumococcal","title":"IMMZ.DT.06.Pneumococcal","status":"draft","date":"2023-03-31T14:40:29+00:00","publisher":"World Health Organization (WHO)","description":"If child or person has not been vaccinated, give Pneumococcal vaccine minimum age 6 weeks old","jurisdiction":[{"coding":[{"system":"http://unstats.un.org/unsd/methods/m49/m49.htm","code":"001"}]}],"library":["http://fhir.org/guides/who/smart-immunization/Library/IMMZDT06"],"action":[{"title":"Immunize Patient for Pneumococcal - No Doses","description":"Provide Pneumococcal immunizations – using the \"PCV immunization 2p+1 schedule – NO PREVIOUS\" schedule (2 dose scheme)","condition":[{"kind":"applicability","expression":{"description":"\"Pneumococcal vaccine immunization history\" = \"No-doses\"","language":"text/cql","expression":"Should vaccinate patient for Pneumococcal because no doses in a 2 dose scheme"}},{"kind":"applicability","expression":{"description":"\"Current Patient Age in Weeks\" >= 6","language":"text/cql","expression":"Should vaccinate patient for Pneumococcal because no doses in a 2 dose scheme"}},{"kind":"applicability","expression":{"description":"\"Country is following a 2 dose scheme\" = TRUE","language":"text/cql","expression":"Should vaccinate patient for Pneumococcal because no doses in a 2 dose scheme"}}],"definitionCanonical":"http://fhir.org/guides/who/smart-immunization/ActivityDefinition/IMMZ.DT.06.Pneumococcal.01"},{"title":"Immunize Patient for Pneumococcal - 1 Dose","description":"Provide Pneumococcal immunizations – using the \"PCV immunization 2p+1 schedule – 1 PREVIOUS\" schedule (2 dose scheme)","condition":[{"kind":"applicability","expression":{"description":"\"Pneumococcal vaccine immunization history\" = \"1 dose\"","language":"text/cql","expression":"Should vaccinate patient for Pneumococcal because 1 dose in a 2 dose scheme"}},{"kind":"applicability","expression":{"description":"\"Date last Pneumococcal dose given\" >= \"8 weeks\"","language":"text/cql","expression":"Should vaccinate patient for Pneumococcal because 1 dose in a 2 dose scheme"}},{"kind":"applicability","expression":{"description":"\"Current Patient Age in Weeks\" >= 6","language":"text/cql","expression":"Should vaccinate patient for Pneumococcal because 1 dose in a 2 dose scheme"}},{"kind":"applicability","expression":{"description":"\"Country is using a 2 dose scheme\" = TRUE","language":"text/cql","expression":"Should vaccinate patient for Pneumococcal because 1 dose in a 2 dose scheme"}}],"definitionCanonical":"http://fhir.org/guides/who/smart-immunization/ActivityDefinition/IMMZ.DT.06.Pneumococcal.02"},{"title":"Immunize Patient for Pneumococcal - Booster","description":"Provide Pneumococcal immunizations – using the \"PCV immunization 2p+1 schedule – 2 PREVIOUS\" schedule (2 dose scheme + booster)","condition":[{"kind":"applicability","expression":{"description":"\"Pneumococcal vaccine immunization history\" = \"2 dose\"","language":"text/cql","expression":"Should vaccinate patient for Pneumococcal booster because 2 doses in a 2+1 dose scheme"}},{"kind":"applicability","expression":{"description":"\"Current Patient Age in Months\" >= 9","language":"text/cql","expression":"Should vaccinate patient for Pneumococcal booster because 2 doses in a 2+1 dose scheme"}},{"kind":"applicability","expression":{"description":"\"Current Patient Age in Months\" <= 18","language":"text/cql","expression":"Should vaccinate patient for Pneumococcal booster because 2 doses in a 2+1 dose scheme"}},{"kind":"applicability","expression":{"description":"\"Country is using a 2 dose scheme\" = TRUE","language":"text/cql","expression":"Should vaccinate patient for Pneumococcal booster because 2 doses in a 2+1 dose scheme"}}],"definitionCanonical":"http://fhir.org/guides/who/smart-immunization/ActivityDefinition/IMMZ.DT.06.Pneumococcal.03"},{"title":"Immunize Patient for Pneumococcal - No Dose","description":"Provide Pneumococcal immunizations – using the \"PCV immunization 3p+0 schedule – NO PREVIOUS\" schedule (3 dose scheme)","condition":[{"kind":"applicability","expression":{"description":"\"Pneumococcal vaccine immunization history\" = \" No-doses\"","language":"text/cql","expression":"Should vaccinate patient for Pneumococcal because No doses in a 3 dose scheme"}},{"kind":"applicability","expression":{"description":"\"Current Patient Age in Weeks\" >= 6","language":"text/cql","expression":"Should vaccinate patient for Pneumococcal because No doses in a 3 dose scheme"}},{"kind":"applicability","expression":{"description":"\"Country is following a 3 dose scheme\" = TRUE","language":"text/cql","expression":"Should vaccinate patient for Pneumococcal because No doses in a 3 dose scheme"}}],"definitionCanonical":"http://fhir.org/guides/who/smart-immunization/ActivityDefinition/IMMZ.DT.06.Pneumococcal.04"},{"title":"Immunize Patient for Pneumococcal - 1 Dose","description":"Provide Pneumococcal immunizations – using the \"PCV immunization 3p+0 schedule – 1 PREVIOUS\" schedule (3 dose scheme)","condition":[{"kind":"applicability","expression":{"description":"\"Pneumococcal vaccine immunization history\" = \" 1 dose\"","language":"text/cql","expression":"Should vaccinate patient for Pneumococcal because 1 dose in a 3 dose scheme"}},{"kind":"applicability","expression":{"description":"\"Date last Pneumococcal dose given\" >= \"4 weeks\"","language":"text/cql","expression":"Should vaccinate patient for Pneumococcal because 1 dose in a 3 dose scheme"}},{"kind":"applicability","expression":{"description":"\"Current Patient Age in Weeks\" >= 6","language":"text/cql","expression":"Should vaccinate patient for Pneumococcal because 1 dose in a 3 dose scheme"}},{"kind":"applicability","expression":{"description":"\"Country is following a 3 dose scheme\" = TRUE","language":"text/cql","expression":"Should vaccinate patient for Pneumococcal because 1 dose in a 3 dose scheme"}}],"definitionCanonical":"http://fhir.org/guides/who/smart-immunization/ActivityDefinition/IMMZ.DT.06.Pneumococcal.05"},{"title":"Immunize Patient for Pneumococcal - 2 Doses","description":"Provide Pneumococcal immunizations – using the \"PCV immunization 3p+0 schedule – 2 PREVIOUS\" schedule (3 dose scheme)","condition":[{"kind":"applicability","expression":{"description":"\"Pneumococcal vaccine immunization history\" = \" 2 doses\"","language":"text/cql","expression":"Should vaccinate patient for Pneumococcal because 2 doses in a 3 dose scheme"}},{"kind":"applicability","expression":{"description":"\"Date last Pneumococcal Dose given\" >= \"4 weeks\"","language":"text/cql","expression":"Should vaccinate patient for Pneumococcal because 2 doses in a 3 dose scheme"}},{"kind":"applicability","expression":{"description":"\"Current Patient Age in Weeks\" >= 6","language":"text/cql","expression":"Should vaccinate patient for Pneumococcal because 2 doses in a 3 dose scheme"}},{"kind":"applicability","expression":{"description":"\"Country is following a 3 dose scheme\" = TRUE","language":"text/cql","expression":"Should vaccinate patient for Pneumococcal because 2 doses in a 3 dose scheme"}}],"definitionCanonical":"http://fhir.org/guides/who/smart-immunization/ActivityDefinition/IMMZ.DT.06.Pneumococcal.06"},{"title":"Immunize Patient for Pneumococcal - No Doses","description":"Provide Pneumococcal immunizations – using the \"PCV immunization – NO PREVIOUS\" schedule (2 dose scheme)","condition":[{"kind":"applicability","expression":{"description":"\"Pneumococcal vaccine immunization history\" = \"No-doses\"","language":"text/cql","expression":"Should vaccinate patient for Pneumococcal because No doses in a 2 dose scheme"}},{"kind":"applicability","expression":{"description":"\"Current Patient Age in Years\" >= 1","language":"text/cql","expression":"Should vaccinate patient for Pneumococcal because No doses in a 2 dose scheme"}},{"kind":"applicability","expression":{"description":"\"Current Patient Age in Years\" <= 5","language":"text/cql","expression":"Should vaccinate patient for Pneumococcal because No doses in a 2 dose scheme"}},{"kind":"applicability","expression":{"description":"\"HIV Status\" = \"Positive\"","language":"text/cql","expression":"Should vaccinate patient for Pneumococcal because No doses in a 2 dose scheme"}}],"definitionCanonical":"http://fhir.org/guides/who/smart-immunization/ActivityDefinition/IMMZ.DT.06.Pneumococcal.07"},{"title":"Immunize Patient for Pneumococcal - 1 Doses","description":"Provide Pneumococcal immunizations – using the \"PCV immunization – 1 PREVIOUS\" schedule (2 dose scheme)","condition":[{"kind":"applicability","expression":{"description":"\"Pneumococcal vaccine immunization history\" = \"1 dose\"","language":"text/cql","expression":"Should vaccinate patient for Pneumococcal because 1 dose in a 2 dose scheme"}},{"kind":"applicability","expression":{"description":"\"Current Patient Age in Years\" >= 1","language":"text/cql","expression":"Should vaccinate patient for Pneumococcal because 1 dose in a 2 dose scheme"}},{"kind":"applicability","expression":{"description":"\"Current Patient Age in Years\" <= 5","language":"text/cql","expression":"Should vaccinate patient for Pneumococcal because 1 dose in a 2 dose scheme"}},{"kind":"applicability","expression":{"description":"\"HIV Status\" = \"Positive\"","language":"text/cql","expression":"Should vaccinate patient for Pneumococcal because 1 dose in a 2 dose scheme"}},{"kind":"applicability","expression":{"description":"\"Date last Pneumococcal Dose given\" >= \"8 weeks\"","language":"text/cql","expression":"Should vaccinate patient for Pneumococcal because 1 dose in a 2 dose scheme"}}],"definitionCanonical":"http://fhir.org/guides/who/smart-immunization/ActivityDefinition/IMMZ.DT.06.Pneumococcal.09"},{"title":"Immunize Patient for Pneumococcal - No Doses (Catch-up)","description":"Provide Pneumococcal immunizations – using the \"Catch-up PCV immunization – NO PREVIOUS\" schedule (1 dose scheme)","condition":[{"kind":"applicability","expression":{"description":"\"Pneumococcal vaccine immunization history\" = \" No-doses\"","language":"text/cql","expression":"Should vaccinate patient for Pneumococcal because No doses in a 1 dose scheme"}},{"kind":"applicability","expression":{"description":"\"Current Patient Age in Months\" >= 24","language":"text/cql","expression":"Should vaccinate patient for Pneumococcal because No doses in a 1 dose scheme"}},{"kind":"applicability","expression":{"description":"\"In a setting with a high disease burden and mortality\" = TRUE","language":"text/cql","expression":"Should vaccinate patient for Pneumococcal because No doses in a 1 dose scheme"}}],"definitionCanonical":"http://fhir.org/guides/who/smart-immunization/ActivityDefinition/IMMZ.DT.06.Pneumococcal.11"},{"title":"Immunize Patient for Pneumococcal - HIV positive and preterm who received their 3 doses before 12 months of age","description":"Provide Pneumococcal immunizations – using the \"PCV immunization – Booster for HIV+ and preterm\" schedule (1 booster dose in second year of life)","condition":[{"kind":"applicability","expression":{"description":"\"Pneumococcal vaccine immunization history\" = \"3 doses\"","language":"text/cql","expression":"Should vaccinate patient for Pneumococcal Booster in second year of life because HIV infected or preterm who completed 3-dose series before 12 months of age"}},{"kind":"applicability","expression":{"description":"\"HIV Status\" = \"Positive\"","language":"text/cql","expression":"Should vaccinate patient for Pneumococcal Booster in second year of life because HIV infected or preterm who completed 3-dose series before 12 months of age"}},{"kind":"applicability","expression":{"description":"\"Age when Patient received 3rd dose in Months\" < 12","language":"text/cql","expression":"Should vaccinate patient for Pneumococcal Booster in second year of life because HIV infected or preterm who completed 3-dose series before 12 months of age"}},{"kind":"applicability","expression":{"description":"\"Current Patient Age in Months\" >= 12","language":"text/cql","expression":"Should vaccinate patient for Pneumococcal Booster in second year of life because HIV infected or preterm who completed 3-dose series before 12 months of age"}},{"kind":"applicability","expression":{"description":"\"Current Patient Age in Months\" <= 24","language":"text/cql","expression":"Should vaccinate patient for Pneumococcal Booster in second year of life because HIV infected or preterm who completed 3-dose series before 12 months of age"}}],"definitionCanonical":"http://fhir.org/guides/who/smart-immunization/ActivityDefinition/IMMZ.DT.06.Pneumococcal.12"}]}