{
  "resourceType" : "ActivityDefinition",
  "id" : "IMMZ.DT.13.TBE.11",
  "meta" : {
    "profile" : ["http://hl7.org/fhir/uv/cpg/StructureDefinition/cpg-immunizationactivity"]
  },
  "text" : {
    "status" : "generated",
    "div" : "<div xmlns=\"http://www.w3.org/1999/xhtml\"><p><b>Generated Narrative: ActivityDefinition</b><a name=\"IMMZ.DT.13.TBE.11\"> </a></p><div style=\"display: inline-block; background-color: #d9e0e7; padding: 6px; margin: 4px; border: 1px solid #8da1b4; border-radius: 5px; line-height: 60%\"><p style=\"margin-bottom: 0px\">Resource ActivityDefinition &quot;IMMZ.DT.13.TBE.11&quot; </p><p style=\"margin-bottom: 0px\">Profile: <code>http://hl7.org/fhir/uv/cpg/StructureDefinition/cpg-immunizationactivity</code></p></div><p><b>url</b>: <code>http://fhir.org/guides/who/smart-immunization/ActivityDefinition/IMMZ.DT.13.TBE.11</code></p><p><b>version</b>: 0.1.0</p><p><b>title</b>: IMMZ.DT.13.TBE.11</p><p><b>status</b>: draft</p><p><b>experimental</b>: true</p><p><b>date</b>: 2022-05-06 12:05:48-0400</p><p><b>publisher</b>: World Health Organization (WHO)</p><p><b>contact</b>: <a href=\"https://who.int\">https://who.int</a></p><p><b>description</b>: Provide Tick-Borne Encephalitis immunizations – using the &quot;TBE-Moscow vaccine immunization – 2 PREVIOUS&quot; schedule (3 dose scheme)</p><p><b>jurisdiction</b>: Global (Whole world) <span style=\"background: LightGoldenRodYellow; margin: 4px; border: 1px solid khaki\"> (m49.htm#001)</span></p><p><b>kind</b>: ImmunizationRecommendation</p><p><b>code</b>: Administration of vaccine to produce active immunity <span style=\"background: LightGoldenRodYellow; margin: 4px; border: 1px solid khaki\"> (<a href=\"https://browser.ihtsdotools.org/\">SNOMED CT</a>#33879002)</span></p><p><b>intent</b>: proposal</p><p><b>doNotPerform</b>: false</p></div>"
  },
  "url" : "http://fhir.org/guides/who/smart-immunization/ActivityDefinition/IMMZ.DT.13.TBE.11",
  "version" : "0.1.0",
  "title" : "IMMZ.DT.13.TBE.11",
  "status" : "draft",
  "experimental" : true,
  "date" : "2022-05-06T12:05:48.7810793-04:00",
  "publisher" : "World Health Organization (WHO)",
  "contact" : [{
    "telecom" : [{
      "system" : "url",
      "value" : "https://who.int"
    }]
  }],
  "description" : "Provide Tick-Borne Encephalitis immunizations – using the \"TBE-Moscow vaccine immunization – 2 PREVIOUS\" schedule (3 dose scheme)",
  "jurisdiction" : [{
    "coding" : [{
      "system" : "http://unstats.un.org/unsd/methods/m49/m49.htm",
      "code" : "001"
    }]
  }],
  "kind" : "ImmunizationRecommendation",
  "code" : {
    "coding" : [{
      "system" : "http://snomed.info/sct",
      "code" : "33879002",
      "display" : "Administration of vaccine to produce active immunity"
    }]
  },
  "intent" : "proposal",
  "doNotPerform" : false
}