{
  "resourceType" : "PlanDefinition",
  "id" : "IMMZ.DT.10.HPV",
  "text" : {
    "status" : "generated",
    "div" : "<div xmlns=\"http://www.w3.org/1999/xhtml\"><p><b>Generated Narrative: PlanDefinition</b><a name=\"IMMZ.DT.10.HPV\"> </a></p><div style=\"display: inline-block; background-color: #d9e0e7; padding: 6px; margin: 4px; border: 1px solid #8da1b4; border-radius: 5px; line-height: 60%\"><p style=\"margin-bottom: 0px\">Resource PlanDefinition &quot;IMMZ.DT.10.HPV&quot; </p></div><p><b>url</b>: <code>http://fhir.org/guides/who/smart-immunization/PlanDefinition/IMMZ.DT.10.HPV</code></p><p><b>version</b>: 0.1.0</p><p><b>name</b>: IMMZ.DT.10.HPV</p><p><b>title</b>: IMMZ.DT.10.HPV</p><p><b>status</b>: draft</p><p><b>date</b>: 2023-03-31 14:00:01+0000</p><p><b>publisher</b>: World Health Organization (WHO)</p><p><b>description</b>: If child or person has not been vaccinated, give HPV vaccine according to the defined schedule</p><p><b>jurisdiction</b>: Global (Whole world) <span style=\"background: LightGoldenRodYellow; margin: 4px; border: 1px solid khaki\"> (m49.htm#001)</span></p><p><b>library</b>: <a href=\"Library-IMMZDT10.html\">IMMZDT10</a></p><blockquote><p><b>action</b></p><p><b>title</b>: Immunize Patient for HPV - No Doses</p><p><b>description</b>: Provide HPV immunizations - using the &quot;HPV vaccine immunization - NO PREVIOUS&quot; schedule (2 dose scheme)</p><blockquote><p><b>condition</b></p><p><b>kind</b>: applicability</p><h3>Expressions</h3><table class=\"grid\"><tr><td>-</td><td><b>Description</b></td><td><b>Language</b></td><td><b>Expression</b></td></tr><tr><td>*</td><td>&quot;HPV vaccine history&quot; = &quot;No-doses&quot;</td><td>text/cql</td><td>Should vaccinate Patient for HPV because no doses on a two-dose schedule</td></tr></table></blockquote><blockquote><p><b>condition</b></p><p><b>kind</b>: applicability</p><h3>Expressions</h3><table class=\"grid\"><tr><td>-</td><td><b>Description</b></td><td><b>Language</b></td><td><b>Expression</b></td></tr><tr><td>*</td><td>&quot;Sex&quot; = &quot;Female&quot;</td><td>text/cql</td><td>Should vaccinate Patient for HPV because no doses on a two-dose schedule</td></tr></table></blockquote><blockquote><p><b>condition</b></p><p><b>kind</b>: applicability</p><h3>Expressions</h3><table class=\"grid\"><tr><td>-</td><td><b>Description</b></td><td><b>Language</b></td><td><b>Expression</b></td></tr><tr><td>*</td><td>&quot;Current Patient Age in Years&quot; &gt;= 9</td><td>text/cql</td><td>Should vaccinate Patient for HPV because no doses on a two-dose schedule</td></tr></table></blockquote><blockquote><p><b>condition</b></p><p><b>kind</b>: applicability</p><h3>Expressions</h3><table class=\"grid\"><tr><td>-</td><td><b>Description</b></td><td><b>Language</b></td><td><b>Expression</b></td></tr><tr><td>*</td><td>&quot;Current Patient Age in Years&quot; &lt;= 14</td><td>text/cql</td><td>Should vaccinate Patient for HPV because no doses on a two-dose schedule</td></tr></table></blockquote><p><b>definition</b>: <a href=\"ActivityDefinition-IMMZ.DT.10.HPV.01.html\">IMMZ.DT.10.HPV.01</a></p></blockquote><blockquote><p><b>action</b></p><p><b>title</b>: Immunize Patient for HPV - 1 Dose</p><p><b>description</b>: Provide HPV immunizations - using &quot;HPV vaccine immunization - 1 PREVIOUS&quot; schedule (2 dose scheme)</p><blockquote><p><b>condition</b></p><p><b>kind</b>: applicability</p><h3>Expressions</h3><table class=\"grid\"><tr><td>-</td><td><b>Description</b></td><td><b>Language</b></td><td><b>Expression</b></td></tr><tr><td>*</td><td>&quot;HPV vaccine history&quot; = &quot;1 dose&quot;</td><td>text/cql</td><td>Should vaccinate Patient for HPV a second time on a two-dose schedule</td></tr></table></blockquote><blockquote><p><b>condition</b></p><p><b>kind</b>: applicability</p><h3>Expressions</h3><table class=\"grid\"><tr><td>-</td><td><b>Description</b></td><td><b>Language</b></td><td><b>Expression</b></td></tr><tr><td>*</td><td>&quot;Sex&quot; = &quot;Female&quot;</td><td>text/cql</td><td>Should vaccinate Patient for HPV a second time on a two-dose schedule</td></tr></table></blockquote><blockquote><p><b>condition</b></p><p><b>kind</b>: applicability</p><h3>Expressions</h3><table class=\"grid\"><tr><td>-</td><td><b>Description</b></td><td><b>Language</b></td><td><b>Expression</b></td></tr><tr><td>*</td><td>&quot;Current Patient Age in Years&quot; &gt;=  9</td><td>text/cql</td><td>Should vaccinate Patient for HPV a second time on a two-dose schedule</td></tr></table></blockquote><blockquote><p><b>condition</b></p><p><b>kind</b>: applicability</p><h3>Expressions</h3><table class=\"grid\"><tr><td>-</td><td><b>Description</b></td><td><b>Language</b></td><td><b>Expression</b></td></tr><tr><td>*</td><td>&quot;Current Patient Age in Years&quot; &lt;= 14</td><td>text/cql</td><td>Should vaccinate Patient for HPV a second time on a two-dose schedule</td></tr></table></blockquote><blockquote><p><b>condition</b></p><p><b>kind</b>: applicability</p><h3>Expressions</h3><table class=\"grid\"><tr><td>-</td><td><b>Description</b></td><td><b>Language</b></td><td><b>Expression</b></td></tr><tr><td>*</td><td>&quot;Date last HPV dose given&quot; &gt;= &quot;6 months&quot;</td><td>text/cql</td><td>Should vaccinate Patient for HPV a second time on a two-dose schedule</td></tr></table></blockquote><blockquote><p><b>condition</b></p><p><b>kind</b>: applicability</p><h3>Expressions</h3><table class=\"grid\"><tr><td>-</td><td><b>Description</b></td><td><b>Language</b></td><td><b>Expression</b></td></tr><tr><td>*</td><td>&quot;Date last HPV dose given&quot; &lt;= &quot;12 months&quot;</td><td>text/cql</td><td>Should vaccinate Patient for HPV a second time on a two-dose schedule</td></tr></table></blockquote><p><b>definition</b>: <a href=\"ActivityDefinition-IMMZ.DT.10.HPV.02.html\">IMMZ.DT.10.HPV.02</a></p></blockquote><blockquote><p><b>action</b></p><p><b>title</b>: Immunize Patient for HPV - 2 Doses</p><p><b>description</b>: Provide additional HPV immunizations - using &quot;HPV vaccination immunization - 2 PREVIOUS&quot; schedule (2+1 dose scheme)</p><blockquote><p><b>condition</b></p><p><b>kind</b>: applicability</p><h3>Expressions</h3><table class=\"grid\"><tr><td>-</td><td><b>Description</b></td><td><b>Language</b></td><td><b>Expression</b></td></tr><tr><td>*</td><td>&quot;HPV vaccine history&quot; = &quot;2 doses&quot;</td><td>text/cql</td><td>Should vaccinate Patient for HPV Dose 3 - due to short interval between first and second dose</td></tr></table></blockquote><blockquote><p><b>condition</b></p><p><b>kind</b>: applicability</p><h3>Expressions</h3><table class=\"grid\"><tr><td>-</td><td><b>Description</b></td><td><b>Language</b></td><td><b>Expression</b></td></tr><tr><td>*</td><td>&quot;Sex&quot; = &quot;Female&quot;</td><td>text/cql</td><td>Should vaccinate Patient for HPV Dose 3 - due to short interval between first and second dose</td></tr></table></blockquote><blockquote><p><b>condition</b></p><p><b>kind</b>: applicability</p><h3>Expressions</h3><table class=\"grid\"><tr><td>-</td><td><b>Description</b></td><td><b>Language</b></td><td><b>Expression</b></td></tr><tr><td>*</td><td>&quot;Time between first and second HPV doses in Months&quot; &lt; 5</td><td>text/cql</td><td>Should vaccinate Patient for HPV Dose 3 - due to short interval between first and second dose</td></tr></table></blockquote><blockquote><p><b>condition</b></p><p><b>kind</b>: applicability</p><h3>Expressions</h3><table class=\"grid\"><tr><td>-</td><td><b>Description</b></td><td><b>Language</b></td><td><b>Expression</b></td></tr><tr><td>*</td><td>&quot;Time since initial HPV dose in Months&quot; &gt;= 6</td><td>text/cql</td><td>Should vaccinate Patient for HPV Dose 3 - due to short interval between first and second dose</td></tr></table></blockquote><blockquote><p><b>condition</b></p><p><b>kind</b>: applicability</p><h3>Expressions</h3><table class=\"grid\"><tr><td>-</td><td><b>Description</b></td><td><b>Language</b></td><td><b>Expression</b></td></tr><tr><td>*</td><td>&quot;Current Patient Age in Years&quot; &gt;= 9</td><td>text/cql</td><td>Should vaccinate Patient for HPV Dose 3 - due to short interval between first and second dose</td></tr></table></blockquote><blockquote><p><b>condition</b></p><p><b>kind</b>: applicability</p><h3>Expressions</h3><table class=\"grid\"><tr><td>-</td><td><b>Description</b></td><td><b>Language</b></td><td><b>Expression</b></td></tr><tr><td>*</td><td>&quot;Current Patient Age in Years&quot; &lt;= 14</td><td>text/cql</td><td>Should vaccinate Patient for HPV Dose 3 - due to short interval between first and second dose</td></tr></table></blockquote><p><b>definition</b>: <a href=\"ActivityDefinition-IMMZ.DT.10.HPV.03.html\">IMMZ.DT.10.HPV.03</a></p></blockquote><blockquote><p><b>action</b></p><p><b>title</b>: Immunize Patient for HPV - No Doses</p><p><b>description</b>: Provide HPV immunizations - using the &quot;HPV vaccine immunization - NO PREVIOUS&quot; schedule (3 dose scheme)</p><blockquote><p><b>condition</b></p><p><b>kind</b>: applicability</p><h3>Expressions</h3><table class=\"grid\"><tr><td>-</td><td><b>Description</b></td><td><b>Language</b></td><td><b>Expression</b></td></tr><tr><td>*</td><td>&quot;HPV vaccine history&quot; = &quot;No-doses&quot;</td><td>text/cql</td><td>Should vaccinate Patient for HPV because no doses on a three-dose schedule</td></tr></table></blockquote><blockquote><p><b>condition</b></p><p><b>kind</b>: applicability</p><h3>Expressions</h3><table class=\"grid\"><tr><td>-</td><td><b>Description</b></td><td><b>Language</b></td><td><b>Expression</b></td></tr><tr><td>*</td><td>&quot;Sex&quot; = &quot;Female&quot;</td><td>text/cql</td><td>Should vaccinate Patient for HPV because no doses on a three-dose schedule</td></tr></table></blockquote><blockquote><p><b>condition</b></p><p><b>kind</b>: applicability</p><h3>Expressions</h3><table class=\"grid\"><tr><td>-</td><td><b>Description</b></td><td><b>Language</b></td><td><b>Expression</b></td></tr><tr><td>*</td><td>&quot;Current Patient Age in Years&quot; &gt;= 15</td><td>text/cql</td><td>Should vaccinate Patient for HPV because no doses on a three-dose schedule</td></tr></table></blockquote><p><b>definition</b>: <a href=\"ActivityDefinition-IMMZ.DT.10.HPV.04.html\">IMMZ.DT.10.HPV.04</a></p></blockquote><blockquote><p><b>action</b></p><p><b>title</b>: Immunize Patient for HPV - No Doses</p><p><b>description</b>: Provide HPV immunizations - using the &quot;HPV vaccine immunization - NO PREVIOUS&quot; schedule (3 dose scheme)</p><blockquote><p><b>condition</b></p><p><b>kind</b>: applicability</p><h3>Expressions</h3><table class=\"grid\"><tr><td>-</td><td><b>Description</b></td><td><b>Language</b></td><td><b>Expression</b></td></tr><tr><td>*</td><td>&quot;Current Patient Age in Years&quot; &lt; 15</td><td>text/cql</td><td>Should vaccinate Patient for HPV because no doses on a three-dose schedule</td></tr></table></blockquote><blockquote><p><b>condition</b></p><p><b>kind</b>: applicability</p><h3>Expressions</h3><table class=\"grid\"><tr><td>-</td><td><b>Description</b></td><td><b>Language</b></td><td><b>Expression</b></td></tr><tr><td>*</td><td>&quot;Immunocompromised&quot; = &quot;True&quot;</td><td>text/cql</td><td>Should vaccinate Patient for HPV because no doses on a three-dose schedule</td></tr></table></blockquote><p><b>definition</b>: <a href=\"ActivityDefinition-IMMZ.DT.10.HPV.05.html\">IMMZ.DT.10.HPV.05</a></p></blockquote><blockquote><p><b>action</b></p><p><b>title</b>: Immunize Patient for HPV - 1 Dose</p><p><b>description</b>: Provide HPV immunizations - using the &quot;HPV vaccine immunization -  ONE PREVIOUS&quot; schedule (3 dose scheme)</p><blockquote><p><b>condition</b></p><p><b>kind</b>: applicability</p><h3>Expressions</h3><table class=\"grid\"><tr><td>-</td><td><b>Description</b></td><td><b>Language</b></td><td><b>Expression</b></td></tr><tr><td>*</td><td>&quot;HPV vaccine history&quot; = &quot;1 dose&quot;</td><td>text/cql</td><td>Should vaccinate Patient for HPV because one dose on a three-dose schedule</td></tr></table></blockquote><blockquote><p><b>condition</b></p><p><b>kind</b>: applicability</p><h3>Expressions</h3><table class=\"grid\"><tr><td>-</td><td><b>Description</b></td><td><b>Language</b></td><td><b>Expression</b></td></tr><tr><td>*</td><td>&quot;Sex&quot; = &quot;Female&quot;</td><td>text/cql</td><td>Should vaccinate Patient for HPV because one dose on a three-dose schedule</td></tr></table></blockquote><blockquote><p><b>condition</b></p><p><b>kind</b>: applicability</p><h3>Expressions</h3><table class=\"grid\"><tr><td>-</td><td><b>Description</b></td><td><b>Language</b></td><td><b>Expression</b></td></tr><tr><td>*</td><td>&quot;Current Patient Age in  Years&quot; &gt;= 15</td><td>text/cql</td><td>Should vaccinate Patient for HPV because one dose on a three-dose schedule</td></tr></table></blockquote><blockquote><p><b>condition</b></p><p><b>kind</b>: applicability</p><h3>Expressions</h3><table class=\"grid\"><tr><td>-</td><td><b>Description</b></td><td><b>Language</b></td><td><b>Expression</b></td></tr><tr><td>*</td><td>&quot;Date last HPV dose given&quot; &gt;= &quot;1 month&quot;</td><td>text/cql</td><td>Should vaccinate Patient for HPV because one dose on a three-dose schedule</td></tr></table></blockquote><blockquote><p><b>condition</b></p><p><b>kind</b>: applicability</p><h3>Expressions</h3><table class=\"grid\"><tr><td>-</td><td><b>Description</b></td><td><b>Language</b></td><td><b>Expression</b></td></tr><tr><td>*</td><td>&quot;Date last HPV does given&quot; &lt;= &quot;2 months&quot;</td><td>text/cql</td><td>Should vaccinate Patient for HPV because one dose on a three-dose schedule</td></tr></table></blockquote><p><b>definition</b>: <a href=\"ActivityDefinition-IMMZ.DT.10.HPV.06.html\">IMMZ.DT.10.HPV.06</a></p></blockquote><blockquote><p><b>action</b></p><p><b>title</b>: Immunize Patient for HPV - 2 Doses</p><p><b>description</b>: Provide HPV immunizations - using the &quot;HPV vaccine immunization -  TWO PREVIOUS&quot; schedule (3 dose scheme)</p><blockquote><p><b>condition</b></p><p><b>kind</b>: applicability</p><h3>Expressions</h3><table class=\"grid\"><tr><td>-</td><td><b>Description</b></td><td><b>Language</b></td><td><b>Expression</b></td></tr><tr><td>*</td><td>&quot;HPV vaccine history&quot; = &quot;2 doses&quot;</td><td>text/cql</td><td>Should vaccinate Patient for HPV because two doses on a three-dose schedule</td></tr></table></blockquote><blockquote><p><b>condition</b></p><p><b>kind</b>: applicability</p><h3>Expressions</h3><table class=\"grid\"><tr><td>-</td><td><b>Description</b></td><td><b>Language</b></td><td><b>Expression</b></td></tr><tr><td>*</td><td>&quot;Sex&quot; = &quot;Female&quot;</td><td>text/cql</td><td>Should vaccinate Patient for HPV because two doses on a three-dose schedule</td></tr></table></blockquote><blockquote><p><b>condition</b></p><p><b>kind</b>: applicability</p><h3>Expressions</h3><table class=\"grid\"><tr><td>-</td><td><b>Description</b></td><td><b>Language</b></td><td><b>Expression</b></td></tr><tr><td>*</td><td>&quot;Current Patient Age in Years&quot; &gt;= 15</td><td>text/cql</td><td>Should vaccinate Patient for HPV because two doses on a three-dose schedule</td></tr></table></blockquote><blockquote><p><b>condition</b></p><p><b>kind</b>: applicability</p><h3>Expressions</h3><table class=\"grid\"><tr><td>-</td><td><b>Description</b></td><td><b>Language</b></td><td><b>Expression</b></td></tr><tr><td>*</td><td>&quot;Date last HPV dose given&quot; &gt;= &quot;6 months&quot;</td><td>text/cql</td><td>Should vaccinate Patient for HPV because two doses on a three-dose schedule</td></tr></table></blockquote><p><b>definition</b>: <a href=\"ActivityDefinition-IMMZ.DT.10.HPV.08.html\">IMMZ.DT.10.HPV.08</a></p></blockquote></div>"
  },
  "url" : "http://fhir.org/guides/who/smart-immunization/PlanDefinition/IMMZ.DT.10.HPV",
  "version" : "0.1.0",
  "name" : "IMMZ.DT.10.HPV",
  "title" : "IMMZ.DT.10.HPV",
  "status" : "draft",
  "date" : "2023-03-31T14:00:01+00:00",
  "publisher" : "World Health Organization (WHO)",
  "description" : "If child or person has not been vaccinated, give HPV vaccine according to the defined schedule",
  "jurisdiction" : [{
    "coding" : [{
      "system" : "http://unstats.un.org/unsd/methods/m49/m49.htm",
      "code" : "001"
    }]
  }],
  "library" : ["http://fhir.org/guides/who/smart-immunization/Library/IMMZDT10"],
  "action" : [{
    "title" : "Immunize Patient for HPV - No Doses",
    "description" : "Provide HPV immunizations - using the \"HPV vaccine immunization - NO PREVIOUS\" schedule (2 dose scheme)",
    "condition" : [{
      "kind" : "applicability",
      "expression" : {
        "description" : "\"HPV vaccine history\" = \"No-doses\"",
        "language" : "text/cql",
        "expression" : "Should vaccinate Patient for HPV because no doses on a two-dose schedule"
      }
    },
    {
      "kind" : "applicability",
      "expression" : {
        "description" : "\"Sex\" = \"Female\"",
        "language" : "text/cql",
        "expression" : "Should vaccinate Patient for HPV because no doses on a two-dose schedule"
      }
    },
    {
      "kind" : "applicability",
      "expression" : {
        "description" : "\"Current Patient Age in Years\" >= 9",
        "language" : "text/cql",
        "expression" : "Should vaccinate Patient for HPV because no doses on a two-dose schedule"
      }
    },
    {
      "kind" : "applicability",
      "expression" : {
        "description" : "\"Current Patient Age in Years\" <= 14",
        "language" : "text/cql",
        "expression" : "Should vaccinate Patient for HPV because no doses on a two-dose schedule"
      }
    }],
    "definitionCanonical" : "http://fhir.org/guides/who/smart-immunization/ActivityDefinition/IMMZ.DT.10.HPV.01"
  },
  {
    "title" : "Immunize Patient for HPV - 1 Dose",
    "description" : "Provide HPV immunizations - using \"HPV vaccine immunization - 1 PREVIOUS\" schedule (2 dose scheme)",
    "condition" : [{
      "kind" : "applicability",
      "expression" : {
        "description" : "\"HPV vaccine history\" = \"1 dose\"",
        "language" : "text/cql",
        "expression" : "Should vaccinate Patient for HPV a second time on a two-dose schedule"
      }
    },
    {
      "kind" : "applicability",
      "expression" : {
        "description" : "\"Sex\" = \"Female\"",
        "language" : "text/cql",
        "expression" : "Should vaccinate Patient for HPV a second time on a two-dose schedule"
      }
    },
    {
      "kind" : "applicability",
      "expression" : {
        "description" : "\"Current Patient Age in Years\" >=  9",
        "language" : "text/cql",
        "expression" : "Should vaccinate Patient for HPV a second time on a two-dose schedule"
      }
    },
    {
      "kind" : "applicability",
      "expression" : {
        "description" : "\"Current Patient Age in Years\" <= 14",
        "language" : "text/cql",
        "expression" : "Should vaccinate Patient for HPV a second time on a two-dose schedule"
      }
    },
    {
      "kind" : "applicability",
      "expression" : {
        "description" : "\"Date last HPV dose given\" >= \"6 months\"",
        "language" : "text/cql",
        "expression" : "Should vaccinate Patient for HPV a second time on a two-dose schedule"
      }
    },
    {
      "kind" : "applicability",
      "expression" : {
        "description" : "\"Date last HPV dose given\" <= \"12 months\"",
        "language" : "text/cql",
        "expression" : "Should vaccinate Patient for HPV a second time on a two-dose schedule"
      }
    }],
    "definitionCanonical" : "http://fhir.org/guides/who/smart-immunization/ActivityDefinition/IMMZ.DT.10.HPV.02"
  },
  {
    "title" : "Immunize Patient for HPV - 2 Doses",
    "description" : "Provide additional HPV immunizations - using \"HPV vaccination immunization - 2 PREVIOUS\" schedule (2+1 dose scheme)",
    "condition" : [{
      "kind" : "applicability",
      "expression" : {
        "description" : "\"HPV vaccine history\" = \"2 doses\"",
        "language" : "text/cql",
        "expression" : "Should vaccinate Patient for HPV Dose 3 - due to short interval between first and second dose"
      }
    },
    {
      "kind" : "applicability",
      "expression" : {
        "description" : "\"Sex\" = \"Female\"",
        "language" : "text/cql",
        "expression" : "Should vaccinate Patient for HPV Dose 3 - due to short interval between first and second dose"
      }
    },
    {
      "kind" : "applicability",
      "expression" : {
        "description" : "\"Time between first and second HPV doses in Months\" < 5",
        "language" : "text/cql",
        "expression" : "Should vaccinate Patient for HPV Dose 3 - due to short interval between first and second dose"
      }
    },
    {
      "kind" : "applicability",
      "expression" : {
        "description" : "\"Time since initial HPV dose in Months\" >= 6",
        "language" : "text/cql",
        "expression" : "Should vaccinate Patient for HPV Dose 3 - due to short interval between first and second dose"
      }
    },
    {
      "kind" : "applicability",
      "expression" : {
        "description" : "\"Current Patient Age in Years\" >= 9",
        "language" : "text/cql",
        "expression" : "Should vaccinate Patient for HPV Dose 3 - due to short interval between first and second dose"
      }
    },
    {
      "kind" : "applicability",
      "expression" : {
        "description" : "\"Current Patient Age in Years\" <= 14",
        "language" : "text/cql",
        "expression" : "Should vaccinate Patient for HPV Dose 3 - due to short interval between first and second dose"
      }
    }],
    "definitionCanonical" : "http://fhir.org/guides/who/smart-immunization/ActivityDefinition/IMMZ.DT.10.HPV.03"
  },
  {
    "title" : "Immunize Patient for HPV - No Doses",
    "description" : "Provide HPV immunizations - using the \"HPV vaccine immunization - NO PREVIOUS\" schedule (3 dose scheme)",
    "condition" : [{
      "kind" : "applicability",
      "expression" : {
        "description" : "\"HPV vaccine history\" = \"No-doses\"",
        "language" : "text/cql",
        "expression" : "Should vaccinate Patient for HPV because no doses on a three-dose schedule"
      }
    },
    {
      "kind" : "applicability",
      "expression" : {
        "description" : "\"Sex\" = \"Female\"",
        "language" : "text/cql",
        "expression" : "Should vaccinate Patient for HPV because no doses on a three-dose schedule"
      }
    },
    {
      "kind" : "applicability",
      "expression" : {
        "description" : "\"Current Patient Age in Years\" >= 15",
        "language" : "text/cql",
        "expression" : "Should vaccinate Patient for HPV because no doses on a three-dose schedule"
      }
    }],
    "definitionCanonical" : "http://fhir.org/guides/who/smart-immunization/ActivityDefinition/IMMZ.DT.10.HPV.04"
  },
  {
    "title" : "Immunize Patient for HPV - No Doses",
    "description" : "Provide HPV immunizations - using the \"HPV vaccine immunization - NO PREVIOUS\" schedule (3 dose scheme)",
    "condition" : [{
      "kind" : "applicability",
      "expression" : {
        "description" : "\"Current Patient Age in Years\" < 15",
        "language" : "text/cql",
        "expression" : "Should vaccinate Patient for HPV because no doses on a three-dose schedule"
      }
    },
    {
      "kind" : "applicability",
      "expression" : {
        "description" : "\"Immunocompromised\" = \"True\"",
        "language" : "text/cql",
        "expression" : "Should vaccinate Patient for HPV because no doses on a three-dose schedule"
      }
    }],
    "definitionCanonical" : "http://fhir.org/guides/who/smart-immunization/ActivityDefinition/IMMZ.DT.10.HPV.05"
  },
  {
    "title" : "Immunize Patient for HPV - 1 Dose",
    "description" : "Provide HPV immunizations - using the \"HPV vaccine immunization -  ONE PREVIOUS\" schedule (3 dose scheme)",
    "condition" : [{
      "kind" : "applicability",
      "expression" : {
        "description" : "\"HPV vaccine history\" = \"1 dose\"",
        "language" : "text/cql",
        "expression" : "Should vaccinate Patient for HPV because one dose on a three-dose schedule"
      }
    },
    {
      "kind" : "applicability",
      "expression" : {
        "description" : "\"Sex\" = \"Female\"",
        "language" : "text/cql",
        "expression" : "Should vaccinate Patient for HPV because one dose on a three-dose schedule"
      }
    },
    {
      "kind" : "applicability",
      "expression" : {
        "description" : "\"Current Patient Age in  Years\" >= 15",
        "language" : "text/cql",
        "expression" : "Should vaccinate Patient for HPV because one dose on a three-dose schedule"
      }
    },
    {
      "kind" : "applicability",
      "expression" : {
        "description" : "\"Date last HPV dose given\" >= \"1 month\"",
        "language" : "text/cql",
        "expression" : "Should vaccinate Patient for HPV because one dose on a three-dose schedule"
      }
    },
    {
      "kind" : "applicability",
      "expression" : {
        "description" : "\"Date last HPV does given\" <= \"2 months\"",
        "language" : "text/cql",
        "expression" : "Should vaccinate Patient for HPV because one dose on a three-dose schedule"
      }
    }],
    "definitionCanonical" : "http://fhir.org/guides/who/smart-immunization/ActivityDefinition/IMMZ.DT.10.HPV.06"
  },
  {
    "title" : "Immunize Patient for HPV - 2 Doses",
    "description" : "Provide HPV immunizations - using the \"HPV vaccine immunization -  TWO PREVIOUS\" schedule (3 dose scheme)",
    "condition" : [{
      "kind" : "applicability",
      "expression" : {
        "description" : "\"HPV vaccine history\" = \"2 doses\"",
        "language" : "text/cql",
        "expression" : "Should vaccinate Patient for HPV because two doses on a three-dose schedule"
      }
    },
    {
      "kind" : "applicability",
      "expression" : {
        "description" : "\"Sex\" = \"Female\"",
        "language" : "text/cql",
        "expression" : "Should vaccinate Patient for HPV because two doses on a three-dose schedule"
      }
    },
    {
      "kind" : "applicability",
      "expression" : {
        "description" : "\"Current Patient Age in Years\" >= 15",
        "language" : "text/cql",
        "expression" : "Should vaccinate Patient for HPV because two doses on a three-dose schedule"
      }
    },
    {
      "kind" : "applicability",
      "expression" : {
        "description" : "\"Date last HPV dose given\" >= \"6 months\"",
        "language" : "text/cql",
        "expression" : "Should vaccinate Patient for HPV because two doses on a three-dose schedule"
      }
    }],
    "definitionCanonical" : "http://fhir.org/guides/who/smart-immunization/ActivityDefinition/IMMZ.DT.10.HPV.08"
  }]
}