{
  "resourceType" : "PlanDefinition",
  "id" : "IMMZ.DT.19.Dengue",
  "text" : {
    "status" : "generated",
    "div" : "<div xmlns=\"http://www.w3.org/1999/xhtml\"><p><b>Generated Narrative: PlanDefinition</b><a name=\"IMMZ.DT.19.Dengue\"> </a></p><div style=\"display: inline-block; background-color: #d9e0e7; padding: 6px; margin: 4px; border: 1px solid #8da1b4; border-radius: 5px; line-height: 60%\"><p style=\"margin-bottom: 0px\">Resource PlanDefinition &quot;IMMZ.DT.19.Dengue&quot; </p></div><p><b>url</b>: <code>http://fhir.org/guides/who/smart-immunization/PlanDefinition/IMMZ.DT.19.Dengue</code></p><p><b>version</b>: 0.1.0</p><p><b>name</b>: IMMZ.DT.19.Dengue</p><p><b>title</b>: IMMZ.DT.19.Dengue</p><p><b>status</b>: draft</p><p><b>date</b>: 2023-03-31 14:00:01+0000</p><p><b>publisher</b>: World Health Organization (WHO)</p><p><b>description</b>: If child or person has not been vaccinated, give Dengue vaccine between 9 and 45 years of age</p><p><b>jurisdiction</b>: Global (Whole world) <span style=\"background: LightGoldenRodYellow; margin: 4px; border: 1px solid khaki\"> (m49.htm#001)</span></p><p><b>library</b>: <a href=\"Library-library-IMMZDT19.html\">IMMZDT19</a></p><blockquote><p><b>action</b></p><p><b>title</b>: Immunize Patient for Dengue - No Doses at 9 years old</p><p><b>description</b>: Provide Dengue immunizations – using the &quot;Dengue vaccine immunization – NO PREVIOUS&quot; schedule (3 dose scheme)</p><blockquote><p><b>condition</b></p><p><b>kind</b>: applicability</p><h3>Expressions</h3><table class=\"grid\"><tr><td>-</td><td><b>Description</b></td><td><b>Language</b></td><td><b>Expression</b></td></tr><tr><td>*</td><td>&quot;Dengue vaccine immunization history&quot; = &quot;No-doses&quot;</td><td>text/cql</td><td>Should vaccinate patient for Dengue because no doses at 9 years old in a 3 dose scheme</td></tr></table></blockquote><blockquote><p><b>condition</b></p><p><b>kind</b>: applicability</p><h3>Expressions</h3><table class=\"grid\"><tr><td>-</td><td><b>Description</b></td><td><b>Language</b></td><td><b>Expression</b></td></tr><tr><td>*</td><td>&quot;Current Patient Age in Years&quot; &gt;= 9</td><td>text/cql</td><td>Should vaccinate patient for Dengue because no doses at 9 years old in a 3 dose scheme</td></tr></table></blockquote><blockquote><p><b>condition</b></p><p><b>kind</b>: applicability</p><h3>Expressions</h3><table class=\"grid\"><tr><td>-</td><td><b>Description</b></td><td><b>Language</b></td><td><b>Expression</b></td></tr><tr><td>*</td><td>&quot;Current Patient Age in Years&quot; &lt;= 45</td><td>text/cql</td><td>Should vaccinate patient for Dengue because no doses at 9 years old in a 3 dose scheme</td></tr></table></blockquote><blockquote><p><b>condition</b></p><p><b>kind</b>: applicability</p><h3>Expressions</h3><table class=\"grid\"><tr><td>-</td><td><b>Description</b></td><td><b>Language</b></td><td><b>Expression</b></td></tr><tr><td>*</td><td>&quot;Pregnancy Status&quot; = FALSE</td><td>text/cql</td><td>Should vaccinate patient for Dengue because no doses at 9 years old in a 3 dose scheme</td></tr></table></blockquote><blockquote><p><b>condition</b></p><p><b>kind</b>: applicability</p><h3>Expressions</h3><table class=\"grid\"><tr><td>-</td><td><b>Description</b></td><td><b>Language</b></td><td><b>Expression</b></td></tr><tr><td>*</td><td>&quot;Individual is Seronegative for Dengue&quot; = FALSE</td><td>text/cql</td><td>Should vaccinate patient for Dengue because no doses at 9 years old in a 3 dose scheme</td></tr></table></blockquote><p><b>definition</b>: <a href=\"ActivityDefinition-IMMZ.DT.19.Dengue.01.html\">IMMZ.DT.19.Dengue.01</a></p></blockquote><blockquote><p><b>action</b></p><p><b>title</b>: Immunize Patient for Dengue - 1 Dose given 6 months ago</p><p><b>description</b>: Provide Dengue immunizations – using the &quot;Dengue vaccine immunization – 1 PREVIOUS&quot; schedule (3 dose scheme)</p><blockquote><p><b>condition</b></p><p><b>kind</b>: applicability</p><h3>Expressions</h3><table class=\"grid\"><tr><td>-</td><td><b>Description</b></td><td><b>Language</b></td><td><b>Expression</b></td></tr><tr><td>*</td><td>&quot;Dengue vaccine immunization history&quot; = &quot;1 dose&quot;</td><td>text/cql</td><td>Should vaccinate patient for Dengue because 1st dose given 6 months ago in a 3 dose scheme</td></tr></table></blockquote><blockquote><p><b>condition</b></p><p><b>kind</b>: applicability</p><h3>Expressions</h3><table class=\"grid\"><tr><td>-</td><td><b>Description</b></td><td><b>Language</b></td><td><b>Expression</b></td></tr><tr><td>*</td><td>&quot;Date last Dengue dose given&quot; &gt;= &quot;6 months&quot;</td><td>text/cql</td><td>Should vaccinate patient for Dengue because 1st dose given 6 months ago in a 3 dose scheme</td></tr></table></blockquote><blockquote><p><b>condition</b></p><p><b>kind</b>: applicability</p><h3>Expressions</h3><table class=\"grid\"><tr><td>-</td><td><b>Description</b></td><td><b>Language</b></td><td><b>Expression</b></td></tr><tr><td>*</td><td>&quot;Pregnancy Status&quot; = FALSE</td><td>text/cql</td><td>Should vaccinate patient for Dengue because 1st dose given 6 months ago in a 3 dose scheme</td></tr></table></blockquote><blockquote><p><b>condition</b></p><p><b>kind</b>: applicability</p><h3>Expressions</h3><table class=\"grid\"><tr><td>-</td><td><b>Description</b></td><td><b>Language</b></td><td><b>Expression</b></td></tr><tr><td>*</td><td>&quot;Individual is Seronegative for Dengue&quot; = FALSE</td><td>text/cql</td><td>Should vaccinate patient for Dengue because 1st dose given 6 months ago in a 3 dose scheme</td></tr></table></blockquote><p><b>definition</b>: <a href=\"ActivityDefinition-IMMZ.DT.19.Dengue.02.html\">IMMZ.DT.19.Dengue.02</a></p></blockquote><blockquote><p><b>action</b></p><p><b>title</b>: Immunize Patient for Dengue - 2 Doses given 6 months ago</p><p><b>description</b>: Provide Dengue immunizations – using the &quot;Dengue vaccine immunization – 2 PREVIOUS&quot; schedule (3 dose scheme)</p><blockquote><p><b>condition</b></p><p><b>kind</b>: applicability</p><h3>Expressions</h3><table class=\"grid\"><tr><td>-</td><td><b>Description</b></td><td><b>Language</b></td><td><b>Expression</b></td></tr><tr><td>*</td><td>&quot;Dengue vaccine immunization history&quot; = &quot;2 doses&quot;</td><td>text/cql</td><td>Should vaccinate patient for Dengue because 2nd dose given 6 months ago in a 3 dose scheme</td></tr></table></blockquote><blockquote><p><b>condition</b></p><p><b>kind</b>: applicability</p><h3>Expressions</h3><table class=\"grid\"><tr><td>-</td><td><b>Description</b></td><td><b>Language</b></td><td><b>Expression</b></td></tr><tr><td>*</td><td>&quot;Date last Dengue dose given&quot; &gt;= &quot;6 months&quot;</td><td>text/cql</td><td>Should vaccinate patient for Dengue because 2nd dose given 6 months ago in a 3 dose scheme</td></tr></table></blockquote><blockquote><p><b>condition</b></p><p><b>kind</b>: applicability</p><h3>Expressions</h3><table class=\"grid\"><tr><td>-</td><td><b>Description</b></td><td><b>Language</b></td><td><b>Expression</b></td></tr><tr><td>*</td><td>&quot;Pregnancy Status&quot; = FALSE</td><td>text/cql</td><td>Should vaccinate patient for Dengue because 2nd dose given 6 months ago in a 3 dose scheme</td></tr></table></blockquote><blockquote><p><b>condition</b></p><p><b>kind</b>: applicability</p><h3>Expressions</h3><table class=\"grid\"><tr><td>-</td><td><b>Description</b></td><td><b>Language</b></td><td><b>Expression</b></td></tr><tr><td>*</td><td>&quot;Individual is Seronegative for Dengue&quot; = FALSE</td><td>text/cql</td><td>Should vaccinate patient for Dengue because 2nd dose given 6 months ago in a 3 dose scheme</td></tr></table></blockquote><p><b>definition</b>: <a href=\"ActivityDefinition-IMMZ.DT.19.Dengue.03.html\">IMMZ.DT.19.Dengue.03</a></p></blockquote></div>"
  },
  "url" : "http://fhir.org/guides/who/smart-immunization/PlanDefinition/IMMZ.DT.19.Dengue",
  "version" : "0.1.0",
  "name" : "IMMZ.DT.19.Dengue",
  "title" : "IMMZ.DT.19.Dengue",
  "status" : "draft",
  "date" : "2023-03-31T14:00:01+00:00",
  "publisher" : "World Health Organization (WHO)",
  "description" : "If child or person has not been vaccinated, give Dengue vaccine between 9 and 45 years of age",
  "jurisdiction" : [{
    "coding" : [{
      "system" : "http://unstats.un.org/unsd/methods/m49/m49.htm",
      "code" : "001"
    }]
  }],
  "library" : ["http://fhir.org/guides/who/smart-immunization/Library/IMMZDT19"],
  "action" : [{
    "title" : "Immunize Patient for Dengue - No Doses at 9 years old",
    "description" : "Provide Dengue immunizations – using the \"Dengue vaccine immunization – NO PREVIOUS\" schedule (3 dose scheme)",
    "condition" : [{
      "kind" : "applicability",
      "expression" : {
        "description" : "\"Dengue vaccine immunization history\" = \"No-doses\"",
        "language" : "text/cql",
        "expression" : "Should vaccinate patient for Dengue because no doses at 9 years old in a 3 dose scheme"
      }
    },
    {
      "kind" : "applicability",
      "expression" : {
        "description" : "\"Current Patient Age in Years\" >= 9",
        "language" : "text/cql",
        "expression" : "Should vaccinate patient for Dengue because no doses at 9 years old in a 3 dose scheme"
      }
    },
    {
      "kind" : "applicability",
      "expression" : {
        "description" : "\"Current Patient Age in Years\" <= 45",
        "language" : "text/cql",
        "expression" : "Should vaccinate patient for Dengue because no doses at 9 years old in a 3 dose scheme"
      }
    },
    {
      "kind" : "applicability",
      "expression" : {
        "description" : "\"Pregnancy Status\" = FALSE",
        "language" : "text/cql",
        "expression" : "Should vaccinate patient for Dengue because no doses at 9 years old in a 3 dose scheme"
      }
    },
    {
      "kind" : "applicability",
      "expression" : {
        "description" : "\"Individual is Seronegative for Dengue\" = FALSE",
        "language" : "text/cql",
        "expression" : "Should vaccinate patient for Dengue because no doses at 9 years old in a 3 dose scheme"
      }
    }],
    "definitionCanonical" : "http://fhir.org/guides/who/smart-immunization/ActivityDefinition/IMMZ.DT.19.Dengue.01"
  },
  {
    "title" : "Immunize Patient for Dengue - 1 Dose given 6 months ago",
    "description" : "Provide Dengue immunizations – using the \"Dengue vaccine immunization – 1 PREVIOUS\" schedule (3 dose scheme)",
    "condition" : [{
      "kind" : "applicability",
      "expression" : {
        "description" : "\"Dengue vaccine immunization history\" = \"1 dose\"",
        "language" : "text/cql",
        "expression" : "Should vaccinate patient for Dengue because 1st dose given 6 months ago in a 3 dose scheme"
      }
    },
    {
      "kind" : "applicability",
      "expression" : {
        "description" : "\"Date last Dengue dose given\" >= \"6 months\"",
        "language" : "text/cql",
        "expression" : "Should vaccinate patient for Dengue because 1st dose given 6 months ago in a 3 dose scheme"
      }
    },
    {
      "kind" : "applicability",
      "expression" : {
        "description" : "\"Pregnancy Status\" = FALSE",
        "language" : "text/cql",
        "expression" : "Should vaccinate patient for Dengue because 1st dose given 6 months ago in a 3 dose scheme"
      }
    },
    {
      "kind" : "applicability",
      "expression" : {
        "description" : "\"Individual is Seronegative for Dengue\" = FALSE",
        "language" : "text/cql",
        "expression" : "Should vaccinate patient for Dengue because 1st dose given 6 months ago in a 3 dose scheme"
      }
    }],
    "definitionCanonical" : "http://fhir.org/guides/who/smart-immunization/ActivityDefinition/IMMZ.DT.19.Dengue.02"
  },
  {
    "title" : "Immunize Patient for Dengue - 2 Doses given 6 months ago",
    "description" : "Provide Dengue immunizations – using the \"Dengue vaccine immunization – 2 PREVIOUS\" schedule (3 dose scheme)",
    "condition" : [{
      "kind" : "applicability",
      "expression" : {
        "description" : "\"Dengue vaccine immunization history\" = \"2 doses\"",
        "language" : "text/cql",
        "expression" : "Should vaccinate patient for Dengue because 2nd dose given 6 months ago in a 3 dose scheme"
      }
    },
    {
      "kind" : "applicability",
      "expression" : {
        "description" : "\"Date last Dengue dose given\" >= \"6 months\"",
        "language" : "text/cql",
        "expression" : "Should vaccinate patient for Dengue because 2nd dose given 6 months ago in a 3 dose scheme"
      }
    },
    {
      "kind" : "applicability",
      "expression" : {
        "description" : "\"Pregnancy Status\" = FALSE",
        "language" : "text/cql",
        "expression" : "Should vaccinate patient for Dengue because 2nd dose given 6 months ago in a 3 dose scheme"
      }
    },
    {
      "kind" : "applicability",
      "expression" : {
        "description" : "\"Individual is Seronegative for Dengue\" = FALSE",
        "language" : "text/cql",
        "expression" : "Should vaccinate patient for Dengue because 2nd dose given 6 months ago in a 3 dose scheme"
      }
    }],
    "definitionCanonical" : "http://fhir.org/guides/who/smart-immunization/ActivityDefinition/IMMZ.DT.19.Dengue.03"
  }]
}