{
  "resourceType" : "PlanDefinition",
  "id" : "IMMZ.DT.15.Cholera",
  "text" : {
    "status" : "generated",
    "div" : "<div xmlns=\"http://www.w3.org/1999/xhtml\"><p><b>Generated Narrative: PlanDefinition</b><a name=\"IMMZ.DT.15.Cholera\"> </a></p><div style=\"display: inline-block; background-color: #d9e0e7; padding: 6px; margin: 4px; border: 1px solid #8da1b4; border-radius: 5px; line-height: 60%\"><p style=\"margin-bottom: 0px\">Resource PlanDefinition &quot;IMMZ.DT.15.Cholera&quot; </p></div><p><b>url</b>: <code>http://fhir.org/guides/who/smart-immunization/PlanDefinition/IMMZ.DT.15.Cholera</code></p><p><b>version</b>: 0.1.0</p><p><b>name</b>: IMMZ.DT.15.Cholera</p><p><b>title</b>: IMMZ.DT.15.Cholera</p><p><b>status</b>: draft</p><p><b>date</b>: 2023-03-31 14:40:29+0000</p><p><b>publisher</b>: World Health Organization (WHO)</p><p><b>description</b>: If child or person has not been vaccinated, give the Cholera vaccine to child greater than or equal to 1 year old and adults</p><p><b>jurisdiction</b>: Global (Whole world) <span style=\"background: LightGoldenRodYellow; margin: 4px; border: 1px solid khaki\"> (m49.htm#001)</span></p><p><b>library</b>: <a href=\"Library-IMMZDT15.html\">IMMZDT15</a></p><blockquote><p><b>action</b></p><p><b>title</b>: Immunize Patient for Cholera - No Doses</p><p><b>description</b>: Provide Cholera immunizations – using the &quot;WC vaccines (Shanchol, Euvchol, and mORCVAX) immunization – NO PREVIOUS&quot; schedule (2 dose scheme)</p><blockquote><p><b>condition</b></p><p><b>kind</b>: applicability</p><h3>Expressions</h3><table class=\"grid\"><tr><td>-</td><td><b>Description</b></td><td><b>Language</b></td><td><b>Expression</b></td></tr><tr><td>*</td><td>&quot;Cholera vaccine immunization history&quot; = &quot;No-doses&quot;</td><td>text/cql</td><td>Should vaccinate patient with a WC vaccines (Shanchol, Euvchol, and mORCVAX)</td></tr></table></blockquote><blockquote><p><b>condition</b></p><p><b>kind</b>: applicability</p><h3>Expressions</h3><table class=\"grid\"><tr><td>-</td><td><b>Description</b></td><td><b>Language</b></td><td><b>Expression</b></td></tr><tr><td>*</td><td>&quot;Current Patient Age in Years&quot; &gt;= 1</td><td>text/cql</td><td>Should vaccinate patient with a WC vaccines (Shanchol, Euvchol, and mORCVAX)</td></tr></table></blockquote><blockquote><p><b>condition</b></p><p><b>kind</b>: applicability</p><h3>Expressions</h3><table class=\"grid\"><tr><td>-</td><td><b>Description</b></td><td><b>Language</b></td><td><b>Expression</b></td></tr><tr><td>*</td><td>&quot;Region recommends Cholera vaccination&quot; = TRUE</td><td>text/cql</td><td>Should vaccinate patient with a WC vaccines (Shanchol, Euvchol, and mORCVAX)</td></tr></table></blockquote><p><b>definition</b>: <a href=\"ActivityDefinition-IMMZ.DT.15.Cholera.01.html\">IMMZ.DT.15.Cholera.01</a></p></blockquote><blockquote><p><b>action</b></p><p><b>title</b>: Immunize Patient for Cholera - 1 Dose</p><p><b>description</b>: Provide Cholera immunizations – using the &quot;WC vaccines (Shanchol, Euvchol, and mORCVAX) immunization –1 PREVIOUS&quot; schedule (2 dose scheme)</p><blockquote><p><b>condition</b></p><p><b>kind</b>: applicability</p><h3>Expressions</h3><table class=\"grid\"><tr><td>-</td><td><b>Description</b></td><td><b>Language</b></td><td><b>Expression</b></td></tr><tr><td>*</td><td>&quot;Cholera vaccine immunization history&quot; = &quot;1 dose&quot;</td><td>text/cql</td><td>Should vaccinate patient with a WC vaccines (Shanchol, Euvchol, and mORCVAX)</td></tr></table></blockquote><blockquote><p><b>condition</b></p><p><b>kind</b>: applicability</p><h3>Expressions</h3><table class=\"grid\"><tr><td>-</td><td><b>Description</b></td><td><b>Language</b></td><td><b>Expression</b></td></tr><tr><td>*</td><td>&quot;Date last Cholera dose given&quot; &gt;= &quot;2 weeks&quot;</td><td>text/cql</td><td>Should vaccinate patient with a WC vaccines (Shanchol, Euvchol, and mORCVAX)</td></tr></table></blockquote><blockquote><p><b>condition</b></p><p><b>kind</b>: applicability</p><h3>Expressions</h3><table class=\"grid\"><tr><td>-</td><td><b>Description</b></td><td><b>Language</b></td><td><b>Expression</b></td></tr><tr><td>*</td><td>&quot;Type of last Cholera dose&quot; = &quot;WC vaccines&quot;</td><td>text/cql</td><td>Should vaccinate patient with a WC vaccines (Shanchol, Euvchol, and mORCVAX)</td></tr></table></blockquote><p><b>definition</b>: <a href=\"ActivityDefinition-IMMZ.DT.15.Cholera.02.html\">IMMZ.DT.15.Cholera.02</a></p></blockquote><blockquote><p><b>action</b></p><p><b>title</b>: Immunize Patient for Cholera - Last dose given 3 years ago</p><p><b>description</b>: Provide Cholera revaccination – using the &quot;WC vaccines (Shanchol, Euvchol, and mORCVAX) immunization – Revaccination every 3 years&quot; schedule (2 dose scheme)</p><blockquote><p><b>condition</b></p><p><b>kind</b>: applicability</p><h3>Expressions</h3><table class=\"grid\"><tr><td>-</td><td><b>Description</b></td><td><b>Language</b></td><td><b>Expression</b></td></tr><tr><td>*</td><td>&quot;Patient has completed Cholera primary series&quot; = TRUE</td><td>text/cql</td><td>Should Re-vaccinate patient with a WC vaccines (Shanchol, Euvchol, and mORCVAX) on a 2 dose scheme</td></tr></table></blockquote><blockquote><p><b>condition</b></p><p><b>kind</b>: applicability</p><h3>Expressions</h3><table class=\"grid\"><tr><td>-</td><td><b>Description</b></td><td><b>Language</b></td><td><b>Expression</b></td></tr><tr><td>*</td><td>&quot;Date last Cholera dose given&quot; &gt;=  &quot;3 years&quot;</td><td>text/cql</td><td>Should Re-vaccinate patient with a WC vaccines (Shanchol, Euvchol, and mORCVAX) on a 2 dose scheme</td></tr></table></blockquote><blockquote><p><b>condition</b></p><p><b>kind</b>: applicability</p><h3>Expressions</h3><table class=\"grid\"><tr><td>-</td><td><b>Description</b></td><td><b>Language</b></td><td><b>Expression</b></td></tr><tr><td>*</td><td>&quot;Type of last Cholera dose&quot; = &quot;WC vaccines&quot;</td><td>text/cql</td><td>Should Re-vaccinate patient with a WC vaccines (Shanchol, Euvchol, and mORCVAX) on a 2 dose scheme</td></tr></table></blockquote><blockquote><p><b>condition</b></p><p><b>kind</b>: applicability</p><h3>Expressions</h3><table class=\"grid\"><tr><td>-</td><td><b>Description</b></td><td><b>Language</b></td><td><b>Expression</b></td></tr><tr><td>*</td><td>&quot;Region recommends Cholera vaccination&quot; = TRUE</td><td>text/cql</td><td>Should Re-vaccinate patient with a WC vaccines (Shanchol, Euvchol, and mORCVAX) on a 2 dose scheme</td></tr></table></blockquote><p><b>definition</b>: <a href=\"ActivityDefinition-IMMZ.DT.15.Cholera.03.html\">IMMZ.DT.15.Cholera.03</a></p></blockquote><blockquote><p><b>action</b></p><p><b>title</b>: Immunize Patient for Cholera - No Doses</p><p><b>description</b>: Provide Cholera immunizations – using the &quot;WC-rBS vaccine (Dukoral) immunization – NO PREVIOUS&quot; schedule (3 dose scheme)</p><blockquote><p><b>condition</b></p><p><b>kind</b>: applicability</p><h3>Expressions</h3><table class=\"grid\"><tr><td>-</td><td><b>Description</b></td><td><b>Language</b></td><td><b>Expression</b></td></tr><tr><td>*</td><td>&quot;Cholera vaccine immunization history&quot; = &quot;No-doses&quot;</td><td>text/cql</td><td>Should vaccinate patient with WC-rBS vaccine (Dukoral)</td></tr></table></blockquote><blockquote><p><b>condition</b></p><p><b>kind</b>: applicability</p><h3>Expressions</h3><table class=\"grid\"><tr><td>-</td><td><b>Description</b></td><td><b>Language</b></td><td><b>Expression</b></td></tr><tr><td>*</td><td>&quot;Current Patient Age in Years&quot; &gt;= 2</td><td>text/cql</td><td>Should vaccinate patient with WC-rBS vaccine (Dukoral)</td></tr></table></blockquote><blockquote><p><b>condition</b></p><p><b>kind</b>: applicability</p><h3>Expressions</h3><table class=\"grid\"><tr><td>-</td><td><b>Description</b></td><td><b>Language</b></td><td><b>Expression</b></td></tr><tr><td>*</td><td>&quot;Current Patient Age in Years&quot; &lt;= 5</td><td>text/cql</td><td>Should vaccinate patient with WC-rBS vaccine (Dukoral)</td></tr></table></blockquote><blockquote><p><b>condition</b></p><p><b>kind</b>: applicability</p><h3>Expressions</h3><table class=\"grid\"><tr><td>-</td><td><b>Description</b></td><td><b>Language</b></td><td><b>Expression</b></td></tr><tr><td>*</td><td>&quot;Region recommends Cholera vaccination&quot; = TRUE</td><td>text/cql</td><td>Should vaccinate patient with WC-rBS vaccine (Dukoral)</td></tr></table></blockquote><p><b>definition</b>: <a href=\"ActivityDefinition-IMMZ.DT.15.Cholera.04.html\">IMMZ.DT.15.Cholera.04</a></p></blockquote><blockquote><p><b>action</b></p><p><b>title</b>: Immunize Patient for Cholera - 1 dose</p><p><b>description</b>: Provide Cholera immunizations – using the &quot;WC-rBS vaccine (Dukoral) immunization – 1 PREVIOUS&quot; schedule (3 dose scheme), doses to be given in an interval of</p><blockquote><p><b>condition</b></p><p><b>kind</b>: applicability</p><h3>Expressions</h3><table class=\"grid\"><tr><td>-</td><td><b>Description</b></td><td><b>Language</b></td><td><b>Expression</b></td></tr><tr><td>*</td><td>&quot;Cholera vaccine immunization history&quot; = &quot;1 dose&quot;</td><td>text/cql</td><td>Should vaccinate patient with WC-rBS vaccine (Dukoral)</td></tr></table></blockquote><blockquote><p><b>condition</b></p><p><b>kind</b>: applicability</p><h3>Expressions</h3><table class=\"grid\"><tr><td>-</td><td><b>Description</b></td><td><b>Language</b></td><td><b>Expression</b></td></tr><tr><td>*</td><td>&quot;Date last Cholera dose given&quot; &gt;= &quot;1 week&quot;</td><td>text/cql</td><td>Should vaccinate patient with WC-rBS vaccine (Dukoral)</td></tr></table></blockquote><blockquote><p><b>condition</b></p><p><b>kind</b>: applicability</p><h3>Expressions</h3><table class=\"grid\"><tr><td>-</td><td><b>Description</b></td><td><b>Language</b></td><td><b>Expression</b></td></tr><tr><td>*</td><td>&quot;Date last Cholera dose given&quot; &lt;= &quot;6 months&quot;</td><td>text/cql</td><td>Should vaccinate patient with WC-rBS vaccine (Dukoral)</td></tr></table></blockquote><blockquote><p><b>condition</b></p><p><b>kind</b>: applicability</p><h3>Expressions</h3><table class=\"grid\"><tr><td>-</td><td><b>Description</b></td><td><b>Language</b></td><td><b>Expression</b></td></tr><tr><td>*</td><td>&quot;Type of last Cholera dose&quot; = &quot;WC-rBS vaccine&quot;</td><td>text/cql</td><td>Should vaccinate patient with WC-rBS vaccine (Dukoral)</td></tr></table></blockquote><p><b>definition</b>: <a href=\"ActivityDefinition-IMMZ.DT.15.Cholera.05.html\">IMMZ.DT.15.Cholera.05</a></p></blockquote><blockquote><p><b>action</b></p><p><b>title</b>: Immunize Patient for Cholera - 2 doses</p><p><b>description</b>: Provide Cholera immunizations – using the &quot;WC-rBS vaccine (Dukoral) immunization – 2 PREVIOUS&quot; schedule (3 dose scheme)</p><blockquote><p><b>condition</b></p><p><b>kind</b>: applicability</p><h3>Expressions</h3><table class=\"grid\"><tr><td>-</td><td><b>Description</b></td><td><b>Language</b></td><td><b>Expression</b></td></tr><tr><td>*</td><td>&quot;Cholera vaccine immunization history&quot; = &quot;2 doses&quot;</td><td>text/cql</td><td>Should vaccinate patient with WC-rBS vaccine (Dukoral)</td></tr></table></blockquote><blockquote><p><b>condition</b></p><p><b>kind</b>: applicability</p><h3>Expressions</h3><table class=\"grid\"><tr><td>-</td><td><b>Description</b></td><td><b>Language</b></td><td><b>Expression</b></td></tr><tr><td>*</td><td>&quot;Date last Cholera dose given&quot; &gt;= &quot;1 week&quot;</td><td>text/cql</td><td>Should vaccinate patient with WC-rBS vaccine (Dukoral)</td></tr></table></blockquote><blockquote><p><b>condition</b></p><p><b>kind</b>: applicability</p><h3>Expressions</h3><table class=\"grid\"><tr><td>-</td><td><b>Description</b></td><td><b>Language</b></td><td><b>Expression</b></td></tr><tr><td>*</td><td>&quot;Date last Cholera dose given&quot; &lt;= &quot;6 months&quot;</td><td>text/cql</td><td>Should vaccinate patient with WC-rBS vaccine (Dukoral)</td></tr></table></blockquote><blockquote><p><b>condition</b></p><p><b>kind</b>: applicability</p><h3>Expressions</h3><table class=\"grid\"><tr><td>-</td><td><b>Description</b></td><td><b>Language</b></td><td><b>Expression</b></td></tr><tr><td>*</td><td>&quot;Type of last Cholera dose&quot; = &quot;WC-rBS vaccine&quot;</td><td>text/cql</td><td>Should vaccinate patient with WC-rBS vaccine (Dukoral)</td></tr></table></blockquote><p><b>definition</b>: <a href=\"ActivityDefinition-IMMZ.DT.15.Cholera.06.html\">IMMZ.DT.15.Cholera.06</a></p></blockquote><blockquote><p><b>action</b></p><p><b>title</b>: Immunize Patient for Cholera - revaccination for ages 2-5 within 6 months of last WC-rBS dose</p><p><b>description</b>: Provide Cholera revaccination – using the &quot;WC-rBS vaccine (Dukoral) immunization – Revaccination every 6 months&quot; schedule (1 dose scheme)</p><blockquote><p><b>condition</b></p><p><b>kind</b>: applicability</p><h3>Expressions</h3><table class=\"grid\"><tr><td>-</td><td><b>Description</b></td><td><b>Language</b></td><td><b>Expression</b></td></tr><tr><td>*</td><td>&quot;Patient has completed Cholera primary series&quot; = TRUE</td><td>text/cql</td><td>Should re-vaccinate patient with WC-rBS vaccine (Dukoral)</td></tr></table></blockquote><blockquote><p><b>condition</b></p><p><b>kind</b>: applicability</p><h3>Expressions</h3><table class=\"grid\"><tr><td>-</td><td><b>Description</b></td><td><b>Language</b></td><td><b>Expression</b></td></tr><tr><td>*</td><td>&quot;Current Patient Age in Years&quot; &gt;= 2</td><td>text/cql</td><td>Should re-vaccinate patient with WC-rBS vaccine (Dukoral)</td></tr></table></blockquote><blockquote><p><b>condition</b></p><p><b>kind</b>: applicability</p><h3>Expressions</h3><table class=\"grid\"><tr><td>-</td><td><b>Description</b></td><td><b>Language</b></td><td><b>Expression</b></td></tr><tr><td>*</td><td>&quot;Current Patient Age in Years&quot; &lt;= 5</td><td>text/cql</td><td>Should re-vaccinate patient with WC-rBS vaccine (Dukoral)</td></tr></table></blockquote><blockquote><p><b>condition</b></p><p><b>kind</b>: applicability</p><h3>Expressions</h3><table class=\"grid\"><tr><td>-</td><td><b>Description</b></td><td><b>Language</b></td><td><b>Expression</b></td></tr><tr><td>*</td><td>&quot;Date last Cholera dose given&quot; &lt;= &quot;6 months&quot;</td><td>text/cql</td><td>Should re-vaccinate patient with WC-rBS vaccine (Dukoral)</td></tr></table></blockquote><blockquote><p><b>condition</b></p><p><b>kind</b>: applicability</p><h3>Expressions</h3><table class=\"grid\"><tr><td>-</td><td><b>Description</b></td><td><b>Language</b></td><td><b>Expression</b></td></tr><tr><td>*</td><td>&quot;Type of last Cholera dose&quot; = &quot;WC-rBS vaccine&quot;</td><td>text/cql</td><td>Should re-vaccinate patient with WC-rBS vaccine (Dukoral)</td></tr></table></blockquote><blockquote><p><b>condition</b></p><p><b>kind</b>: applicability</p><h3>Expressions</h3><table class=\"grid\"><tr><td>-</td><td><b>Description</b></td><td><b>Language</b></td><td><b>Expression</b></td></tr><tr><td>*</td><td>&quot;Region recommends Cholera vaccination&quot; = TRUE</td><td>text/cql</td><td>Should re-vaccinate patient with WC-rBS vaccine (Dukoral)</td></tr></table></blockquote><p><b>definition</b>: <a href=\"ActivityDefinition-IMMZ.DT.15.Cholera.07.html\">IMMZ.DT.15.Cholera.07</a></p></blockquote><blockquote><p><b>action</b></p><p><b>title</b>: Immunize Patient for Cholera - revaccination for ages 2-5 where last WC-rBS dose was given more than 6 months ago</p><p><b>description</b>: Provide Cholera revaccination – using the &quot;WC-rBS vaccine (Dukoral) immunization – Revaccination&quot; schedule (3 dose scheme)</p><blockquote><p><b>condition</b></p><p><b>kind</b>: applicability</p><h3>Expressions</h3><table class=\"grid\"><tr><td>-</td><td><b>Description</b></td><td><b>Language</b></td><td><b>Expression</b></td></tr><tr><td>*</td><td>&quot;Patient has completed Cholera primary series&quot; = TRUE</td><td>text/cql</td><td>Should Re-vaccinate patient with WC-rBS vaccine (Dukoral) on a 3 dose scheme</td></tr></table></blockquote><blockquote><p><b>condition</b></p><p><b>kind</b>: applicability</p><h3>Expressions</h3><table class=\"grid\"><tr><td>-</td><td><b>Description</b></td><td><b>Language</b></td><td><b>Expression</b></td></tr><tr><td>*</td><td>&quot;Current Patient Age in Years&quot; &gt;= 2</td><td>text/cql</td><td>Should Re-vaccinate patient with WC-rBS vaccine (Dukoral) on a 3 dose scheme</td></tr></table></blockquote><blockquote><p><b>condition</b></p><p><b>kind</b>: applicability</p><h3>Expressions</h3><table class=\"grid\"><tr><td>-</td><td><b>Description</b></td><td><b>Language</b></td><td><b>Expression</b></td></tr><tr><td>*</td><td>&quot;Current Patient Age in Years&quot; &lt;= 5</td><td>text/cql</td><td>Should Re-vaccinate patient with WC-rBS vaccine (Dukoral) on a 3 dose scheme</td></tr></table></blockquote><blockquote><p><b>condition</b></p><p><b>kind</b>: applicability</p><h3>Expressions</h3><table class=\"grid\"><tr><td>-</td><td><b>Description</b></td><td><b>Language</b></td><td><b>Expression</b></td></tr><tr><td>*</td><td>&quot;Date last Cholera dose given&quot; &gt;= &quot;6 months&quot;</td><td>text/cql</td><td>Should Re-vaccinate patient with WC-rBS vaccine (Dukoral) on a 3 dose scheme</td></tr></table></blockquote><blockquote><p><b>condition</b></p><p><b>kind</b>: applicability</p><h3>Expressions</h3><table class=\"grid\"><tr><td>-</td><td><b>Description</b></td><td><b>Language</b></td><td><b>Expression</b></td></tr><tr><td>*</td><td>&quot;Type of last Cholera dose&quot; = &quot;WC-rBS vaccine&quot;</td><td>text/cql</td><td>Should Re-vaccinate patient with WC-rBS vaccine (Dukoral) on a 3 dose scheme</td></tr></table></blockquote><blockquote><p><b>condition</b></p><p><b>kind</b>: applicability</p><h3>Expressions</h3><table class=\"grid\"><tr><td>-</td><td><b>Description</b></td><td><b>Language</b></td><td><b>Expression</b></td></tr><tr><td>*</td><td>&quot;Region recommends Cholera vaccination&quot; = TRUE</td><td>text/cql</td><td>Should Re-vaccinate patient with WC-rBS vaccine (Dukoral) on a 3 dose scheme</td></tr></table></blockquote><p><b>definition</b>: <a href=\"ActivityDefinition-IMMZ.DT.15.Cholera.08.html\">IMMZ.DT.15.Cholera.08</a></p></blockquote><blockquote><p><b>action</b></p><p><b>title</b>: Immunize Patient for Cholera - No doses</p><p><b>description</b>: Provide Cholera immunizations – using the &quot;WC-rBS vaccine (Dukoral) immunization – NO PREVIOUS&quot; schedule (2 dose scheme)</p><blockquote><p><b>condition</b></p><p><b>kind</b>: applicability</p><h3>Expressions</h3><table class=\"grid\"><tr><td>-</td><td><b>Description</b></td><td><b>Language</b></td><td><b>Expression</b></td></tr><tr><td>*</td><td>&quot;Cholera vaccine immunization history&quot; = &quot;No-doses&quot;</td><td>text/cql</td><td>Should vaccinate patient with WC-rBS vaccine (Dukoral)</td></tr></table></blockquote><blockquote><p><b>condition</b></p><p><b>kind</b>: applicability</p><h3>Expressions</h3><table class=\"grid\"><tr><td>-</td><td><b>Description</b></td><td><b>Language</b></td><td><b>Expression</b></td></tr><tr><td>*</td><td>&quot;Current Patient Age in Years&quot; &gt;= 6</td><td>text/cql</td><td>Should vaccinate patient with WC-rBS vaccine (Dukoral)</td></tr></table></blockquote><blockquote><p><b>condition</b></p><p><b>kind</b>: applicability</p><h3>Expressions</h3><table class=\"grid\"><tr><td>-</td><td><b>Description</b></td><td><b>Language</b></td><td><b>Expression</b></td></tr><tr><td>*</td><td>&quot;Region recommends Cholera vaccination&quot; = TRUE</td><td>text/cql</td><td>Should vaccinate patient with WC-rBS vaccine (Dukoral)</td></tr></table></blockquote><p><b>definition</b>: <a href=\"ActivityDefinition-IMMZ.DT.15.Cholera.09.html\">IMMZ.DT.15.Cholera.09</a></p></blockquote><blockquote><p><b>action</b></p><p><b>title</b>: Immunize Patient for Cholera - 1 dose</p><p><b>description</b>: Provide Cholera immunizations – using the &quot;WC-rBS vaccine (Dukoral) immunization – 1 PREVIOUS&quot; schedule (2 dose scheme)</p><blockquote><p><b>condition</b></p><p><b>kind</b>: applicability</p><h3>Expressions</h3><table class=\"grid\"><tr><td>-</td><td><b>Description</b></td><td><b>Language</b></td><td><b>Expression</b></td></tr><tr><td>*</td><td>&quot;Cholera vaccine immunization history&quot; = &quot;1 dose&quot;</td><td>text/cql</td><td>Should vaccinate patient with WC-rBS vaccine (Dukoral)</td></tr></table></blockquote><blockquote><p><b>condition</b></p><p><b>kind</b>: applicability</p><h3>Expressions</h3><table class=\"grid\"><tr><td>-</td><td><b>Description</b></td><td><b>Language</b></td><td><b>Expression</b></td></tr><tr><td>*</td><td>&quot;Date last Cholera dose given&quot; &gt;= &quot;1 week&quot;</td><td>text/cql</td><td>Should vaccinate patient with WC-rBS vaccine (Dukoral)</td></tr></table></blockquote><blockquote><p><b>condition</b></p><p><b>kind</b>: applicability</p><h3>Expressions</h3><table class=\"grid\"><tr><td>-</td><td><b>Description</b></td><td><b>Language</b></td><td><b>Expression</b></td></tr><tr><td>*</td><td>&quot;Date last Cholera dose given&quot; &lt;= &quot;6 weeks&quot;</td><td>text/cql</td><td>Should vaccinate patient with WC-rBS vaccine (Dukoral)</td></tr></table></blockquote><blockquote><p><b>condition</b></p><p><b>kind</b>: applicability</p><h3>Expressions</h3><table class=\"grid\"><tr><td>-</td><td><b>Description</b></td><td><b>Language</b></td><td><b>Expression</b></td></tr><tr><td>*</td><td>&quot;Type of last Cholera dose&quot; = &quot;WC-rBS vaccine&quot;</td><td>text/cql</td><td>Should vaccinate patient with WC-rBS vaccine (Dukoral)</td></tr></table></blockquote><p><b>definition</b>: <a href=\"ActivityDefinition-IMMZ.DT.15.Cholera.10.html\">IMMZ.DT.15.Cholera.10</a></p></blockquote><blockquote><p><b>action</b></p><p><b>title</b>: Immunize Patient for Cholera - revaccination for ages 6+ within 2 years of last WC-rBS dose</p><p><b>description</b>: Provide Cholera revaccination – using the &quot;WC-rBS vaccine (Dukoral) immunization – Revaccination every 2 years&quot; schedule (1 dose scheme)</p><blockquote><p><b>condition</b></p><p><b>kind</b>: applicability</p><h3>Expressions</h3><table class=\"grid\"><tr><td>-</td><td><b>Description</b></td><td><b>Language</b></td><td><b>Expression</b></td></tr><tr><td>*</td><td>&quot;Patient has completed Cholera primary series&quot; = TRUE</td><td>text/cql</td><td>Should re-vaccinate patient with WC-rBS vaccine (Dukoral)</td></tr></table></blockquote><blockquote><p><b>condition</b></p><p><b>kind</b>: applicability</p><h3>Expressions</h3><table class=\"grid\"><tr><td>-</td><td><b>Description</b></td><td><b>Language</b></td><td><b>Expression</b></td></tr><tr><td>*</td><td>&quot;Current Patient Age in Years&quot; &gt;= 6</td><td>text/cql</td><td>Should re-vaccinate patient with WC-rBS vaccine (Dukoral)</td></tr></table></blockquote><blockquote><p><b>condition</b></p><p><b>kind</b>: applicability</p><h3>Expressions</h3><table class=\"grid\"><tr><td>-</td><td><b>Description</b></td><td><b>Language</b></td><td><b>Expression</b></td></tr><tr><td>*</td><td>&quot;Date last Cholera dose given&quot; &lt;= &quot;2 years&quot;</td><td>text/cql</td><td>Should re-vaccinate patient with WC-rBS vaccine (Dukoral)</td></tr></table></blockquote><blockquote><p><b>condition</b></p><p><b>kind</b>: applicability</p><h3>Expressions</h3><table class=\"grid\"><tr><td>-</td><td><b>Description</b></td><td><b>Language</b></td><td><b>Expression</b></td></tr><tr><td>*</td><td>&quot;Type of last Cholera dose&quot; = &quot;WC-rBS vaccine&quot;</td><td>text/cql</td><td>Should re-vaccinate patient with WC-rBS vaccine (Dukoral)</td></tr></table></blockquote><blockquote><p><b>condition</b></p><p><b>kind</b>: applicability</p><h3>Expressions</h3><table class=\"grid\"><tr><td>-</td><td><b>Description</b></td><td><b>Language</b></td><td><b>Expression</b></td></tr><tr><td>*</td><td>&quot;Region recommends Cholera vaccination&quot; = TRUE</td><td>text/cql</td><td>Should re-vaccinate patient with WC-rBS vaccine (Dukoral)</td></tr></table></blockquote><p><b>definition</b>: <a href=\"ActivityDefinition-IMMZ.DT.15.Cholera.11.html\">IMMZ.DT.15.Cholera.11</a></p></blockquote><blockquote><p><b>action</b></p><p><b>title</b>: Immunize Patient for Cholera - revaccination for ages 6+ where last WC-rBS dose was given more than 2 years ago</p><p><b>description</b>: Provide Cholera revaccination – using the &quot;WC-rBS vaccine (Dukoral) immunization – Revaccination&quot; schedule (2 dose scheme)</p><blockquote><p><b>condition</b></p><p><b>kind</b>: applicability</p><h3>Expressions</h3><table class=\"grid\"><tr><td>-</td><td><b>Description</b></td><td><b>Language</b></td><td><b>Expression</b></td></tr><tr><td>*</td><td>&quot;Patient has completed Cholera primary series&quot; = TRUE</td><td>text/cql</td><td>Should Re-vaccinate patient with WC-rBS vaccine (Dukoral) on a 2 dose scheme</td></tr></table></blockquote><blockquote><p><b>condition</b></p><p><b>kind</b>: applicability</p><h3>Expressions</h3><table class=\"grid\"><tr><td>-</td><td><b>Description</b></td><td><b>Language</b></td><td><b>Expression</b></td></tr><tr><td>*</td><td>&quot;Current Patient Age in Years&quot; &gt;= 6</td><td>text/cql</td><td>Should Re-vaccinate patient with WC-rBS vaccine (Dukoral) on a 2 dose scheme</td></tr></table></blockquote><blockquote><p><b>condition</b></p><p><b>kind</b>: applicability</p><h3>Expressions</h3><table class=\"grid\"><tr><td>-</td><td><b>Description</b></td><td><b>Language</b></td><td><b>Expression</b></td></tr><tr><td>*</td><td>&quot;Date last Cholera dose given&quot; &gt;= &quot;2 years&quot;</td><td>text/cql</td><td>Should Re-vaccinate patient with WC-rBS vaccine (Dukoral) on a 2 dose scheme</td></tr></table></blockquote><blockquote><p><b>condition</b></p><p><b>kind</b>: applicability</p><h3>Expressions</h3><table class=\"grid\"><tr><td>-</td><td><b>Description</b></td><td><b>Language</b></td><td><b>Expression</b></td></tr><tr><td>*</td><td>&quot;Type of last Cholera dose&quot; = &quot;WC-rBS vaccine&quot;</td><td>text/cql</td><td>Should Re-vaccinate patient with WC-rBS vaccine (Dukoral) on a 2 dose scheme</td></tr></table></blockquote><blockquote><p><b>condition</b></p><p><b>kind</b>: applicability</p><h3>Expressions</h3><table class=\"grid\"><tr><td>-</td><td><b>Description</b></td><td><b>Language</b></td><td><b>Expression</b></td></tr><tr><td>*</td><td>&quot;Region recommends Cholera vaccination&quot; = TRUE</td><td>text/cql</td><td>Should Re-vaccinate patient with WC-rBS vaccine (Dukoral) on a 2 dose scheme</td></tr></table></blockquote><p><b>definition</b>: <a href=\"ActivityDefinition-IMMZ.DT.15.Cholera.12.html\">IMMZ.DT.15.Cholera.12</a></p></blockquote></div>"
  },
  "url" : "http://fhir.org/guides/who/smart-immunization/PlanDefinition/IMMZ.DT.15.Cholera",
  "version" : "0.1.0",
  "name" : "IMMZ.DT.15.Cholera",
  "title" : "IMMZ.DT.15.Cholera",
  "status" : "draft",
  "date" : "2023-03-31T14:40:29+00:00",
  "publisher" : "World Health Organization (WHO)",
  "description" : "If child or person has not been vaccinated, give the Cholera vaccine to child greater than or equal to 1 year old and adults",
  "jurisdiction" : [{
    "coding" : [{
      "system" : "http://unstats.un.org/unsd/methods/m49/m49.htm",
      "code" : "001"
    }]
  }],
  "library" : ["http://fhir.org/guides/who/smart-immunization/Library/IMMZDT15"],
  "action" : [{
    "title" : "Immunize Patient for Cholera - No Doses",
    "description" : "Provide Cholera immunizations – using the \"WC vaccines (Shanchol, Euvchol, and mORCVAX) immunization – NO PREVIOUS\" schedule (2 dose scheme)",
    "condition" : [{
      "kind" : "applicability",
      "expression" : {
        "description" : "\"Cholera vaccine immunization history\" = \"No-doses\"",
        "language" : "text/cql",
        "expression" : "Should vaccinate patient with a WC vaccines (Shanchol, Euvchol, and mORCVAX)"
      }
    },
    {
      "kind" : "applicability",
      "expression" : {
        "description" : "\"Current Patient Age in Years\" >= 1",
        "language" : "text/cql",
        "expression" : "Should vaccinate patient with a WC vaccines (Shanchol, Euvchol, and mORCVAX)"
      }
    },
    {
      "kind" : "applicability",
      "expression" : {
        "description" : "\"Region recommends Cholera vaccination\" = TRUE",
        "language" : "text/cql",
        "expression" : "Should vaccinate patient with a WC vaccines (Shanchol, Euvchol, and mORCVAX)"
      }
    }],
    "definitionCanonical" : "http://fhir.org/guides/who/smart-immunization/ActivityDefinition/IMMZ.DT.15.Cholera.01"
  },
  {
    "title" : "Immunize Patient for Cholera - 1 Dose",
    "description" : "Provide Cholera immunizations – using the \"WC vaccines (Shanchol, Euvchol, and mORCVAX) immunization –1 PREVIOUS\" schedule (2 dose scheme)",
    "condition" : [{
      "kind" : "applicability",
      "expression" : {
        "description" : "\"Cholera vaccine immunization history\" = \"1 dose\"",
        "language" : "text/cql",
        "expression" : "Should vaccinate patient with a WC vaccines (Shanchol, Euvchol, and mORCVAX)"
      }
    },
    {
      "kind" : "applicability",
      "expression" : {
        "description" : "\"Date last Cholera dose given\" >= \"2 weeks\"",
        "language" : "text/cql",
        "expression" : "Should vaccinate patient with a WC vaccines (Shanchol, Euvchol, and mORCVAX)"
      }
    },
    {
      "kind" : "applicability",
      "expression" : {
        "description" : "\"Type of last Cholera dose\" = \"WC vaccines\"",
        "language" : "text/cql",
        "expression" : "Should vaccinate patient with a WC vaccines (Shanchol, Euvchol, and mORCVAX)"
      }
    }],
    "definitionCanonical" : "http://fhir.org/guides/who/smart-immunization/ActivityDefinition/IMMZ.DT.15.Cholera.02"
  },
  {
    "title" : "Immunize Patient for Cholera - Last dose given 3 years ago",
    "description" : "Provide Cholera revaccination – using the \"WC vaccines (Shanchol, Euvchol, and mORCVAX) immunization – Revaccination every 3 years\" schedule (2 dose scheme)",
    "condition" : [{
      "kind" : "applicability",
      "expression" : {
        "description" : "\"Patient has completed Cholera primary series\" = TRUE",
        "language" : "text/cql",
        "expression" : "Should Re-vaccinate patient with a WC vaccines (Shanchol, Euvchol, and mORCVAX) on a 2 dose scheme"
      }
    },
    {
      "kind" : "applicability",
      "expression" : {
        "description" : "\"Date last Cholera dose given\" >=  \"3 years\"",
        "language" : "text/cql",
        "expression" : "Should Re-vaccinate patient with a WC vaccines (Shanchol, Euvchol, and mORCVAX) on a 2 dose scheme"
      }
    },
    {
      "kind" : "applicability",
      "expression" : {
        "description" : "\"Type of last Cholera dose\" = \"WC vaccines\"",
        "language" : "text/cql",
        "expression" : "Should Re-vaccinate patient with a WC vaccines (Shanchol, Euvchol, and mORCVAX) on a 2 dose scheme"
      }
    },
    {
      "kind" : "applicability",
      "expression" : {
        "description" : "\"Region recommends Cholera vaccination\" = TRUE",
        "language" : "text/cql",
        "expression" : "Should Re-vaccinate patient with a WC vaccines (Shanchol, Euvchol, and mORCVAX) on a 2 dose scheme"
      }
    }],
    "definitionCanonical" : "http://fhir.org/guides/who/smart-immunization/ActivityDefinition/IMMZ.DT.15.Cholera.03"
  },
  {
    "title" : "Immunize Patient for Cholera - No Doses",
    "description" : "Provide Cholera immunizations – using the \"WC-rBS vaccine (Dukoral) immunization – NO PREVIOUS\" schedule (3 dose scheme)",
    "condition" : [{
      "kind" : "applicability",
      "expression" : {
        "description" : "\"Cholera vaccine immunization history\" = \"No-doses\"",
        "language" : "text/cql",
        "expression" : "Should vaccinate patient with WC-rBS vaccine (Dukoral)"
      }
    },
    {
      "kind" : "applicability",
      "expression" : {
        "description" : "\"Current Patient Age in Years\" >= 2",
        "language" : "text/cql",
        "expression" : "Should vaccinate patient with WC-rBS vaccine (Dukoral)"
      }
    },
    {
      "kind" : "applicability",
      "expression" : {
        "description" : "\"Current Patient Age in Years\" <= 5",
        "language" : "text/cql",
        "expression" : "Should vaccinate patient with WC-rBS vaccine (Dukoral)"
      }
    },
    {
      "kind" : "applicability",
      "expression" : {
        "description" : "\"Region recommends Cholera vaccination\" = TRUE",
        "language" : "text/cql",
        "expression" : "Should vaccinate patient with WC-rBS vaccine (Dukoral)"
      }
    }],
    "definitionCanonical" : "http://fhir.org/guides/who/smart-immunization/ActivityDefinition/IMMZ.DT.15.Cholera.04"
  },
  {
    "title" : "Immunize Patient for Cholera - 1 dose",
    "description" : "Provide Cholera immunizations – using the \"WC-rBS vaccine (Dukoral) immunization – 1 PREVIOUS\" schedule (3 dose scheme), doses to be given in an interval of",
    "condition" : [{
      "kind" : "applicability",
      "expression" : {
        "description" : "\"Cholera vaccine immunization history\" = \"1 dose\"",
        "language" : "text/cql",
        "expression" : "Should vaccinate patient with WC-rBS vaccine (Dukoral)"
      }
    },
    {
      "kind" : "applicability",
      "expression" : {
        "description" : "\"Date last Cholera dose given\" >= \"1 week\"",
        "language" : "text/cql",
        "expression" : "Should vaccinate patient with WC-rBS vaccine (Dukoral)"
      }
    },
    {
      "kind" : "applicability",
      "expression" : {
        "description" : "\"Date last Cholera dose given\" <= \"6 months\"",
        "language" : "text/cql",
        "expression" : "Should vaccinate patient with WC-rBS vaccine (Dukoral)"
      }
    },
    {
      "kind" : "applicability",
      "expression" : {
        "description" : "\"Type of last Cholera dose\" = \"WC-rBS vaccine\"",
        "language" : "text/cql",
        "expression" : "Should vaccinate patient with WC-rBS vaccine (Dukoral)"
      }
    }],
    "definitionCanonical" : "http://fhir.org/guides/who/smart-immunization/ActivityDefinition/IMMZ.DT.15.Cholera.05"
  },
  {
    "title" : "Immunize Patient for Cholera - 2 doses",
    "description" : "Provide Cholera immunizations – using the \"WC-rBS vaccine (Dukoral) immunization – 2 PREVIOUS\" schedule (3 dose scheme)",
    "condition" : [{
      "kind" : "applicability",
      "expression" : {
        "description" : "\"Cholera vaccine immunization history\" = \"2 doses\"",
        "language" : "text/cql",
        "expression" : "Should vaccinate patient with WC-rBS vaccine (Dukoral)"
      }
    },
    {
      "kind" : "applicability",
      "expression" : {
        "description" : "\"Date last Cholera dose given\" >= \"1 week\"",
        "language" : "text/cql",
        "expression" : "Should vaccinate patient with WC-rBS vaccine (Dukoral)"
      }
    },
    {
      "kind" : "applicability",
      "expression" : {
        "description" : "\"Date last Cholera dose given\" <= \"6 months\"",
        "language" : "text/cql",
        "expression" : "Should vaccinate patient with WC-rBS vaccine (Dukoral)"
      }
    },
    {
      "kind" : "applicability",
      "expression" : {
        "description" : "\"Type of last Cholera dose\" = \"WC-rBS vaccine\"",
        "language" : "text/cql",
        "expression" : "Should vaccinate patient with WC-rBS vaccine (Dukoral)"
      }
    }],
    "definitionCanonical" : "http://fhir.org/guides/who/smart-immunization/ActivityDefinition/IMMZ.DT.15.Cholera.06"
  },
  {
    "title" : "Immunize Patient for Cholera - revaccination for ages 2-5 within 6 months of last WC-rBS dose",
    "description" : "Provide Cholera revaccination – using the \"WC-rBS vaccine (Dukoral) immunization – Revaccination every 6 months\" schedule (1 dose scheme)",
    "condition" : [{
      "kind" : "applicability",
      "expression" : {
        "description" : "\"Patient has completed Cholera primary series\" = TRUE",
        "language" : "text/cql",
        "expression" : "Should re-vaccinate patient with WC-rBS vaccine (Dukoral)"
      }
    },
    {
      "kind" : "applicability",
      "expression" : {
        "description" : "\"Current Patient Age in Years\" >= 2",
        "language" : "text/cql",
        "expression" : "Should re-vaccinate patient with WC-rBS vaccine (Dukoral)"
      }
    },
    {
      "kind" : "applicability",
      "expression" : {
        "description" : "\"Current Patient Age in Years\" <= 5",
        "language" : "text/cql",
        "expression" : "Should re-vaccinate patient with WC-rBS vaccine (Dukoral)"
      }
    },
    {
      "kind" : "applicability",
      "expression" : {
        "description" : "\"Date last Cholera dose given\" <= \"6 months\"",
        "language" : "text/cql",
        "expression" : "Should re-vaccinate patient with WC-rBS vaccine (Dukoral)"
      }
    },
    {
      "kind" : "applicability",
      "expression" : {
        "description" : "\"Type of last Cholera dose\" = \"WC-rBS vaccine\"",
        "language" : "text/cql",
        "expression" : "Should re-vaccinate patient with WC-rBS vaccine (Dukoral)"
      }
    },
    {
      "kind" : "applicability",
      "expression" : {
        "description" : "\"Region recommends Cholera vaccination\" = TRUE",
        "language" : "text/cql",
        "expression" : "Should re-vaccinate patient with WC-rBS vaccine (Dukoral)"
      }
    }],
    "definitionCanonical" : "http://fhir.org/guides/who/smart-immunization/ActivityDefinition/IMMZ.DT.15.Cholera.07"
  },
  {
    "title" : "Immunize Patient for Cholera - revaccination for ages 2-5 where last WC-rBS dose was given more than 6 months ago",
    "description" : "Provide Cholera revaccination – using the \"WC-rBS vaccine (Dukoral) immunization – Revaccination\" schedule (3 dose scheme)",
    "condition" : [{
      "kind" : "applicability",
      "expression" : {
        "description" : "\"Patient has completed Cholera primary series\" = TRUE",
        "language" : "text/cql",
        "expression" : "Should Re-vaccinate patient with WC-rBS vaccine (Dukoral) on a 3 dose scheme"
      }
    },
    {
      "kind" : "applicability",
      "expression" : {
        "description" : "\"Current Patient Age in Years\" >= 2",
        "language" : "text/cql",
        "expression" : "Should Re-vaccinate patient with WC-rBS vaccine (Dukoral) on a 3 dose scheme"
      }
    },
    {
      "kind" : "applicability",
      "expression" : {
        "description" : "\"Current Patient Age in Years\" <= 5",
        "language" : "text/cql",
        "expression" : "Should Re-vaccinate patient with WC-rBS vaccine (Dukoral) on a 3 dose scheme"
      }
    },
    {
      "kind" : "applicability",
      "expression" : {
        "description" : "\"Date last Cholera dose given\" >= \"6 months\"",
        "language" : "text/cql",
        "expression" : "Should Re-vaccinate patient with WC-rBS vaccine (Dukoral) on a 3 dose scheme"
      }
    },
    {
      "kind" : "applicability",
      "expression" : {
        "description" : "\"Type of last Cholera dose\" = \"WC-rBS vaccine\"",
        "language" : "text/cql",
        "expression" : "Should Re-vaccinate patient with WC-rBS vaccine (Dukoral) on a 3 dose scheme"
      }
    },
    {
      "kind" : "applicability",
      "expression" : {
        "description" : "\"Region recommends Cholera vaccination\" = TRUE",
        "language" : "text/cql",
        "expression" : "Should Re-vaccinate patient with WC-rBS vaccine (Dukoral) on a 3 dose scheme"
      }
    }],
    "definitionCanonical" : "http://fhir.org/guides/who/smart-immunization/ActivityDefinition/IMMZ.DT.15.Cholera.08"
  },
  {
    "title" : "Immunize Patient for Cholera - No doses",
    "description" : "Provide Cholera immunizations – using the \"WC-rBS vaccine (Dukoral) immunization – NO PREVIOUS\" schedule (2 dose scheme)",
    "condition" : [{
      "kind" : "applicability",
      "expression" : {
        "description" : "\"Cholera vaccine immunization history\" = \"No-doses\"",
        "language" : "text/cql",
        "expression" : "Should vaccinate patient with WC-rBS vaccine (Dukoral)"
      }
    },
    {
      "kind" : "applicability",
      "expression" : {
        "description" : "\"Current Patient Age in Years\" >= 6",
        "language" : "text/cql",
        "expression" : "Should vaccinate patient with WC-rBS vaccine (Dukoral)"
      }
    },
    {
      "kind" : "applicability",
      "expression" : {
        "description" : "\"Region recommends Cholera vaccination\" = TRUE",
        "language" : "text/cql",
        "expression" : "Should vaccinate patient with WC-rBS vaccine (Dukoral)"
      }
    }],
    "definitionCanonical" : "http://fhir.org/guides/who/smart-immunization/ActivityDefinition/IMMZ.DT.15.Cholera.09"
  },
  {
    "title" : "Immunize Patient for Cholera - 1 dose",
    "description" : "Provide Cholera immunizations – using the \"WC-rBS vaccine (Dukoral) immunization – 1 PREVIOUS\" schedule (2 dose scheme)",
    "condition" : [{
      "kind" : "applicability",
      "expression" : {
        "description" : "\"Cholera vaccine immunization history\" = \"1 dose\"",
        "language" : "text/cql",
        "expression" : "Should vaccinate patient with WC-rBS vaccine (Dukoral)"
      }
    },
    {
      "kind" : "applicability",
      "expression" : {
        "description" : "\"Date last Cholera dose given\" >= \"1 week\"",
        "language" : "text/cql",
        "expression" : "Should vaccinate patient with WC-rBS vaccine (Dukoral)"
      }
    },
    {
      "kind" : "applicability",
      "expression" : {
        "description" : "\"Date last Cholera dose given\" <= \"6 weeks\"",
        "language" : "text/cql",
        "expression" : "Should vaccinate patient with WC-rBS vaccine (Dukoral)"
      }
    },
    {
      "kind" : "applicability",
      "expression" : {
        "description" : "\"Type of last Cholera dose\" = \"WC-rBS vaccine\"",
        "language" : "text/cql",
        "expression" : "Should vaccinate patient with WC-rBS vaccine (Dukoral)"
      }
    }],
    "definitionCanonical" : "http://fhir.org/guides/who/smart-immunization/ActivityDefinition/IMMZ.DT.15.Cholera.10"
  },
  {
    "title" : "Immunize Patient for Cholera - revaccination for ages 6+ within 2 years of last WC-rBS dose",
    "description" : "Provide Cholera revaccination – using the \"WC-rBS vaccine (Dukoral) immunization – Revaccination every 2 years\" schedule (1 dose scheme)",
    "condition" : [{
      "kind" : "applicability",
      "expression" : {
        "description" : "\"Patient has completed Cholera primary series\" = TRUE",
        "language" : "text/cql",
        "expression" : "Should re-vaccinate patient with WC-rBS vaccine (Dukoral)"
      }
    },
    {
      "kind" : "applicability",
      "expression" : {
        "description" : "\"Current Patient Age in Years\" >= 6",
        "language" : "text/cql",
        "expression" : "Should re-vaccinate patient with WC-rBS vaccine (Dukoral)"
      }
    },
    {
      "kind" : "applicability",
      "expression" : {
        "description" : "\"Date last Cholera dose given\" <= \"2 years\"",
        "language" : "text/cql",
        "expression" : "Should re-vaccinate patient with WC-rBS vaccine (Dukoral)"
      }
    },
    {
      "kind" : "applicability",
      "expression" : {
        "description" : "\"Type of last Cholera dose\" = \"WC-rBS vaccine\"",
        "language" : "text/cql",
        "expression" : "Should re-vaccinate patient with WC-rBS vaccine (Dukoral)"
      }
    },
    {
      "kind" : "applicability",
      "expression" : {
        "description" : "\"Region recommends Cholera vaccination\" = TRUE",
        "language" : "text/cql",
        "expression" : "Should re-vaccinate patient with WC-rBS vaccine (Dukoral)"
      }
    }],
    "definitionCanonical" : "http://fhir.org/guides/who/smart-immunization/ActivityDefinition/IMMZ.DT.15.Cholera.11"
  },
  {
    "title" : "Immunize Patient for Cholera - revaccination for ages 6+ where last WC-rBS dose was given more than 2 years ago",
    "description" : "Provide Cholera revaccination – using the \"WC-rBS vaccine (Dukoral) immunization – Revaccination\" schedule (2 dose scheme)",
    "condition" : [{
      "kind" : "applicability",
      "expression" : {
        "description" : "\"Patient has completed Cholera primary series\" = TRUE",
        "language" : "text/cql",
        "expression" : "Should Re-vaccinate patient with WC-rBS vaccine (Dukoral) on a 2 dose scheme"
      }
    },
    {
      "kind" : "applicability",
      "expression" : {
        "description" : "\"Current Patient Age in Years\" >= 6",
        "language" : "text/cql",
        "expression" : "Should Re-vaccinate patient with WC-rBS vaccine (Dukoral) on a 2 dose scheme"
      }
    },
    {
      "kind" : "applicability",
      "expression" : {
        "description" : "\"Date last Cholera dose given\" >= \"2 years\"",
        "language" : "text/cql",
        "expression" : "Should Re-vaccinate patient with WC-rBS vaccine (Dukoral) on a 2 dose scheme"
      }
    },
    {
      "kind" : "applicability",
      "expression" : {
        "description" : "\"Type of last Cholera dose\" = \"WC-rBS vaccine\"",
        "language" : "text/cql",
        "expression" : "Should Re-vaccinate patient with WC-rBS vaccine (Dukoral) on a 2 dose scheme"
      }
    },
    {
      "kind" : "applicability",
      "expression" : {
        "description" : "\"Region recommends Cholera vaccination\" = TRUE",
        "language" : "text/cql",
        "expression" : "Should Re-vaccinate patient with WC-rBS vaccine (Dukoral) on a 2 dose scheme"
      }
    }],
    "definitionCanonical" : "http://fhir.org/guides/who/smart-immunization/ActivityDefinition/IMMZ.DT.15.Cholera.12"
  }]
}