{
  "resourceType" : "ValueSet",
  "id" : "PositiveTestResult-values",
  "text" : {
    "status" : "generated",
    "div" : "<div xmlns=\"http://www.w3.org/1999/xhtml\"><ul><li>Include these codes as defined in <a href=\"http://www.snomed.org/\"><code>http://snomed.info/sct</code></a><table class=\"none\"><tr><td style=\"white-space:nowrap\"><b>Code</b></td><td><b>Display</b></td></tr><tr><td><a href=\"http://snomed.info/id/10828004\">10828004</a></td><td>Positive (qualifier value)</td></tr></table></li></ul></div>"
  },
  "url" : "http://fhir.org/guides/who/smart-immunization/ValueSet/PositiveTestResult-values",
  "version" : "0.1.0",
  "name" : "PositiveTestResultvalues",
  "title" : "Positive Test Result valuest",
  "status" : "draft",
  "experimental" : false,
  "date" : "2023-03-31T14:40:29+00:00",
  "publisher" : "World Health Organization (WHO)",
  "description" : "Codes representing Positive Test Result values",
  "jurisdiction" : [{
    "coding" : [{
      "system" : "http://unstats.un.org/unsd/methods/m49/m49.htm",
      "code" : "001"
    }]
  }],
  "immutable" : true,
  "compose" : {
    "include" : [{
      "system" : "http://snomed.info/sct",
      "concept" : [{
        "code" : "10828004",
        "display" : "Positive (qualifier value)"
      }]
    }]
  }
}