<?xml version="1.0" encoding="UTF-8"?>
<library xmlns="urn:hl7-org:elm:r1" xmlns:t="urn:hl7-org:elm-types:r1" xmlns:xsi="http://www.w3.org/2001/XMLSchema-instance" xmlns:xsd="http://www.w3.org/2001/XMLSchema" xmlns:fhir="http://hl7.org/fhir" xmlns:qdm43="urn:healthit-gov:qdm:v4_3" xmlns:qdm53="urn:healthit-gov:qdm:v5_3" xmlns:a="urn:hl7-org:cql-annotations:r1">
   <annotation translatorVersion="1.4" translatorOptions="EnableAnnotations,EnableLocators,DisableListDemotion,DisableListPromotion" xsi:type="a:CqlToElmInfo"/>
   <annotation xsi:type="a:Annotation">
      <a:s r="72">
         <a:s>/*
 * Library: IMMZ.IND.51
 * Dropout Rate of BCG to MCV1 (Individuals) 
 * Indicates the number of individuals which received a BCG dose at birth (or early life) yet did not receive the first dose of a measles containing vaccine (MCV).

This indicator works by counting the number of individuals who have received a BCG dose, who have not received a MCV1 dose (are past due for MCV1) with the children who have received BCG and MCV1 doses.
 * 
 * Numerator: Number of children who have received BCG (numerator) minus number of children who have not received MCV dose 1 and are past due (numerator exclusion)  
 * Numerator Computation: Numerator: COUNT immunization events WHERE administered product is BCG (IMMZ.A1.DE1) before reporting period and EXISTS immunization recommendation WHERE product is MCV (IMMZ.A1.DE9) AND dose sequence = 1 AND due date during reporting period.
Numerator Exclusion: COUNT immunization recommendations WHERE recommended product is BCG AND due date during reporting period AND NOT EXISTS Immunization event where administered product is MCV AND dose sequence = 3
 * Denominator: Number of children who have received BCG vaccine
 * Denominator Computation: COUNT immunization events WHERE administered product is BCG AND EXISTS immunization recommendation WHERE product is MCV and dose sequence = 1 and due date during reporting period.
 * 
 * Disaggregation:
 *   - Geographic Region
 * 
 * References: WHO Immunization Facility Analysis Guide (1)
 */
library IMMZIND51</a:s>
      </a:s>
   </annotation>
   <identifier id="IMMZIND51" system="http://fhir.org/guides/who/smart-immunization"/>
   <schemaIdentifier id="urn:hl7-org:elm" version="r1"/>
   <usings>
      <def localIdentifier="System" uri="urn:hl7-org:elm-types:r1"/>
      <def localId="1" locator="23:1-23:26" localIdentifier="FHIR" uri="http://hl7.org/fhir" version="4.0.1">
         <annotation xsi:type="a:Annotation">
            <a:s r="1">
               <a:s>// Start Skeleton CQL
using </a:s>
               <a:s>
                  <a:s>FHIR</a:s>
               </a:s>
               <a:s> version '4.0.1'</a:s>
            </a:s>
         </annotation>
      </def>
   </usings>
   <includes>
      <def localId="2" locator="24:1-24:35" localIdentifier="FHIRHelpers" path="http://fhir.org/guides/who/smart-immunization/FHIRHelpers" version="4.0.1">
         <annotation xsi:type="a:Annotation">
            <a:s r="2">
               <a:s>include </a:s>
               <a:s>
                  <a:s>FHIRHelpers</a:s>
               </a:s>
               <a:s> version '4.0.1'</a:s>
            </a:s>
         </annotation>
      </def>
      <def localId="3" locator="25:1-25:33" localIdentifier="IMMZCom" path="http://fhir.org/guides/who/smart-immunization/IMMZCommon">
         <annotation xsi:type="a:Annotation">
            <a:s r="3">
               <a:s>include </a:s>
               <a:s>
                  <a:s>IMMZCommon</a:s>
               </a:s>
               <a:s> called IMMZCom</a:s>
            </a:s>
         </annotation>
      </def>
      <def localId="4" locator="26:1-26:33" localIdentifier="IMMZc" path="http://fhir.org/guides/who/smart-immunization/IMMZConcepts">
         <annotation xsi:type="a:Annotation">
            <a:s r="4">
               <a:s>include </a:s>
               <a:s>
                  <a:s>IMMZConcepts</a:s>
               </a:s>
               <a:s> called IMMZc</a:s>
            </a:s>
         </annotation>
      </def>
      <def localId="5" locator="27:1-27:33" localIdentifier="IMMZCon" path="http://fhir.org/guides/who/smart-immunization/IMMZConfig">
         <annotation xsi:type="a:Annotation">
            <a:s r="5">
               <a:s>include </a:s>
               <a:s>
                  <a:s>IMMZConfig</a:s>
               </a:s>
               <a:s> called IMMZCon</a:s>
            </a:s>
         </annotation>
      </def>
      <def localId="6" locator="28:1-28:45" localIdentifier="IMMZIndCom" path="http://fhir.org/guides/who/smart-immunization/IMMZIndicatorCommon">
         <annotation xsi:type="a:Annotation">
            <a:s r="6">
               <a:s>include </a:s>
               <a:s>
                  <a:s>IMMZIndicatorCommon</a:s>
               </a:s>
               <a:s> called IMMZIndCom</a:s>
            </a:s>
         </annotation>
      </def>
      <def localId="7" locator="29:1-29:40" localIdentifier="IMMZvl" path="http://fhir.org/guides/who/smart-immunization/IMMZVaccineLibrary">
         <annotation xsi:type="a:Annotation">
            <a:s r="7">
               <a:s>include </a:s>
               <a:s>
                  <a:s>IMMZVaccineLibrary</a:s>
               </a:s>
               <a:s> called IMMZvl</a:s>
            </a:s>
         </annotation>
      </def>
      <def localId="8" locator="30:1-30:28" localIdentifier="FC" path="http://fhir.org/guides/who/smart-immunization/FHIRCommon">
         <annotation xsi:type="a:Annotation">
            <a:s r="8">
               <a:s>include </a:s>
               <a:s>
                  <a:s>FHIRCommon</a:s>
               </a:s>
               <a:s> called FC</a:s>
            </a:s>
         </annotation>
      </def>
   </includes>
   <parameters>
      <def localId="11" locator="32:1-32:45" name="Measurement Period" accessLevel="Public">
         <annotation xsi:type="a:Annotation">
            <a:s r="11">
               <a:s>// End Skeleton CQL
parameter &quot;Measurement Period&quot; </a:s>
               <a:s r="10">
                  <a:s>Interval&lt;</a:s>
                  <a:s r="9">
                     <a:s>Date</a:s>
                  </a:s>
                  <a:s>></a:s>
               </a:s>
            </a:s>
         </annotation>
         <parameterTypeSpecifier localId="10" locator="32:32-32:45" xsi:type="IntervalTypeSpecifier">
            <pointType localId="9" locator="32:41-32:44" name="t:Date" xsi:type="NamedTypeSpecifier"/>
         </parameterTypeSpecifier>
      </def>
   </parameters>
   <statements>
      <def locator="33:1-33:15" name="Patient" context="Patient">
         <expression xsi:type="SingletonFrom">
            <operand locator="33:1-33:15" dataType="fhir:Patient" templateId="http://hl7.org/fhir/StructureDefinition/Patient" xsi:type="Retrieve"/>
         </expression>
      </def>
      <def localId="50" locator="39:1-55:2" name="Patient Should Complete BCG to MCV During Measurement Period" context="Patient" accessLevel="Public">
         <annotation xsi:type="a:Annotation">
            <a:s r="50">
               <a:s>/**
 * Patient should be completing DTP during measurement period
 */
define &quot;Patient Should Complete BCG to MCV During Measurement Period&quot;:
	</a:s>
               <a:s r="49">
                  <a:s r="20">
                     <a:s>exists</a:s>
                     <a:s r="19">
                        <a:s>(
		</a:s>
                        <a:s r="19">
                           <a:s>
                              <a:s r="13">
                                 <a:s r="12">
                                    <a:s>
                                       <a:s>IMMZCom.&quot;BCG Doses Administered to Patient&quot;</a:s>
                                    </a:s>
                                 </a:s>
                                 <a:s> I</a:s>
                              </a:s>
                           </a:s>
                           <a:s> 
		</a:s>
                           <a:s r="18">
                              <a:s>where 
			</a:s>
                              <a:s r="18">
                                 <a:s r="15">
                                    <a:s r="14">
                                       <a:s>I</a:s>
                                    </a:s>
                                    <a:s>.</a:s>
                                    <a:s r="15">
                                       <a:s>occurrence</a:s>
                                    </a:s>
                                 </a:s>
                                 <a:s r="18"> before </a:s>
                                 <a:s r="17">
                                    <a:s>start of </a:s>
                                    <a:s r="16">
                                       <a:s>&quot;Measurement Period&quot;</a:s>
                                    </a:s>
                                 </a:s>
                              </a:s>
                           </a:s>
                        </a:s>
                        <a:s>
	)</a:s>
                     </a:s>
                  </a:s>
                  <a:s>
	and 
	</a:s>
                  <a:s r="48">
                     <a:s>exists</a:s>
                     <a:s r="47">
                        <a:s>(
		</a:s>
                        <a:s r="47">
                           <a:s>
                              <a:s r="22">
                                 <a:s r="21">
                                    <a:s r="21">
                                       <a:s>[ImmunizationRecommendation]</a:s>
                                    </a:s>
                                 </a:s>
                                 <a:s> IR</a:s>
                              </a:s>
                           </a:s>
                           <a:s> 
		</a:s>
                           <a:s r="46">
                              <a:s>where 
			</a:s>
                              <a:s r="46">
                                 <a:s>exists</a:s>
                                 <a:s r="45">
                                    <a:s>(
				</a:s>
                                    <a:s r="45">
                                       <a:s>
                                          <a:s r="24">
                                             <a:s r="23">
                                                <a:s>
                                                   <a:s>IR.recommendation</a:s>
                                                </a:s>
                                             </a:s>
                                             <a:s> RC</a:s>
                                          </a:s>
                                       </a:s>
                                       <a:s> </a:s>
                                       <a:s r="44">
                                          <a:s>where
				</a:s>
                                          <a:s r="44">
                                             <a:s r="38">
                                                <a:s r="33">
                                                   <a:s>exists</a:s>
                                                   <a:s r="32">
                                                      <a:s>(</a:s>
                                                      <a:s r="32">
                                                         <a:s>
                                                            <a:s r="26">
                                                               <a:s r="25">
                                                                  <a:s>
                                                                     <a:s>RC.dateCriterion</a:s>
                                                                  </a:s>
                                                               </a:s>
                                                               <a:s> DC</a:s>
                                                            </a:s>
                                                         </a:s>
                                                         <a:s> </a:s>
                                                         <a:s r="31">
                                                            <a:s>where </a:s>
                                                            <a:s r="31">
                                                               <a:s r="29">
                                                                  <a:s>date from </a:s>
                                                                  <a:s r="28">
                                                                     <a:s r="27">
                                                                        <a:s>DC</a:s>
                                                                     </a:s>
                                                                     <a:s>.</a:s>
                                                                     <a:s r="28">
                                                                        <a:s>value</a:s>
                                                                     </a:s>
                                                                  </a:s>
                                                               </a:s>
                                                               <a:s r="31"> during </a:s>
                                                               <a:s r="30">
                                                                  <a:s>&quot;Measurement Period&quot;</a:s>
                                                               </a:s>
                                                            </a:s>
                                                         </a:s>
                                                      </a:s>
                                                      <a:s>)</a:s>
                                                   </a:s>
                                                </a:s>
                                                <a:s>
				and </a:s>
                                                <a:s r="37">
                                                   <a:s r="35">
                                                      <a:s r="34">
                                                         <a:s>RC</a:s>
                                                      </a:s>
                                                      <a:s>.</a:s>
                                                      <a:s r="35">
                                                         <a:s>doseNumber</a:s>
                                                      </a:s>
                                                   </a:s>
                                                   <a:s r="36"> = 1</a:s>
                                                </a:s>
                                             </a:s>
                                             <a:s>
				and </a:s>
                                             <a:s r="43">
                                                <a:s r="40">
                                                   <a:s r="39">
                                                      <a:s>RC</a:s>
                                                   </a:s>
                                                   <a:s>.</a:s>
                                                   <a:s r="40">
                                                      <a:s>vaccineCode</a:s>
                                                   </a:s>
                                                </a:s>
                                                <a:s> in </a:s>
                                                <a:s r="42">
                                                   <a:s r="41">
                                                      <a:s>IMMZc</a:s>
                                                   </a:s>
                                                   <a:s>.</a:s>
                                                   <a:s r="42">
                                                      <a:s>&quot;MCV Vaccine&quot;</a:s>
                                                   </a:s>
                                                </a:s>
                                             </a:s>
                                          </a:s>
                                       </a:s>
                                    </a:s>
                                    <a:s>
		)</a:s>
                                 </a:s>
                              </a:s>
                           </a:s>
                        </a:s>
                        <a:s>
	)</a:s>
                     </a:s>
                  </a:s>
               </a:s>
            </a:s>
         </annotation>
         <expression localId="49" locator="40:2-55:2" xsi:type="And">
            <operand localId="20" locator="40:2-44:2" xsi:type="Exists">
               <operand localId="19" locator="40:8-44:2" xsi:type="Query">
                  <source localId="13" locator="41:3-41:47" alias="I">
                     <expression localId="12" locator="41:3-41:45" name="BCG Doses Administered to Patient" libraryName="IMMZCom" xsi:type="ExpressionRef"/>
                  </source>
                  <where localId="18" locator="42:3-43:52" xsi:type="Before">
                     <operand name="ToDateTime" libraryName="FHIRHelpers" xsi:type="FunctionRef">
                        <operand asType="fhir:dateTime" xsi:type="As">
                           <operand localId="15" locator="43:4-43:15" path="occurrence" scope="I" xsi:type="Property"/>
                        </operand>
                     </operand>
                     <operand xsi:type="ToDateTime">
                        <operand localId="17" locator="43:24-43:52" xsi:type="Start">
                           <operand localId="16" locator="43:33-43:52" name="Measurement Period" xsi:type="ParameterRef"/>
                        </operand>
                     </operand>
                  </where>
               </operand>
            </operand>
            <operand localId="48" locator="46:2-55:2" xsi:type="Exists">
               <operand localId="47" locator="46:8-55:2" xsi:type="Query">
                  <source localId="22" locator="47:3-47:33" alias="IR">
                     <expression localId="21" locator="47:3-47:30" dataType="fhir:ImmunizationRecommendation" templateId="http://hl7.org/fhir/StructureDefinition/ImmunizationRecommendation" xsi:type="Retrieve"/>
                  </source>
                  <where localId="46" locator="48:3-54:3" xsi:type="Exists">
                     <operand localId="45" locator="49:10-54:3" xsi:type="Query">
                        <source localId="24" locator="50:5-50:24" alias="RC">
                           <expression localId="23" locator="50:5-50:21" path="recommendation" scope="IR" xsi:type="Property"/>
                        </source>
                        <where localId="44" locator="50:26-53:45" xsi:type="And">
                           <operand localId="38" locator="51:5-52:25" xsi:type="And">
                              <operand localId="33" locator="51:5-51:84" xsi:type="Exists">
                                 <operand localId="32" locator="51:11-51:84" xsi:type="Query">
                                    <source localId="26" locator="51:12-51:30" alias="DC">
                                       <expression localId="25" locator="51:12-51:27" path="dateCriterion" scope="RC" xsi:type="Property"/>
                                    </source>
                                    <where localId="31" locator="51:32-51:83" xsi:type="In">
                                       <operand localId="29" locator="51:38-51:55" xsi:type="DateFrom">
                                          <operand name="ToDateTime" libraryName="FHIRHelpers" xsi:type="FunctionRef">
                                             <operand localId="28" locator="51:48-51:55" path="value" scope="DC" xsi:type="Property"/>
                                          </operand>
                                       </operand>
                                       <operand localId="30" locator="51:64-51:83" name="Measurement Period" xsi:type="ParameterRef"/>
                                    </where>
                                 </operand>
                              </operand>
                              <operand localId="37" locator="52:9-52:25" xsi:type="Equal">
                                 <operand xsi:type="ToInteger">
                                    <operand localId="35" locator="52:9-52:21" path="doseNumber" scope="RC" xsi:type="Property"/>
                                 </operand>
                                 <operand localId="36" locator="52:25" valueType="t:Integer" value="1" xsi:type="Literal"/>
                              </operand>
                           </operand>
                           <operand localId="43" locator="53:9-53:45" xsi:type="AnyInValueSet">
                              <codes xsi:type="Query">
                                 <source alias="X">
                                    <expression localId="40" locator="53:9-53:22" path="vaccineCode" scope="RC" xsi:type="Property"/>
                                 </source>
                                 <return distinct="false">
                                    <expression name="ToConcept" libraryName="FHIRHelpers" xsi:type="FunctionRef">
                                       <operand name="X" xsi:type="AliasRef"/>
                                    </expression>
                                 </return>
                              </codes>
                              <valueset localId="42" locator="53:27-53:45" name="MCV Vaccine" libraryName="IMMZc"/>
                           </operand>
                        </where>
                     </operand>
                  </where>
               </operand>
            </operand>
         </expression>
      </def>
      <def localId="64" locator="62:1-64:147" name="numerator" context="Patient" accessLevel="Public">
         <annotation xsi:type="a:Annotation">
            <a:s r="64">
               <a:s>/*
 * Numerator: Number of children who have received BCG (numerator) minus number of children who have not received MCV dose 1 and are past due (numerator exclusion) 
 * Numerator Computation: Numerator: COUNT immunization events WHERE administered product is BCG (IMMZ.A1.DE1) before reporting period and EXISTS immunization recommendation WHERE product is MCV (IMMZ.A1.DE9) AND dose sequence = 1 AND due date during reporting period.
Numerator Exclusion: COUNT immunization recommendations WHERE recommended product is BCG AND due date during reporting period AND NOT EXISTS Immunization event where administered product is MCV AND dose sequence = 3
 */
define &quot;numerator&quot;:
	</a:s>
               <a:s r="63">
                  <a:s r="51">
                     <a:s>&quot;Patient Should Complete BCG to MCV During Measurement Period&quot;</a:s>
                  </a:s>
                  <a:s>
	and </a:s>
                  <a:s r="62">
                     <a:s>not </a:s>
                     <a:s r="61">
                        <a:s>exists</a:s>
                        <a:s r="60">
                           <a:s>(</a:s>
                           <a:s r="60">
                              <a:s>
                                 <a:s r="53">
                                    <a:s r="52">
                                       <a:s>
                                          <a:s>IMMZIndCom.&quot;MCV Doses Administered to Patient During Measurement Period&quot;</a:s>
                                       </a:s>
                                    </a:s>
                                    <a:s> I</a:s>
                                 </a:s>
                              </a:s>
                              <a:s> </a:s>
                              <a:s r="59">
                                 <a:s>where </a:s>
                                 <a:s r="59">
                                    <a:s r="57">
                                       <a:s r="56">
                                          <a:s>(</a:s>
                                          <a:s r="56">
                                             <a:s>singleton from </a:s>
                                             <a:s r="55">
                                                <a:s r="54">
                                                   <a:s>I</a:s>
                                                </a:s>
                                                <a:s>.</a:s>
                                                <a:s r="55">
                                                   <a:s>protocolApplied</a:s>
                                                </a:s>
                                             </a:s>
                                          </a:s>
                                          <a:s>)</a:s>
                                       </a:s>
                                       <a:s>.</a:s>
                                       <a:s r="57">
                                          <a:s>doseNumber</a:s>
                                       </a:s>
                                    </a:s>
                                    <a:s r="58"> = 1</a:s>
                                 </a:s>
                              </a:s>
                           </a:s>
                           <a:s>)</a:s>
                        </a:s>
                     </a:s>
                  </a:s>
               </a:s>
            </a:s>
         </annotation>
         <expression localId="63" locator="63:2-64:147" xsi:type="And">
            <operand localId="51" locator="63:2-63:63" name="Patient Should Complete BCG to MCV During Measurement Period" xsi:type="ExpressionRef"/>
            <operand localId="62" locator="64:6-64:147" xsi:type="Not">
               <operand localId="61" locator="64:10-64:147" xsi:type="Exists">
                  <operand localId="60" locator="64:16-64:147" xsi:type="Query">
                     <source localId="53" locator="64:17-64:90" alias="I">
                        <expression localId="52" locator="64:17-64:88" name="MCV Doses Administered to Patient During Measurement Period" libraryName="IMMZIndCom" xsi:type="ExpressionRef"/>
                     </source>
                     <where localId="59" locator="64:92-64:146" xsi:type="Equal">
                        <operand xsi:type="ToInteger">
                           <operand localId="57" locator="64:98-64:142" path="doseNumber" xsi:type="Property">
                              <source localId="56" locator="64:98-64:131" xsi:type="SingletonFrom">
                                 <operand localId="55" locator="64:114-64:130" path="protocolApplied" scope="I" xsi:type="Property"/>
                              </source>
                           </operand>
                        </operand>
                        <operand localId="58" locator="64:146" valueType="t:Integer" value="1" xsi:type="Literal"/>
                     </where>
                  </operand>
               </operand>
            </operand>
         </expression>
      </def>
      <def localId="66" locator="70:1-71:63" name="denominator" context="Patient" accessLevel="Public">
         <annotation xsi:type="a:Annotation">
            <a:s r="66">
               <a:s>/*
 * Denominator: Number of children who have received BCG vaccine
 * Denominator Computation: COUNT immunization events WHERE administered product is BCG AND EXISTS immunization recommendation WHERE product is MCV and dose sequence = 1 and due date during reporting period.
 */
define &quot;denominator&quot;:
	</a:s>
               <a:s r="65">
                  <a:s>&quot;Patient Should Complete BCG to MCV During Measurement Period&quot;</a:s>
               </a:s>
            </a:s>
         </annotation>
         <expression localId="65" locator="71:2-71:63" name="Patient Should Complete BCG to MCV During Measurement Period" xsi:type="ExpressionRef"/>
      </def>
      <def localId="69" locator="77:1-78:45" name="Geographic Region Stratifier" context="Patient" accessLevel="Public">
         <annotation xsi:type="a:Annotation">
            <a:s r="69">
               <a:s>/*
 * Disaggregator: Geographic Region
 */
define &quot;Geographic Region Stratifier&quot;:
	</a:s>
               <a:s r="68">
                  <a:s r="67">
                     <a:s>IMMZIndCom</a:s>
                  </a:s>
                  <a:s>.</a:s>
                  <a:s r="68">
                     <a:s>&quot;By Geographic Region Stratifier&quot;</a:s>
                  </a:s>
               </a:s>
            </a:s>
         </annotation>
         <expression localId="68" locator="78:2-78:45" name="By Geographic Region Stratifier" libraryName="IMMZIndCom" xsi:type="ExpressionRef"/>
      </def>
      <def localId="72" locator="83:1-84:49" name="Gender Stratifier" context="Patient" accessLevel="Public">
         <annotation xsi:type="a:Annotation">
            <a:s r="72">
               <a:s>/*
 * Disaggregator: Gender
 */
define &quot;Gender Stratifier&quot;:
	</a:s>
               <a:s r="71">
                  <a:s r="70">
                     <a:s>IMMZIndCom</a:s>
                  </a:s>
                  <a:s>.</a:s>
                  <a:s r="71">
                     <a:s>&quot;By Administrative Gender Stratifier&quot;</a:s>
                  </a:s>
               </a:s>
            </a:s>
         </annotation>
         <expression localId="71" locator="84:2-84:49" name="By Administrative Gender Stratifier" libraryName="IMMZIndCom" xsi:type="ExpressionRef"/>
      </def>
   </statements>
</library>
