<?xml version="1.0" encoding="UTF-8"?>
<library xmlns="urn:hl7-org:elm:r1" xmlns:t="urn:hl7-org:elm-types:r1" xmlns:xsi="http://www.w3.org/2001/XMLSchema-instance" xmlns:xsd="http://www.w3.org/2001/XMLSchema" xmlns:fhir="http://hl7.org/fhir" xmlns:qdm43="urn:healthit-gov:qdm:v4_3" xmlns:qdm53="urn:healthit-gov:qdm:v5_3" xmlns:a="urn:hl7-org:cql-annotations:r1">
   <annotation translatorVersion="1.4" translatorOptions="EnableAnnotations,EnableLocators,DisableListDemotion,DisableListPromotion" xsi:type="a:CqlToElmInfo"/>
   <annotation xsi:type="a:Annotation">
      <a:s r="72">
         <a:s>library IMMZConcepts</a:s>
      </a:s>
   </annotation>
   <identifier id="IMMZConcepts" system="http://fhir.org/guides/who/smart-immunization"/>
   <schemaIdentifier id="urn:hl7-org:elm" version="r1"/>
   <usings>
      <def localIdentifier="System" uri="urn:hl7-org:elm-types:r1"/>
   </usings>
   <codeSystems>
      <def localId="1" locator="5:1-5:53" name="ICD-10" id="http://hl7.org/fhir/sid/icd-10" accessLevel="Public">
         <annotation xsi:type="a:Annotation">
            <a:s r="1">
               <a:s>// Code Systems
//Probably can delete these once imported WHOConcepts
codesystem &quot;ICD-10&quot;: 'http://hl7.org/fhir/sid/icd-10'</a:s>
            </a:s>
         </annotation>
      </def>
      <def localId="2" locator="6:1-6:48" name="SNOMED-CT" id="http://snomed.info/sct" accessLevel="Public">
         <annotation xsi:type="a:Annotation">
            <a:s r="2">
               <a:s>codesystem &quot;SNOMED-CT&quot;: 'http://snomed.info/sct'</a:s>
            </a:s>
         </annotation>
      </def>
      <def localId="3" locator="7:1-7:38" name="LOINC" id="http://loinc.org" accessLevel="Public">
         <annotation xsi:type="a:Annotation">
            <a:s r="3">
               <a:s>codesystem &quot;LOINC&quot;: 'http://loinc.org'</a:s>
            </a:s>
         </annotation>
      </def>
      <def localId="4" locator="8:1-8:66" name="RxNorm" id="http://www.nlm.nih.gov/research/umls/rxnorm" accessLevel="Public">
         <annotation xsi:type="a:Annotation">
            <a:s r="4">
               <a:s>codesystem &quot;RxNorm&quot;: 'http://www.nlm.nih.gov/research/umls/rxnorm'</a:s>
            </a:s>
         </annotation>
      </def>
      <def localId="5" locator="9:1-9:49" name="CIEL" id="http://hl7.org/fhir/sid/ciel" accessLevel="Public">
         <annotation xsi:type="a:Annotation">
            <a:s r="5">
               <a:s>codesystem &quot;CIEL&quot;: 'http://hl7.org/fhir/sid/ciel'</a:s>
            </a:s>
         </annotation>
      </def>
      <def localId="6" locator="10:1-10:53" name="ICD-11" id="http://hl7.org/fhir/sid/icd-11" accessLevel="Public">
         <annotation xsi:type="a:Annotation">
            <a:s r="6">
               <a:s>codesystem &quot;ICD-11&quot;: 'http://hl7.org/fhir/sid/icd-11'</a:s>
            </a:s>
         </annotation>
      </def>
      <def localId="7" locator="11:1-11:77" name="ICHI" id="https://mitel.dimi.uniud.it/ichi/#http://id.who.int/ichi" accessLevel="Public">
         <annotation xsi:type="a:Annotation">
            <a:s r="7">
               <a:s>codesystem &quot;ICHI&quot;: 'https://mitel.dimi.uniud.it/ichi/#http://id.who.int/ichi'</a:s>
            </a:s>
         </annotation>
      </def>
      <def localId="8" locator="12:1-12:50" name="ICF" id="http://hl7.org/fhir/sid/icf-nl" accessLevel="Public">
         <annotation xsi:type="a:Annotation">
            <a:s r="8">
               <a:s>codesystem &quot;ICF&quot;: 'http://hl7.org/fhir/sid/icf-nl'</a:s>
            </a:s>
         </annotation>
      </def>
      <def localId="9" locator="13:1-13:110" name="Extended Codes CodeSystem codes" id="http://fhir.org/guides/who/anc-cds/CodeSystem/anc-custom-codes" accessLevel="Public">
         <annotation xsi:type="a:Annotation">
            <a:s r="9">
               <a:s>codesystem &quot;Extended Codes CodeSystem codes&quot;: 'http://fhir.org/guides/who/anc-cds/CodeSystem/anc-custom-codes'</a:s>
            </a:s>
         </annotation>
      </def>
   </codeSystems>
   <valueSets>
      <def localId="10" locator="16:1-16:71" name="WHO ATC" id="http://hl7.org/fhir/uv/ips/ValueSet/whoatc-uv-ips" accessLevel="Public">
         <annotation xsi:type="a:Annotation">
            <a:s r="10">
               <a:s>//WHO ATC IPS Valueset
valueset &quot;WHO ATC&quot;: 'http://hl7.org/fhir/uv/ips/ValueSet/whoatc-uv-ips'</a:s>
            </a:s>
         </annotation>
      </def>
      <def localId="11" locator="19:1-19:110" name="Negative Result" id="http://fhir.org/guides/who/smart-immunization/ValueSet/negativetestresult-values" accessLevel="Public">
         <annotation xsi:type="a:Annotation">
            <a:s r="11">
               <a:s>// General use ValueSets
valueset &quot;Negative Result&quot;: 'http://fhir.org/guides/who/smart-immunization/ValueSet/negativetestresult-values'</a:s>
            </a:s>
         </annotation>
      </def>
      <def localId="12" locator="20:1-20:110" name="Positive Result" id="http://fhir.org/guides/who/smart-immunization/ValueSet/PositiveTestResult-values" accessLevel="Public">
         <annotation xsi:type="a:Annotation">
            <a:s r="12">
               <a:s>valueset &quot;Positive Result&quot;: 'http://fhir.org/guides/who/smart-immunization/ValueSet/PositiveTestResult-values'</a:s>
            </a:s>
         </annotation>
      </def>
      <def localId="13" locator="21:1-21:110" name="CD4% Test Result" id="http://fhir.org/guides/who/smart-immunization/ValueSet/CD4percentageTest-values" accessLevel="Public">
         <annotation xsi:type="a:Annotation">
            <a:s r="13">
               <a:s>valueset &quot;CD4% Test Result&quot;: 'http://fhir.org/guides/who/smart-immunization/ValueSet/CD4percentageTest-values'</a:s>
            </a:s>
         </annotation>
      </def>
      <def localId="14" locator="22:1-22:116" name="CD4 Count Test Result" id="http://fhir.org/guides/who/smart-immunization/ValueSet/CD4CountTestResult-values" accessLevel="Public">
         <annotation xsi:type="a:Annotation">
            <a:s r="14">
               <a:s>valueset &quot;CD4 Count Test Result&quot;: 'http://fhir.org/guides/who/smart-immunization/ValueSet/CD4CountTestResult-values'</a:s>
            </a:s>
         </annotation>
      </def>
      <def localId="15" locator="23:1-23:111" name="Immunocompromised" id="http://fhir.org/guides/who/smart-immunization/ValueSet/Immunocompromised-values" accessLevel="Public">
         <annotation xsi:type="a:Annotation">
            <a:s r="15">
               <a:s>valueset &quot;Immunocompromised&quot;: 'http://fhir.org/guides/who/smart-immunization/ValueSet/Immunocompromised-values'</a:s>
            </a:s>
         </annotation>
      </def>
      <def localId="16" locator="24:1-24:126" name="Patient birth weight observation value" id="http://fhir.org/guides/who/smart-immunization/ValueSet/Birthweight-values" accessLevel="Public">
         <annotation xsi:type="a:Annotation">
            <a:s r="16">
               <a:s>valueset &quot;Patient birth weight observation value&quot;: 'http://fhir.org/guides/who/smart-immunization/ValueSet/Birthweight-values'</a:s>
            </a:s>
         </annotation>
      </def>
      <def localId="17" locator="25:1-25:101" name="Seronegative" id="http://fhir.org/guides/who/smart-immunization/ValueSet/Seronegative-values" accessLevel="Public">
         <annotation xsi:type="a:Annotation">
            <a:s r="17">
               <a:s>valueset &quot;Seronegative&quot;: 'http://fhir.org/guides/who/smart-immunization/ValueSet/Seronegative-values'</a:s>
            </a:s>
         </annotation>
      </def>
      <def localId="18" locator="26:1-26:96" name="PretermBirth" id="http://fhir.org/guides/who/smart-immunization/ValueSet/Preterm-values" accessLevel="Public">
         <annotation xsi:type="a:Annotation">
            <a:s r="18">
               <a:s>valueset &quot;PretermBirth&quot;: 'http://fhir.org/guides/who/smart-immunization/ValueSet/Preterm-values'</a:s>
            </a:s>
         </annotation>
      </def>
      <def localId="19" locator="29:1-29:80" name="HIV status" id="http://fhir.org/guides/who/anc-cds/ValueSet/anc-b9-de45" accessLevel="Public">
         <annotation xsi:type="a:Annotation">
            <a:s r="19">
               <a:s>// TODO : Adapt from ANC
valueset &quot;HIV status&quot;: 'http://fhir.org/guides/who/anc-cds/ValueSet/anc-b9-de45'</a:s>
            </a:s>
         </annotation>
      </def>
      <def localId="20" locator="30:1-30:103" name="HIV status - HIV positive Choices" id="http://fhir.org/guides/who/anc-cds/ValueSet/anc-b9-de46" accessLevel="Public">
         <annotation xsi:type="a:Annotation">
            <a:s r="20">
               <a:s>valueset &quot;HIV status - HIV positive Choices&quot;: 'http://fhir.org/guides/who/anc-cds/ValueSet/anc-b9-de46'</a:s>
            </a:s>
         </annotation>
      </def>
      <def localId="21" locator="31:1-31:103" name="HIV status - HIV negative Choices" id="http://fhir.org/guides/who/anc-cds/ValueSet/anc-b9-de47" accessLevel="Public">
         <annotation xsi:type="a:Annotation">
            <a:s r="21">
               <a:s>valueset &quot;HIV status - HIV negative Choices&quot;: 'http://fhir.org/guides/who/anc-cds/ValueSet/anc-b9-de47'</a:s>
            </a:s>
         </annotation>
      </def>
      <def localId="22" locator="35:1-35:105" name="TST Test Result" id="http://fhir.org/guides/who/smart-immunization/ValueSet/TSTTestResult-values" accessLevel="Public">
         <annotation xsi:type="a:Annotation">
            <a:s r="22">
               <a:s>// Vaccine specific ValueSets
//BCG specific ValuSets
valueset &quot;TST Test Result&quot;: 'http://fhir.org/guides/who/smart-immunization/ValueSet/TSTTestResult-values'</a:s>
            </a:s>
         </annotation>
      </def>
      <def localId="23" locator="36:1-36:107" name="IGRA Test Result" id="http://fhir.org/guides/who/smart-immunization/ValueSet/IGRATestResult-values" accessLevel="Public">
         <annotation xsi:type="a:Annotation">
            <a:s r="23">
               <a:s>valueset &quot;IGRA Test Result&quot;: 'http://fhir.org/guides/who/smart-immunization/ValueSet/IGRATestResult-values'</a:s>
            </a:s>
         </annotation>
      </def>
      <def localId="24" locator="37:1-37:94" name="ARV Drugs" id="http://fhir.org/guides/who/smart-immunization/ValueSet/ARVDrugs-values" accessLevel="Public">
         <annotation xsi:type="a:Annotation">
            <a:s r="24">
               <a:s>valueset &quot;ARV Drugs&quot;: 'http://fhir.org/guides/who/smart-immunization/ValueSet/ARVDrugs-values'</a:s>
            </a:s>
         </annotation>
      </def>
      <def localId="25" locator="38:1-38:102" name="VNA levels" id="http://fhir.org/guides/who/smart-immunization/ValueSet/VNAlevelsRAbies-values" accessLevel="Public">
         <annotation xsi:type="a:Annotation">
            <a:s r="25">
               <a:s>valueset &quot;VNA levels&quot;: 'http://fhir.org/guides/who/smart-immunization/ValueSet/VNAlevelsRAbies-values'</a:s>
            </a:s>
         </annotation>
      </def>
      <def localId="26" locator="41:1-41:150" name="Inactivated Vero cell-derived Japanese Encephalitis vaccines" id="http://fhir.org/guides/who/smart-immunization/ValueSet/InactivatedJE-values" accessLevel="Public">
         <annotation xsi:type="a:Annotation">
            <a:s r="26">
               <a:s>// JE Classification
valueset &quot;Inactivated Vero cell-derived Japanese Encephalitis vaccines&quot;: 'http://fhir.org/guides/who/smart-immunization/ValueSet/InactivatedJE-values'</a:s>
            </a:s>
         </annotation>
      </def>
      <def localId="27" locator="46:1-46:92" name="BCG Vaccine" id="http://fhir.org/guides/who/smart-immunization/ValueSet/IMMZ.A1.DE1" accessLevel="Public">
         <annotation xsi:type="a:Annotation">
            <a:s r="27">
               <a:s>//valueset &quot;Target Disease&quot;: 'http://hl7.org/fhir/ValueSet/immunization-target-disease'

// Vaccine Value Sets
valueset &quot;BCG Vaccine&quot;: 'http://fhir.org/guides/who/smart-immunization/ValueSet/IMMZ.A1.DE1'</a:s>
            </a:s>
         </annotation>
      </def>
      <def localId="28" locator="47:1-47:96" name="Cholera Vaccine" id="http://fhir.org/guides/who/smart-immunization/ValueSet/IMMZ.A1.DE2" accessLevel="Public">
         <annotation xsi:type="a:Annotation">
            <a:s r="28">
               <a:s>valueset &quot;Cholera Vaccine&quot;: 'http://fhir.org/guides/who/smart-immunization/ValueSet/IMMZ.A1.DE2'</a:s>
            </a:s>
         </annotation>
      </def>
      <def localId="29" locator="48:1-48:99" name="Diphtheria Vaccine" id="http://fhir.org/guides/who/smart-immunization/ValueSet/IMMZ.A1.DE3" accessLevel="Public">
         <annotation xsi:type="a:Annotation">
            <a:s r="29">
               <a:s>valueset &quot;Diphtheria Vaccine&quot;: 'http://fhir.org/guides/who/smart-immunization/ValueSet/IMMZ.A1.DE3'</a:s>
            </a:s>
         </annotation>
      </def>
      <def localId="30" locator="49:1-49:92" name="Hib Vaccine" id="http://fhir.org/guides/who/smart-immunization/ValueSet/IMMZ.A1.DE4" accessLevel="Public">
         <annotation xsi:type="a:Annotation">
            <a:s r="30">
               <a:s>valueset &quot;Hib Vaccine&quot;: 'http://fhir.org/guides/who/smart-immunization/ValueSet/IMMZ.A1.DE4'</a:s>
            </a:s>
         </annotation>
      </def>
      <def localId="31" locator="50:1-50:93" name="HepA Vaccine" id="http://fhir.org/guides/who/smart-immunization/ValueSet/IMMZ.A1.DE5" accessLevel="Public">
         <annotation xsi:type="a:Annotation">
            <a:s r="31">
               <a:s>valueset &quot;HepA Vaccine&quot;: 'http://fhir.org/guides/who/smart-immunization/ValueSet/IMMZ.A1.DE5'</a:s>
            </a:s>
         </annotation>
      </def>
      <def localId="32" locator="51:1-51:93" name="HepB Vaccine" id="http://fhir.org/guides/who/smart-immunization/ValueSet/IMMZ.A1.DE6" accessLevel="Public">
         <annotation xsi:type="a:Annotation">
            <a:s r="32">
               <a:s>valueset &quot;HepB Vaccine&quot;: 'http://fhir.org/guides/who/smart-immunization/ValueSet/IMMZ.A1.DE6'</a:s>
            </a:s>
         </annotation>
      </def>
      <def localId="33" locator="52:1-52:92" name="HPV Vaccine" id="http://fhir.org/guides/who/smart-immunization/ValueSet/IMMZ.A1.DE7" accessLevel="Public">
         <annotation xsi:type="a:Annotation">
            <a:s r="33">
               <a:s>valueset &quot;HPV Vaccine&quot;: 'http://fhir.org/guides/who/smart-immunization/ValueSet/IMMZ.A1.DE7'</a:s>
            </a:s>
         </annotation>
      </def>
      <def localId="34" locator="53:1-53:110" name="Japanese Encephalitis Vaccine" id="http://fhir.org/guides/who/smart-immunization/ValueSet/IMMZ.A1.DE8" accessLevel="Public">
         <annotation xsi:type="a:Annotation">
            <a:s r="34">
               <a:s>valueset &quot;Japanese Encephalitis Vaccine&quot;: 'http://fhir.org/guides/who/smart-immunization/ValueSet/IMMZ.A1.DE8'</a:s>
            </a:s>
         </annotation>
      </def>
      <def localId="35" locator="54:1-54:92" name="MCV Vaccine" id="http://fhir.org/guides/who/smart-immunization/ValueSet/IMMZ.A1.DE9" accessLevel="Public">
         <annotation xsi:type="a:Annotation">
            <a:s r="35">
               <a:s>valueset &quot;MCV Vaccine&quot;: 'http://fhir.org/guides/who/smart-immunization/ValueSet/IMMZ.A1.DE9'</a:s>
            </a:s>
         </annotation>
      </def>
      <def localId="36" locator="55:1-55:103" name="Meningococcal Vaccine" id="http://fhir.org/guides/who/smart-immunization/ValueSet/IMMZ.A1.DE10" accessLevel="Public">
         <annotation xsi:type="a:Annotation">
            <a:s r="36">
               <a:s>valueset &quot;Meningococcal Vaccine&quot;: 'http://fhir.org/guides/who/smart-immunization/ValueSet/IMMZ.A1.DE10'</a:s>
            </a:s>
         </annotation>
      </def>
      <def localId="37" locator="56:1-56:95" name="Mumps Vaccine" id="http://fhir.org/guides/who/smart-immunization/ValueSet/IMMZ.A1.DE11" accessLevel="Public">
         <annotation xsi:type="a:Annotation">
            <a:s r="37">
               <a:s>valueset &quot;Mumps Vaccine&quot;: 'http://fhir.org/guides/who/smart-immunization/ValueSet/IMMZ.A1.DE11'</a:s>
            </a:s>
         </annotation>
      </def>
      <def localId="38" locator="57:1-57:99" name="Pertussis Vaccine" id="http://fhir.org/guides/who/smart-immunization/ValueSet/IMMZ.A1.DE12" accessLevel="Public">
         <annotation xsi:type="a:Annotation">
            <a:s r="38">
               <a:s>valueset &quot;Pertussis Vaccine&quot;: 'http://fhir.org/guides/who/smart-immunization/ValueSet/IMMZ.A1.DE12'</a:s>
            </a:s>
         </annotation>
      </def>
      <def localId="39" locator="58:1-58:102" name="Pneumococcal Vaccine" id="http://fhir.org/guides/who/smart-immunization/ValueSet/IMMZ.A1.DE13" accessLevel="Public">
         <annotation xsi:type="a:Annotation">
            <a:s r="39">
               <a:s>valueset &quot;Pneumococcal Vaccine&quot;: 'http://fhir.org/guides/who/smart-immunization/ValueSet/IMMZ.A1.DE13'</a:s>
            </a:s>
         </annotation>
      </def>
      <def localId="40" locator="59:1-59:95" name="Polio Vaccine" id="http://fhir.org/guides/who/smart-immunization/ValueSet/IMMZ.A1.DE14" accessLevel="Public">
         <annotation xsi:type="a:Annotation">
            <a:s r="40">
               <a:s>valueset &quot;Polio Vaccine&quot;: 'http://fhir.org/guides/who/smart-immunization/ValueSet/IMMZ.A1.DE14'</a:s>
            </a:s>
         </annotation>
      </def>
      <def localId="41" locator="60:1-60:96" name="Rabies Vaccine" id="http://fhir.org/guides/who/smart-immunization/ValueSet/IMMZ.A1.DE15" accessLevel="Public">
         <annotation xsi:type="a:Annotation">
            <a:s r="41">
               <a:s>valueset &quot;Rabies Vaccine&quot;: 'http://fhir.org/guides/who/smart-immunization/ValueSet/IMMZ.A1.DE15'</a:s>
            </a:s>
         </annotation>
      </def>
      <def localId="42" locator="61:1-61:99" name="Rotavirus Vaccine" id="http://fhir.org/guides/who/smart-immunization/ValueSet/IMMZ.A1.DE16" accessLevel="Public">
         <annotation xsi:type="a:Annotation">
            <a:s r="42">
               <a:s>valueset &quot;Rotavirus Vaccine&quot;: 'http://fhir.org/guides/who/smart-immunization/ValueSet/IMMZ.A1.DE16'</a:s>
            </a:s>
         </annotation>
      </def>
      <def localId="43" locator="62:1-62:97" name="Rubella Vaccine" id="http://fhir.org/guides/who/smart-immunization/ValueSet/IMMZ.A1.DE17" accessLevel="Public">
         <annotation xsi:type="a:Annotation">
            <a:s r="43">
               <a:s>valueset &quot;Rubella Vaccine&quot;: 'http://fhir.org/guides/who/smart-immunization/ValueSet/IMMZ.A1.DE17'</a:s>
            </a:s>
         </annotation>
      </def>
      <def localId="44" locator="63:1-63:108" name="Seasonal Influenza Vaccine" id="http://fhir.org/guides/who/smart-immunization/ValueSet/IMMZ.A1.DE18" accessLevel="Public">
         <annotation xsi:type="a:Annotation">
            <a:s r="44">
               <a:s>valueset &quot;Seasonal Influenza Vaccine&quot;: 'http://fhir.org/guides/who/smart-immunization/ValueSet/IMMZ.A1.DE18'</a:s>
            </a:s>
         </annotation>
      </def>
      <def localId="45" locator="64:1-64:97" name="Tetanus Vaccine" id="http://fhir.org/guides/who/smart-immunization/ValueSet/IMMZ.A1.DE19" accessLevel="Public">
         <annotation xsi:type="a:Annotation">
            <a:s r="45">
               <a:s>valueset &quot;Tetanus Vaccine&quot;: 'http://fhir.org/guides/who/smart-immunization/ValueSet/IMMZ.A1.DE19'</a:s>
            </a:s>
         </annotation>
      </def>
      <def localId="46" locator="65:1-65:97" name="Typhoid Vaccine" id="http://fhir.org/guides/who/smart-immunization/ValueSet/IMMZ.A1.DE21" accessLevel="Public">
         <annotation xsi:type="a:Annotation">
            <a:s r="46">
               <a:s>valueset &quot;Typhoid Vaccine&quot;: 'http://fhir.org/guides/who/smart-immunization/ValueSet/IMMZ.A1.DE21'</a:s>
            </a:s>
         </annotation>
      </def>
      <def localId="47" locator="66:1-66:93" name="TBE Vaccine" id="http://fhir.org/guides/who/smart-immunization/ValueSet/IMMZ.A1.DE20" accessLevel="Public">
         <annotation xsi:type="a:Annotation">
            <a:s r="47">
               <a:s>valueset &quot;TBE Vaccine&quot;: 'http://fhir.org/guides/who/smart-immunization/ValueSet/IMMZ.A1.DE20'</a:s>
            </a:s>
         </annotation>
      </def>
      <def localId="48" locator="67:1-67:99" name="Varicella Vaccine" id="http://fhir.org/guides/who/smart-immunization/ValueSet/IMMZ.A1.DE22" accessLevel="Public">
         <annotation xsi:type="a:Annotation">
            <a:s r="48">
               <a:s>valueset &quot;Varicella Vaccine&quot;: 'http://fhir.org/guides/who/smart-immunization/ValueSet/IMMZ.A1.DE22'</a:s>
            </a:s>
         </annotation>
      </def>
      <def localId="49" locator="68:1-68:102" name="Yellow Fever Vaccine" id="http://fhir.org/guides/who/smart-immunization/ValueSet/IMMZ.A1.DE23" accessLevel="Public">
         <annotation xsi:type="a:Annotation">
            <a:s r="49">
               <a:s>valueset &quot;Yellow Fever Vaccine&quot;: 'http://fhir.org/guides/who/smart-immunization/ValueSet/IMMZ.A1.DE23'</a:s>
            </a:s>
         </annotation>
      </def>
      <def localId="50" locator="69:1-69:93" name="DTP Vaccine" id="http://fhir.org/guides/who/smart-immunization/ValueSet/IMMZ.A1.DE24" accessLevel="Public">
         <annotation xsi:type="a:Annotation">
            <a:s r="50">
               <a:s>valueset &quot;DTP Vaccine&quot;: 'http://fhir.org/guides/who/smart-immunization/ValueSet/IMMZ.A1.DE24'</a:s>
            </a:s>
         </annotation>
      </def>
      <def localId="51" locator="70:1-70:107" name="Inactivated Polio Vaccine" id="http://fhir.org/guides/who/smart-immunization/ValueSet/IMMZ.A1.DE25" accessLevel="Public">
         <annotation xsi:type="a:Annotation">
            <a:s r="51">
               <a:s>valueset &quot;Inactivated Polio Vaccine&quot;: 'http://fhir.org/guides/who/smart-immunization/ValueSet/IMMZ.A1.DE25'</a:s>
            </a:s>
         </annotation>
      </def>
      <def localId="52" locator="71:1-71:100" name="Oral Polio Vaccine" id="http://fhir.org/guides/who/smart-immunization/ValueSet/IMMZ.A1.DE26" accessLevel="Public">
         <annotation xsi:type="a:Annotation">
            <a:s r="52">
               <a:s>valueset &quot;Oral Polio Vaccine&quot;: 'http://fhir.org/guides/who/smart-immunization/ValueSet/IMMZ.A1.DE26'</a:s>
            </a:s>
         </annotation>
      </def>
      <def localId="53" locator="72:1-72:96" name="Dengue Vaccine" id="http://fhir.org/guides/who/smart-immunization/ValueSet/IMMZ.A1.DE27" accessLevel="Public">
         <annotation xsi:type="a:Annotation">
            <a:s r="53">
               <a:s>valueset &quot;Dengue Vaccine&quot;: 'http://fhir.org/guides/who/smart-immunization/ValueSet/IMMZ.A1.DE27'</a:s>
            </a:s>
         </annotation>
      </def>
      <def localId="54" locator="73:1-73:97" name="Inactivated HAV" id="http://fhir.org/guides/who/smart-immunization/ValueSet/IMMZ.A1.DE28" accessLevel="Public">
         <annotation xsi:type="a:Annotation">
            <a:s r="54">
               <a:s>valueset &quot;Inactivated HAV&quot;: 'http://fhir.org/guides/who/smart-immunization/ValueSet/IMMZ.A1.DE28'</a:s>
            </a:s>
         </annotation>
      </def>
      <def localId="61" locator="81:1-81:122" name="WC Class Cholera Vaccine" id="http://fhir.org/guides/who/smart-immunization/ValueSet/WCClassCholeraVaccine-values" accessLevel="Public">
         <annotation xsi:type="a:Annotation">
            <a:s r="61">
               <a:s>// Cholera vaccine classes
valueset &quot;WC Class Cholera Vaccine&quot;: 'http://fhir.org/guides/who/smart-immunization/ValueSet/WCClassCholeraVaccine-values'</a:s>
            </a:s>
         </annotation>
      </def>
      <def localId="62" locator="82:1-82:130" name="WC-rBS Class Cholera Vaccine" id="http://fhir.org/guides/who/smart-immunization/ValueSet/WC-rBSClassCholeraVaccine-values" accessLevel="Public">
         <annotation xsi:type="a:Annotation">
            <a:s r="62">
               <a:s>valueset &quot;WC-rBS Class Cholera Vaccine&quot;: 'http://fhir.org/guides/who/smart-immunization/ValueSet/WC-rBSClassCholeraVaccine-values'</a:s>
            </a:s>
         </annotation>
      </def>
      <def localId="63" locator="83:1-83:126" name="ViPS Class Typhoid Vaccine" id="http://fhir.org/guides/who/smart-immunization/ValueSet/ViPSClassTyphoidVaccine-values" accessLevel="Public">
         <annotation xsi:type="a:Annotation">
            <a:s r="63">
               <a:s>valueset &quot;ViPS Class Typhoid Vaccine&quot;: 'http://fhir.org/guides/who/smart-immunization/ValueSet/ViPSClassTyphoidVaccine-values'</a:s>
            </a:s>
         </annotation>
      </def>
      <def localId="64" locator="84:1-84:128" name="Ty21a Class Typhoid Vaccine" id="http://fhir.org/guides/who/smart-immunization/ValueSet/Ty21aClassTyphoidVaccine-values" accessLevel="Public">
         <annotation xsi:type="a:Annotation">
            <a:s r="64">
               <a:s>valueset &quot;Ty21a Class Typhoid Vaccine&quot;: 'http://fhir.org/guides/who/smart-immunization/ValueSet/Ty21aClassTyphoidVaccine-values'</a:s>
            </a:s>
         </annotation>
      </def>
      <def localId="65" locator="86:1-86:125" name="MenA conjugate vaccine (5µg)" id="http://fhir.org/guides/who/smart-immunization/ValueSet/MenAconjugatevaccine-values" accessLevel="Public">
         <annotation xsi:type="a:Annotation">
            <a:s r="65">
               <a:s>//  MenA vaccine classes
valueset &quot;MenA conjugate vaccine (5µg)&quot;: 'http://fhir.org/guides/who/smart-immunization/ValueSet/MenAconjugatevaccine-values'</a:s>
            </a:s>
         </annotation>
      </def>
      <def localId="66" locator="87:1-87:125" name="monovalent MenC conjugate" id="http://fhir.org/guides/who/smart-immunization/ValueSet/monovalentMenCconjugate-values" accessLevel="Public">
         <annotation xsi:type="a:Annotation">
            <a:s r="66">
               <a:s>valueset &quot;monovalent MenC conjugate&quot;: 'http://fhir.org/guides/who/smart-immunization/ValueSet/monovalentMenCconjugate-values'</a:s>
            </a:s>
         </annotation>
      </def>
      <def localId="67" locator="88:1-88:120" name="Quadrivalent conjugate" id="http://fhir.org/guides/who/smart-immunization/ValueSet/Quadrivalentconjugate-values" accessLevel="Public">
         <annotation xsi:type="a:Annotation">
            <a:s r="67">
               <a:s>valueset &quot;Quadrivalent conjugate&quot;: 'http://fhir.org/guides/who/smart-immunization/ValueSet/Quadrivalentconjugate-values'</a:s>
            </a:s>
         </annotation>
      </def>
      <def localId="68" locator="91:1-91:130" name="FSME-Immun Class TBE Vaccine" id="http://fhir.org/guides/who/smart-immunization/ValueSet/FSME-ImmunClassTBEVaccine-values" accessLevel="Public">
         <annotation xsi:type="a:Annotation">
            <a:s r="68">
               <a:s>// TBE classifications of vaccines
// Assumption: Classifications of TBE vaccine can be codified using some (yet to be discovered) code system - possibly using GTIN on the product?
valueset &quot;FSME-Immun Class TBE Vaccine&quot;: 'http://fhir.org/guides/who/smart-immunization/ValueSet/FSME-ImmunClassTBEVaccine-values'</a:s>
            </a:s>
         </annotation>
      </def>
      <def localId="69" locator="92:1-92:130" name="TBE-Moscow Class TBE Vaccine" id="http://fhir.org/guides/who/smart-immunization/ValueSet/TBE-MoscowClassTBEVaccine-values" accessLevel="Public">
         <annotation xsi:type="a:Annotation">
            <a:s r="69">
               <a:s>valueset &quot;TBE-Moscow Class TBE Vaccine&quot;: 'http://fhir.org/guides/who/smart-immunization/ValueSet/TBE-MoscowClassTBEVaccine-values'</a:s>
            </a:s>
         </annotation>
      </def>
      <def localId="70" locator="93:1-93:124" name="EnceVir Class TBE Vaccine" id="http://fhir.org/guides/who/smart-immunization/ValueSet/EnceVirClassTBEVaccine-values" accessLevel="Public">
         <annotation xsi:type="a:Annotation">
            <a:s r="70">
               <a:s>valueset &quot;EnceVir Class TBE Vaccine&quot;: 'http://fhir.org/guides/who/smart-immunization/ValueSet/EnceVirClassTBEVaccine-values'</a:s>
            </a:s>
         </annotation>
      </def>
      <def localId="71" locator="94:1-94:124" name="Encepur Class TBE Vaccine" id="http://fhir.org/guides/who/smart-immunization/ValueSet/EncepurClassTBEVaccine-values" accessLevel="Public">
         <annotation xsi:type="a:Annotation">
            <a:s r="71">
               <a:s>valueset &quot;Encepur Class TBE Vaccine&quot;: 'http://fhir.org/guides/who/smart-immunization/ValueSet/EncepurClassTBEVaccine-values'</a:s>
            </a:s>
         </annotation>
      </def>
      <def localId="72" locator="96:1-96:107" name="Intussusception" id="http://fhir.org/guides/who/smart-immunization/ValueSet/intussusception-values" accessLevel="Public">
         <annotation xsi:type="a:Annotation">
            <a:s r="72">
               <a:s>valueset &quot;Intussusception&quot;: 'http://fhir.org/guides/who/smart-immunization/ValueSet/intussusception-values'</a:s>
            </a:s>
         </annotation>
      </def>
   </valueSets>
   <codes>
      <def localId="56" locator="76:1-76:90" name="Adverse Event Severity" id="246112005" display="Severity (attribute)" accessLevel="Public">
         <annotation xsi:type="a:Annotation">
            <a:s r="56">
               <a:s>code &quot;Adverse Event Severity&quot;: '246112005' from </a:s>
               <a:s r="55">
                  <a:s>&quot;SNOMED-CT&quot;</a:s>
               </a:s>
               <a:s> display 'Severity (attribute)'</a:s>
            </a:s>
         </annotation>
         <codeSystem localId="55" locator="76:49-76:59" name="SNOMED-CT"/>
      </def>
      <def localId="58" locator="77:1-77:95" name="Adverse Event Manifestation" id="246112005" display="Severity (attribute)" accessLevel="Public">
         <annotation xsi:type="a:Annotation">
            <a:s r="58">
               <a:s>code &quot;Adverse Event Manifestation&quot;: '246112005' from </a:s>
               <a:s r="57">
                  <a:s>&quot;SNOMED-CT&quot;</a:s>
               </a:s>
               <a:s> display 'Severity (attribute)'</a:s>
            </a:s>
         </annotation>
         <codeSystem localId="57" locator="77:54-77:64" name="SNOMED-CT"/>
      </def>
      <def localId="60" locator="78:1-78:121" name="Sickle-cell Disease Condition" id="127040003" display="Sickle cell-hemoglobin SS disease (disorder)" accessLevel="Public">
         <annotation xsi:type="a:Annotation">
            <a:s r="60">
               <a:s>code &quot;Sickle-cell Disease Condition&quot;: '127040003' from </a:s>
               <a:s r="59">
                  <a:s>&quot;SNOMED-CT&quot;</a:s>
               </a:s>
               <a:s> display 'Sickle cell-hemoglobin SS disease (disorder)'</a:s>
            </a:s>
         </annotation>
         <codeSystem localId="59" locator="78:56-78:66" name="SNOMED-CT"/>
      </def>
   </codes>
</library>
