<?xml version="1.0" encoding="UTF-8"?>
<library xmlns="urn:hl7-org:elm:r1" xmlns:t="urn:hl7-org:elm-types:r1" xmlns:xsi="http://www.w3.org/2001/XMLSchema-instance" xmlns:xsd="http://www.w3.org/2001/XMLSchema" xmlns:fhir="http://hl7.org/fhir" xmlns:qdm43="urn:healthit-gov:qdm:v4_3" xmlns:qdm53="urn:healthit-gov:qdm:v5_3" xmlns:a="urn:hl7-org:cql-annotations:r1">
   <annotation translatorVersion="1.4" translatorOptions="EnableAnnotations,EnableLocators,DisableListDemotion,DisableListPromotion" xsi:type="a:CqlToElmInfo"/>
   <annotation xsi:type="a:Annotation">
      <a:s r="35">
         <a:s>/*
 * Library: IMMZ.IND.04
 * Immunization coverage for HepB containing vaccines (Estimated Denominator) 
 * Compares the administered doses of Hepatitis B containing vaccine with the estimated number of live births (if dose sequence is 1 or 2) or number of surviving infants (for dose 3 - if given)
 * 
 * Numerator: Number of administrations of vaccinations containing a Hepatitis B component. 
 * Numerator Computation: COUNT immunization events WHERE administered product is a HepB (IMMZ.A1.DE6) during reporting period.
 * Denominator: Estimated number of surviving infants
 * Denominator Computation: PARAMETER number of surviving infants (see comments)
 * 
 * Disaggregation:
 *   - Dose Sequence (1, 2, 3)
 *   - Age Group (&lt;1 year or > 1year)
 *   - Geographic Region
 *   - Administrative Gender (or Biological Sex)
 * 
 * References: WHO / UNICEF Join Reporting Form (3 - element 4030)
 */
library IMMZIND04</a:s>
      </a:s>
   </annotation>
   <identifier id="IMMZIND04" system="http://fhir.org/guides/who/smart-immunization"/>
   <schemaIdentifier id="urn:hl7-org:elm" version="r1"/>
   <usings>
      <def localIdentifier="System" uri="urn:hl7-org:elm-types:r1"/>
      <def localId="1" locator="23:1-23:26" localIdentifier="FHIR" uri="http://hl7.org/fhir" version="4.0.1">
         <annotation xsi:type="a:Annotation">
            <a:s r="1">
               <a:s>// Start Skeleton CQL
using </a:s>
               <a:s>
                  <a:s>FHIR</a:s>
               </a:s>
               <a:s> version '4.0.1'</a:s>
            </a:s>
         </annotation>
      </def>
   </usings>
   <includes>
      <def localId="2" locator="24:1-24:35" localIdentifier="FHIRHelpers" path="http://fhir.org/guides/who/smart-immunization/FHIRHelpers" version="4.0.1">
         <annotation xsi:type="a:Annotation">
            <a:s r="2">
               <a:s>include </a:s>
               <a:s>
                  <a:s>FHIRHelpers</a:s>
               </a:s>
               <a:s> version '4.0.1'</a:s>
            </a:s>
         </annotation>
      </def>
      <def localId="3" locator="25:1-25:33" localIdentifier="IMMZCom" path="http://fhir.org/guides/who/smart-immunization/IMMZCommon">
         <annotation xsi:type="a:Annotation">
            <a:s r="3">
               <a:s>include </a:s>
               <a:s>
                  <a:s>IMMZCommon</a:s>
               </a:s>
               <a:s> called IMMZCom</a:s>
            </a:s>
         </annotation>
      </def>
      <def localId="4" locator="26:1-26:33" localIdentifier="IMMZc" path="http://fhir.org/guides/who/smart-immunization/IMMZConcepts">
         <annotation xsi:type="a:Annotation">
            <a:s r="4">
               <a:s>include </a:s>
               <a:s>
                  <a:s>IMMZConcepts</a:s>
               </a:s>
               <a:s> called IMMZc</a:s>
            </a:s>
         </annotation>
      </def>
      <def localId="5" locator="27:1-27:33" localIdentifier="IMMZCon" path="http://fhir.org/guides/who/smart-immunization/IMMZConfig">
         <annotation xsi:type="a:Annotation">
            <a:s r="5">
               <a:s>include </a:s>
               <a:s>
                  <a:s>IMMZConfig</a:s>
               </a:s>
               <a:s> called IMMZCon</a:s>
            </a:s>
         </annotation>
      </def>
      <def localId="6" locator="28:1-28:45" localIdentifier="IMMZIndCom" path="http://fhir.org/guides/who/smart-immunization/IMMZIndicatorCommon">
         <annotation xsi:type="a:Annotation">
            <a:s r="6">
               <a:s>include </a:s>
               <a:s>
                  <a:s>IMMZIndicatorCommon</a:s>
               </a:s>
               <a:s> called IMMZIndCom</a:s>
            </a:s>
         </annotation>
      </def>
      <def localId="7" locator="29:1-29:40" localIdentifier="IMMZvl" path="http://fhir.org/guides/who/smart-immunization/IMMZVaccineLibrary">
         <annotation xsi:type="a:Annotation">
            <a:s r="7">
               <a:s>include </a:s>
               <a:s>
                  <a:s>IMMZVaccineLibrary</a:s>
               </a:s>
               <a:s> called IMMZvl</a:s>
            </a:s>
         </annotation>
      </def>
   </includes>
   <parameters>
      <def localId="13" locator="31:1-31:88" name="Measurement Period" accessLevel="Public">
         <annotation xsi:type="a:Annotation">
            <a:s r="13">
               <a:s>// End Skeleton CQL
parameter &quot;Measurement Period&quot; </a:s>
               <a:s r="12">
                  <a:s>Interval&lt;</a:s>
                  <a:s r="11">
                     <a:s>Date</a:s>
                  </a:s>
                  <a:s>></a:s>
               </a:s>
               <a:s> default </a:s>
               <a:s r="10">
                  <a:s r="8">Interval[@2022-01-01, @2022-01-31]</a:s>
               </a:s>
            </a:s>
         </annotation>
         <default localId="10" locator="31:55-31:88" lowClosed="true" highClosed="true" xsi:type="Interval">
            <low localId="8" locator="31:64-31:74" xsi:type="Date">
               <year valueType="t:Integer" value="2022" xsi:type="Literal"/>
               <month valueType="t:Integer" value="1" xsi:type="Literal"/>
               <day valueType="t:Integer" value="1" xsi:type="Literal"/>
            </low>
            <high localId="9" locator="31:77-31:87" xsi:type="Date">
               <year valueType="t:Integer" value="2022" xsi:type="Literal"/>
               <month valueType="t:Integer" value="1" xsi:type="Literal"/>
               <day valueType="t:Integer" value="31" xsi:type="Literal"/>
            </high>
         </default>
         <parameterTypeSpecifier localId="12" locator="31:32-31:45" xsi:type="IntervalTypeSpecifier">
            <pointType localId="11" locator="31:41-31:44" name="t:Date" xsi:type="NamedTypeSpecifier"/>
         </parameterTypeSpecifier>
      </def>
   </parameters>
   <statements>
      <def locator="39:1-39:15" name="Patient" context="Patient">
         <expression xsi:type="SingletonFrom">
            <operand locator="39:1-39:15" dataType="fhir:Patient" templateId="http://hl7.org/fhir/StructureDefinition/Patient" xsi:type="Retrieve"/>
         </expression>
      </def>
      <def localId="17" locator="45:1-46:92" name="measure-population" context="Patient" accessLevel="Public">
         <annotation xsi:type="a:Annotation">
            <a:s r="17">
               <a:s>/*
 * Numerator: Number of administrations of vaccinations containing a Hepatitis B component.
 * Numerator Computation: COUNT immunization events WHERE administered product is a HepB (IMMZ.A1.DE6) during reporting period.
 */
define &quot;measure-population&quot;:
	</a:s>
               <a:s r="16">
                  <a:s>exists</a:s>
                  <a:s r="15">
                     <a:s>(</a:s>
                     <a:s r="15">
                        <a:s r="14">
                           <a:s>IMMZIndCom</a:s>
                        </a:s>
                        <a:s>.</a:s>
                        <a:s r="15">
                           <a:s>&quot;HepB Non-Birth Doses Administered to Patient During Measurement Period&quot;</a:s>
                        </a:s>
                     </a:s>
                     <a:s>)</a:s>
                  </a:s>
               </a:s>
            </a:s>
         </annotation>
         <expression localId="16" locator="46:2-46:92" xsi:type="Exists">
            <operand localId="15" locator="46:8-46:92" name="HepB Non-Birth Doses Administered to Patient During Measurement Period" libraryName="IMMZIndCom" xsi:type="ExpressionRef"/>
         </expression>
      </def>
      <def localId="26" locator="52:1-54:53" name="Dose Sequence  Stratifier" context="Patient" accessLevel="Public">
         <annotation xsi:type="a:Annotation">
            <a:s r="26">
               <a:s>/*
 * Disaggregator: Dose Sequence (1, 2, 3)
 */
define &quot;Dose Sequence  Stratifier&quot;:
	</a:s>
               <a:s r="25">
                  <a:s>
                     <a:s r="19">
                        <a:s r="18">
                           <a:s>
                              <a:s>IMMZIndCom.&quot;HepB Non-Birth Doses Administered to Patient During Measurement Period&quot;</a:s>
                           </a:s>
                        </a:s>
                        <a:s> I</a:s>
                     </a:s>
                  </a:s>
                  <a:s>
	</a:s>
                  <a:s r="24">
                     <a:s>return </a:s>
                     <a:s r="23">
                        <a:s r="22">
                           <a:s>(</a:s>
                           <a:s r="22">
                              <a:s>singleton from </a:s>
                              <a:s r="21">
                                 <a:s r="20">
                                    <a:s>I</a:s>
                                 </a:s>
                                 <a:s>.</a:s>
                                 <a:s r="21">
                                    <a:s>protocolApplied</a:s>
                                 </a:s>
                              </a:s>
                           </a:s>
                           <a:s>)</a:s>
                        </a:s>
                        <a:s>.</a:s>
                        <a:s r="23">
                           <a:s>doseNumber</a:s>
                        </a:s>
                     </a:s>
                  </a:s>
               </a:s>
            </a:s>
         </annotation>
         <expression localId="25" locator="53:2-54:53" xsi:type="Query">
            <source localId="19" locator="53:2-53:86" alias="I">
               <expression localId="18" locator="53:2-53:84" name="HepB Non-Birth Doses Administered to Patient During Measurement Period" libraryName="IMMZIndCom" xsi:type="ExpressionRef"/>
            </source>
            <return localId="24" locator="54:2-54:53">
               <expression localId="23" locator="54:9-54:53" path="doseNumber" xsi:type="Property">
                  <source localId="22" locator="54:9-54:42" xsi:type="SingletonFrom">
                     <operand localId="21" locator="54:25-54:41" path="protocolApplied" scope="I" xsi:type="Property"/>
                  </source>
               </expression>
            </return>
         </expression>
      </def>
      <def localId="29" locator="59:1-60:38" name="Age Group  Stratifier" context="Patient" accessLevel="Public">
         <annotation xsi:type="a:Annotation">
            <a:s r="29">
               <a:s>/*
 * Disaggregator: Age Group (&lt;1 year or > 1year)
 */
define &quot;Age Group  Stratifier&quot;:
	</a:s>
               <a:s r="28">
                  <a:s r="27">
                     <a:s>IMMZIndCom</a:s>
                  </a:s>
                  <a:s>.</a:s>
                  <a:s r="28">
                     <a:s>&quot;Infant By Age Stratifier&quot;</a:s>
                  </a:s>
               </a:s>
            </a:s>
         </annotation>
         <expression localId="28" locator="60:2-60:38" name="Infant By Age Stratifier" libraryName="IMMZIndCom" xsi:type="ExpressionRef"/>
      </def>
      <def localId="32" locator="64:1-65:45" name="Geographic Region Stratifier" context="Patient" accessLevel="Public">
         <annotation xsi:type="a:Annotation">
            <a:s r="32">
               <a:s>/*
 * Disaggregator: Geographic Region
 */
define &quot;Geographic Region Stratifier&quot;:
	</a:s>
               <a:s r="31">
                  <a:s r="30">
                     <a:s>IMMZIndCom</a:s>
                  </a:s>
                  <a:s>.</a:s>
                  <a:s r="31">
                     <a:s>&quot;By Geographic Region Stratifier&quot;</a:s>
                  </a:s>
               </a:s>
            </a:s>
         </annotation>
         <expression localId="31" locator="65:2-65:45" name="By Geographic Region Stratifier" libraryName="IMMZIndCom" xsi:type="ExpressionRef"/>
      </def>
      <def localId="35" locator="70:1-71:49" name="Administrative Gender Stratifier" context="Patient" accessLevel="Public">
         <annotation xsi:type="a:Annotation">
            <a:s r="35">
               <a:s>/*
 * Disaggregator: Administrative Gender (or Biological Sex)
 */
define &quot;Administrative Gender Stratifier&quot;:
	</a:s>
               <a:s r="34">
                  <a:s r="33">
                     <a:s>IMMZIndCom</a:s>
                  </a:s>
                  <a:s>.</a:s>
                  <a:s r="34">
                     <a:s>&quot;By Administrative Gender Stratifier&quot;</a:s>
                  </a:s>
               </a:s>
            </a:s>
         </annotation>
         <expression localId="34" locator="71:2-71:49" name="By Administrative Gender Stratifier" libraryName="IMMZIndCom" xsi:type="ExpressionRef"/>
      </def>
   </statements>
</library>
