{
  "library" : {
    "type" : "Library",
    "identifier" : {
      "type" : "VersionedIdentifier",
      "id" : "IMMZIND17",
      "system" : "http://fhir.org/guides/who/smart-immunization"
    },
    "schemaIdentifier" : {
      "type" : "VersionedIdentifier",
      "id" : "urn:hl7-org:elm",
      "version" : "r1"
    },
    "usings" : {
      "type" : "Library$Usings",
      "def" : [ {
        "type" : "UsingDef",
        "localIdentifier" : "System",
        "uri" : "urn:hl7-org:elm-types:r1"
      }, {
        "type" : "UsingDef",
        "annotation" : [ {
          "s" : {
            "s" : [ {
              "name" : "{urn:hl7-org:cql-annotations:r1}s",
              "declaredType" : "org.hl7.cql_annotations.r1.Narrative",
              "scope" : "javax.xml.bind.JAXBElement$GlobalScope",
              "value" : {
                "s" : [ "// Start Skeleton CQL\n", "using " ]
              },
              "nil" : false,
              "globalScope" : true,
              "typeSubstituted" : false
            }, {
              "name" : "{urn:hl7-org:cql-annotations:r1}s",
              "declaredType" : "org.hl7.cql_annotations.r1.Narrative",
              "scope" : "javax.xml.bind.JAXBElement$GlobalScope",
              "value" : {
                "s" : [ {
                  "name" : "{urn:hl7-org:cql-annotations:r1}s",
                  "declaredType" : "org.hl7.cql_annotations.r1.Narrative",
                  "scope" : "javax.xml.bind.JAXBElement$GlobalScope",
                  "value" : {
                    "s" : [ "FHIR" ]
                  },
                  "nil" : false,
                  "globalScope" : true,
                  "typeSubstituted" : false
                } ]
              },
              "nil" : false,
              "globalScope" : true,
              "typeSubstituted" : false
            }, {
              "name" : "{urn:hl7-org:cql-annotations:r1}s",
              "declaredType" : "org.hl7.cql_annotations.r1.Narrative",
              "scope" : "javax.xml.bind.JAXBElement$GlobalScope",
              "value" : {
                "s" : [ " version ", "'4.0.1'" ]
              },
              "nil" : false,
              "globalScope" : true,
              "typeSubstituted" : false
            } ],
            "r" : "1"
          }
        } ],
        "localId" : "1",
        "locator" : "21:1-21:26",
        "localIdentifier" : "FHIR",
        "uri" : "http://hl7.org/fhir",
        "version" : "4.0.1"
      } ]
    },
    "includes" : {
      "type" : "Library$Includes",
      "def" : [ {
        "type" : "IncludeDef",
        "annotation" : [ {
          "s" : {
            "s" : [ {
              "name" : "{urn:hl7-org:cql-annotations:r1}s",
              "declaredType" : "org.hl7.cql_annotations.r1.Narrative",
              "scope" : "javax.xml.bind.JAXBElement$GlobalScope",
              "value" : {
                "s" : [ "", "include " ]
              },
              "nil" : false,
              "globalScope" : true,
              "typeSubstituted" : false
            }, {
              "name" : "{urn:hl7-org:cql-annotations:r1}s",
              "declaredType" : "org.hl7.cql_annotations.r1.Narrative",
              "scope" : "javax.xml.bind.JAXBElement$GlobalScope",
              "value" : {
                "s" : [ {
                  "name" : "{urn:hl7-org:cql-annotations:r1}s",
                  "declaredType" : "org.hl7.cql_annotations.r1.Narrative",
                  "scope" : "javax.xml.bind.JAXBElement$GlobalScope",
                  "value" : {
                    "s" : [ "FHIRHelpers" ]
                  },
                  "nil" : false,
                  "globalScope" : true,
                  "typeSubstituted" : false
                } ]
              },
              "nil" : false,
              "globalScope" : true,
              "typeSubstituted" : false
            }, {
              "name" : "{urn:hl7-org:cql-annotations:r1}s",
              "declaredType" : "org.hl7.cql_annotations.r1.Narrative",
              "scope" : "javax.xml.bind.JAXBElement$GlobalScope",
              "value" : {
                "s" : [ " version ", "'4.0.1'" ]
              },
              "nil" : false,
              "globalScope" : true,
              "typeSubstituted" : false
            } ],
            "r" : "2"
          }
        } ],
        "localId" : "2",
        "locator" : "22:1-22:35",
        "localIdentifier" : "FHIRHelpers",
        "path" : "http://fhir.org/guides/who/smart-immunization/FHIRHelpers",
        "version" : "4.0.1"
      }, {
        "type" : "IncludeDef",
        "annotation" : [ {
          "s" : {
            "s" : [ {
              "name" : "{urn:hl7-org:cql-annotations:r1}s",
              "declaredType" : "org.hl7.cql_annotations.r1.Narrative",
              "scope" : "javax.xml.bind.JAXBElement$GlobalScope",
              "value" : {
                "s" : [ "", "include " ]
              },
              "nil" : false,
              "globalScope" : true,
              "typeSubstituted" : false
            }, {
              "name" : "{urn:hl7-org:cql-annotations:r1}s",
              "declaredType" : "org.hl7.cql_annotations.r1.Narrative",
              "scope" : "javax.xml.bind.JAXBElement$GlobalScope",
              "value" : {
                "s" : [ {
                  "name" : "{urn:hl7-org:cql-annotations:r1}s",
                  "declaredType" : "org.hl7.cql_annotations.r1.Narrative",
                  "scope" : "javax.xml.bind.JAXBElement$GlobalScope",
                  "value" : {
                    "s" : [ "IMMZCommon" ]
                  },
                  "nil" : false,
                  "globalScope" : true,
                  "typeSubstituted" : false
                } ]
              },
              "nil" : false,
              "globalScope" : true,
              "typeSubstituted" : false
            }, {
              "name" : "{urn:hl7-org:cql-annotations:r1}s",
              "declaredType" : "org.hl7.cql_annotations.r1.Narrative",
              "scope" : "javax.xml.bind.JAXBElement$GlobalScope",
              "value" : {
                "s" : [ " called ", "IMMZCom" ]
              },
              "nil" : false,
              "globalScope" : true,
              "typeSubstituted" : false
            } ],
            "r" : "3"
          }
        } ],
        "localId" : "3",
        "locator" : "23:1-23:33",
        "localIdentifier" : "IMMZCom",
        "path" : "http://fhir.org/guides/who/smart-immunization/IMMZCommon"
      }, {
        "type" : "IncludeDef",
        "annotation" : [ {
          "s" : {
            "s" : [ {
              "name" : "{urn:hl7-org:cql-annotations:r1}s",
              "declaredType" : "org.hl7.cql_annotations.r1.Narrative",
              "scope" : "javax.xml.bind.JAXBElement$GlobalScope",
              "value" : {
                "s" : [ "", "include " ]
              },
              "nil" : false,
              "globalScope" : true,
              "typeSubstituted" : false
            }, {
              "name" : "{urn:hl7-org:cql-annotations:r1}s",
              "declaredType" : "org.hl7.cql_annotations.r1.Narrative",
              "scope" : "javax.xml.bind.JAXBElement$GlobalScope",
              "value" : {
                "s" : [ {
                  "name" : "{urn:hl7-org:cql-annotations:r1}s",
                  "declaredType" : "org.hl7.cql_annotations.r1.Narrative",
                  "scope" : "javax.xml.bind.JAXBElement$GlobalScope",
                  "value" : {
                    "s" : [ "IMMZConcepts" ]
                  },
                  "nil" : false,
                  "globalScope" : true,
                  "typeSubstituted" : false
                } ]
              },
              "nil" : false,
              "globalScope" : true,
              "typeSubstituted" : false
            }, {
              "name" : "{urn:hl7-org:cql-annotations:r1}s",
              "declaredType" : "org.hl7.cql_annotations.r1.Narrative",
              "scope" : "javax.xml.bind.JAXBElement$GlobalScope",
              "value" : {
                "s" : [ " called ", "IMMZc" ]
              },
              "nil" : false,
              "globalScope" : true,
              "typeSubstituted" : false
            } ],
            "r" : "4"
          }
        } ],
        "localId" : "4",
        "locator" : "24:1-24:33",
        "localIdentifier" : "IMMZc",
        "path" : "http://fhir.org/guides/who/smart-immunization/IMMZConcepts"
      }, {
        "type" : "IncludeDef",
        "annotation" : [ {
          "s" : {
            "s" : [ {
              "name" : "{urn:hl7-org:cql-annotations:r1}s",
              "declaredType" : "org.hl7.cql_annotations.r1.Narrative",
              "scope" : "javax.xml.bind.JAXBElement$GlobalScope",
              "value" : {
                "s" : [ "", "include " ]
              },
              "nil" : false,
              "globalScope" : true,
              "typeSubstituted" : false
            }, {
              "name" : "{urn:hl7-org:cql-annotations:r1}s",
              "declaredType" : "org.hl7.cql_annotations.r1.Narrative",
              "scope" : "javax.xml.bind.JAXBElement$GlobalScope",
              "value" : {
                "s" : [ {
                  "name" : "{urn:hl7-org:cql-annotations:r1}s",
                  "declaredType" : "org.hl7.cql_annotations.r1.Narrative",
                  "scope" : "javax.xml.bind.JAXBElement$GlobalScope",
                  "value" : {
                    "s" : [ "IMMZConfig" ]
                  },
                  "nil" : false,
                  "globalScope" : true,
                  "typeSubstituted" : false
                } ]
              },
              "nil" : false,
              "globalScope" : true,
              "typeSubstituted" : false
            }, {
              "name" : "{urn:hl7-org:cql-annotations:r1}s",
              "declaredType" : "org.hl7.cql_annotations.r1.Narrative",
              "scope" : "javax.xml.bind.JAXBElement$GlobalScope",
              "value" : {
                "s" : [ " called ", "IMMZCon" ]
              },
              "nil" : false,
              "globalScope" : true,
              "typeSubstituted" : false
            } ],
            "r" : "5"
          }
        } ],
        "localId" : "5",
        "locator" : "25:1-25:33",
        "localIdentifier" : "IMMZCon",
        "path" : "http://fhir.org/guides/who/smart-immunization/IMMZConfig"
      }, {
        "type" : "IncludeDef",
        "annotation" : [ {
          "s" : {
            "s" : [ {
              "name" : "{urn:hl7-org:cql-annotations:r1}s",
              "declaredType" : "org.hl7.cql_annotations.r1.Narrative",
              "scope" : "javax.xml.bind.JAXBElement$GlobalScope",
              "value" : {
                "s" : [ "", "include " ]
              },
              "nil" : false,
              "globalScope" : true,
              "typeSubstituted" : false
            }, {
              "name" : "{urn:hl7-org:cql-annotations:r1}s",
              "declaredType" : "org.hl7.cql_annotations.r1.Narrative",
              "scope" : "javax.xml.bind.JAXBElement$GlobalScope",
              "value" : {
                "s" : [ {
                  "name" : "{urn:hl7-org:cql-annotations:r1}s",
                  "declaredType" : "org.hl7.cql_annotations.r1.Narrative",
                  "scope" : "javax.xml.bind.JAXBElement$GlobalScope",
                  "value" : {
                    "s" : [ "IMMZIndicatorCommon" ]
                  },
                  "nil" : false,
                  "globalScope" : true,
                  "typeSubstituted" : false
                } ]
              },
              "nil" : false,
              "globalScope" : true,
              "typeSubstituted" : false
            }, {
              "name" : "{urn:hl7-org:cql-annotations:r1}s",
              "declaredType" : "org.hl7.cql_annotations.r1.Narrative",
              "scope" : "javax.xml.bind.JAXBElement$GlobalScope",
              "value" : {
                "s" : [ " called ", "IMMZIndCom" ]
              },
              "nil" : false,
              "globalScope" : true,
              "typeSubstituted" : false
            } ],
            "r" : "6"
          }
        } ],
        "localId" : "6",
        "locator" : "26:1-26:45",
        "localIdentifier" : "IMMZIndCom",
        "path" : "http://fhir.org/guides/who/smart-immunization/IMMZIndicatorCommon"
      }, {
        "type" : "IncludeDef",
        "annotation" : [ {
          "s" : {
            "s" : [ {
              "name" : "{urn:hl7-org:cql-annotations:r1}s",
              "declaredType" : "org.hl7.cql_annotations.r1.Narrative",
              "scope" : "javax.xml.bind.JAXBElement$GlobalScope",
              "value" : {
                "s" : [ "", "include " ]
              },
              "nil" : false,
              "globalScope" : true,
              "typeSubstituted" : false
            }, {
              "name" : "{urn:hl7-org:cql-annotations:r1}s",
              "declaredType" : "org.hl7.cql_annotations.r1.Narrative",
              "scope" : "javax.xml.bind.JAXBElement$GlobalScope",
              "value" : {
                "s" : [ {
                  "name" : "{urn:hl7-org:cql-annotations:r1}s",
                  "declaredType" : "org.hl7.cql_annotations.r1.Narrative",
                  "scope" : "javax.xml.bind.JAXBElement$GlobalScope",
                  "value" : {
                    "s" : [ "IMMZVaccineLibrary" ]
                  },
                  "nil" : false,
                  "globalScope" : true,
                  "typeSubstituted" : false
                } ]
              },
              "nil" : false,
              "globalScope" : true,
              "typeSubstituted" : false
            }, {
              "name" : "{urn:hl7-org:cql-annotations:r1}s",
              "declaredType" : "org.hl7.cql_annotations.r1.Narrative",
              "scope" : "javax.xml.bind.JAXBElement$GlobalScope",
              "value" : {
                "s" : [ " called ", "IMMZvl" ]
              },
              "nil" : false,
              "globalScope" : true,
              "typeSubstituted" : false
            } ],
            "r" : "7"
          }
        } ],
        "localId" : "7",
        "locator" : "27:1-27:40",
        "localIdentifier" : "IMMZvl",
        "path" : "http://fhir.org/guides/who/smart-immunization/IMMZVaccineLibrary"
      }, {
        "type" : "IncludeDef",
        "annotation" : [ {
          "s" : {
            "s" : [ {
              "name" : "{urn:hl7-org:cql-annotations:r1}s",
              "declaredType" : "org.hl7.cql_annotations.r1.Narrative",
              "scope" : "javax.xml.bind.JAXBElement$GlobalScope",
              "value" : {
                "s" : [ "", "include " ]
              },
              "nil" : false,
              "globalScope" : true,
              "typeSubstituted" : false
            }, {
              "name" : "{urn:hl7-org:cql-annotations:r1}s",
              "declaredType" : "org.hl7.cql_annotations.r1.Narrative",
              "scope" : "javax.xml.bind.JAXBElement$GlobalScope",
              "value" : {
                "s" : [ {
                  "name" : "{urn:hl7-org:cql-annotations:r1}s",
                  "declaredType" : "org.hl7.cql_annotations.r1.Narrative",
                  "scope" : "javax.xml.bind.JAXBElement$GlobalScope",
                  "value" : {
                    "s" : [ "FHIRCommon" ]
                  },
                  "nil" : false,
                  "globalScope" : true,
                  "typeSubstituted" : false
                } ]
              },
              "nil" : false,
              "globalScope" : true,
              "typeSubstituted" : false
            }, {
              "name" : "{urn:hl7-org:cql-annotations:r1}s",
              "declaredType" : "org.hl7.cql_annotations.r1.Narrative",
              "scope" : "javax.xml.bind.JAXBElement$GlobalScope",
              "value" : {
                "s" : [ " called ", "FC" ]
              },
              "nil" : false,
              "globalScope" : true,
              "typeSubstituted" : false
            } ],
            "r" : "8"
          }
        } ],
        "localId" : "8",
        "locator" : "28:1-28:28",
        "localIdentifier" : "FC",
        "path" : "http://fhir.org/guides/who/smart-immunization/FHIRCommon"
      } ]
    },
    "parameters" : {
      "type" : "Library$Parameters",
      "def" : [ {
        "type" : "ParameterDef",
        "parameterTypeSpecifier" : {
          "type" : "IntervalTypeSpecifier",
          "pointType" : {
            "type" : "NamedTypeSpecifier",
            "localId" : "9",
            "locator" : "30:41-30:44",
            "name" : "{urn:hl7-org:elm-types:r1}Date"
          },
          "localId" : "10",
          "locator" : "30:32-30:45"
        },
        "annotation" : [ {
          "s" : {
            "s" : [ {
              "name" : "{urn:hl7-org:cql-annotations:r1}s",
              "declaredType" : "org.hl7.cql_annotations.r1.Narrative",
              "scope" : "javax.xml.bind.JAXBElement$GlobalScope",
              "value" : {
                "s" : [ "// End Skeleton CQL\n", "parameter ", "\"Measurement Period\"", " " ]
              },
              "nil" : false,
              "globalScope" : true,
              "typeSubstituted" : false
            }, {
              "name" : "{urn:hl7-org:cql-annotations:r1}s",
              "declaredType" : "org.hl7.cql_annotations.r1.Narrative",
              "scope" : "javax.xml.bind.JAXBElement$GlobalScope",
              "value" : {
                "s" : [ {
                  "name" : "{urn:hl7-org:cql-annotations:r1}s",
                  "declaredType" : "org.hl7.cql_annotations.r1.Narrative",
                  "scope" : "javax.xml.bind.JAXBElement$GlobalScope",
                  "value" : {
                    "s" : [ "Interval<" ]
                  },
                  "nil" : false,
                  "globalScope" : true,
                  "typeSubstituted" : false
                }, {
                  "name" : "{urn:hl7-org:cql-annotations:r1}s",
                  "declaredType" : "org.hl7.cql_annotations.r1.Narrative",
                  "scope" : "javax.xml.bind.JAXBElement$GlobalScope",
                  "value" : {
                    "s" : [ {
                      "name" : "{urn:hl7-org:cql-annotations:r1}s",
                      "declaredType" : "org.hl7.cql_annotations.r1.Narrative",
                      "scope" : "javax.xml.bind.JAXBElement$GlobalScope",
                      "value" : {
                        "s" : [ "Date" ]
                      },
                      "nil" : false,
                      "globalScope" : true,
                      "typeSubstituted" : false
                    } ],
                    "r" : "9"
                  },
                  "nil" : false,
                  "globalScope" : true,
                  "typeSubstituted" : false
                }, {
                  "name" : "{urn:hl7-org:cql-annotations:r1}s",
                  "declaredType" : "org.hl7.cql_annotations.r1.Narrative",
                  "scope" : "javax.xml.bind.JAXBElement$GlobalScope",
                  "value" : {
                    "s" : [ ">" ]
                  },
                  "nil" : false,
                  "globalScope" : true,
                  "typeSubstituted" : false
                } ],
                "r" : "10"
              },
              "nil" : false,
              "globalScope" : true,
              "typeSubstituted" : false
            } ],
            "r" : "11"
          }
        } ],
        "localId" : "11",
        "locator" : "30:1-30:45",
        "name" : "Measurement Period",
        "accessLevel" : "Public"
      } ]
    },
    "statements" : {
      "type" : "Library$Statements",
      "def" : [ {
        "type" : "ExpressionDef",
        "expression" : {
          "type" : "SingletonFrom",
          "operand" : {
            "type" : "Retrieve",
            "locator" : "32:1-32:15",
            "dataType" : "{http://hl7.org/fhir}Patient",
            "templateId" : "http://hl7.org/fhir/StructureDefinition/Patient"
          }
        },
        "locator" : "32:1-32:15",
        "name" : "Patient",
        "context" : "Patient"
      }, {
        "type" : "ExpressionDef",
        "expression" : {
          "type" : "Exists",
          "operand" : {
            "type" : "ExpressionRef",
            "localId" : "13",
            "locator" : "39:8-39:95",
            "name" : "Pertussis Booster Doses Administered to Patient During Measurement Period",
            "libraryName" : "IMMZIndCom"
          },
          "localId" : "14",
          "locator" : "39:2-39:95"
        },
        "annotation" : [ {
          "s" : {
            "s" : [ {
              "name" : "{urn:hl7-org:cql-annotations:r1}s",
              "declaredType" : "org.hl7.cql_annotations.r1.Narrative",
              "scope" : "javax.xml.bind.JAXBElement$GlobalScope",
              "value" : {
                "s" : [ "/*\n * Numerator: Number of administrations of booster vaccine containing a pertussis component during the reporting period\n * Numerator Computation: COUNT immunization events WHERE administered product is a Pertussis containing vaccine (IMMZ.A1.DE12) and dose > 3 during reporting period.\n */\n", "define ", "\"measure-population\"", ":\n\t" ]
              },
              "nil" : false,
              "globalScope" : true,
              "typeSubstituted" : false
            }, {
              "name" : "{urn:hl7-org:cql-annotations:r1}s",
              "declaredType" : "org.hl7.cql_annotations.r1.Narrative",
              "scope" : "javax.xml.bind.JAXBElement$GlobalScope",
              "value" : {
                "s" : [ {
                  "name" : "{urn:hl7-org:cql-annotations:r1}s",
                  "declaredType" : "org.hl7.cql_annotations.r1.Narrative",
                  "scope" : "javax.xml.bind.JAXBElement$GlobalScope",
                  "value" : {
                    "s" : [ "exists" ]
                  },
                  "nil" : false,
                  "globalScope" : true,
                  "typeSubstituted" : false
                }, {
                  "name" : "{urn:hl7-org:cql-annotations:r1}s",
                  "declaredType" : "org.hl7.cql_annotations.r1.Narrative",
                  "scope" : "javax.xml.bind.JAXBElement$GlobalScope",
                  "value" : {
                    "s" : [ {
                      "name" : "{urn:hl7-org:cql-annotations:r1}s",
                      "declaredType" : "org.hl7.cql_annotations.r1.Narrative",
                      "scope" : "javax.xml.bind.JAXBElement$GlobalScope",
                      "value" : {
                        "s" : [ "(" ]
                      },
                      "nil" : false,
                      "globalScope" : true,
                      "typeSubstituted" : false
                    }, {
                      "name" : "{urn:hl7-org:cql-annotations:r1}s",
                      "declaredType" : "org.hl7.cql_annotations.r1.Narrative",
                      "scope" : "javax.xml.bind.JAXBElement$GlobalScope",
                      "value" : {
                        "s" : [ {
                          "name" : "{urn:hl7-org:cql-annotations:r1}s",
                          "declaredType" : "org.hl7.cql_annotations.r1.Narrative",
                          "scope" : "javax.xml.bind.JAXBElement$GlobalScope",
                          "value" : {
                            "s" : [ {
                              "name" : "{urn:hl7-org:cql-annotations:r1}s",
                              "declaredType" : "org.hl7.cql_annotations.r1.Narrative",
                              "scope" : "javax.xml.bind.JAXBElement$GlobalScope",
                              "value" : {
                                "s" : [ "IMMZIndCom" ]
                              },
                              "nil" : false,
                              "globalScope" : true,
                              "typeSubstituted" : false
                            } ],
                            "r" : "12"
                          },
                          "nil" : false,
                          "globalScope" : true,
                          "typeSubstituted" : false
                        }, {
                          "name" : "{urn:hl7-org:cql-annotations:r1}s",
                          "declaredType" : "org.hl7.cql_annotations.r1.Narrative",
                          "scope" : "javax.xml.bind.JAXBElement$GlobalScope",
                          "value" : {
                            "s" : [ "." ]
                          },
                          "nil" : false,
                          "globalScope" : true,
                          "typeSubstituted" : false
                        }, {
                          "name" : "{urn:hl7-org:cql-annotations:r1}s",
                          "declaredType" : "org.hl7.cql_annotations.r1.Narrative",
                          "scope" : "javax.xml.bind.JAXBElement$GlobalScope",
                          "value" : {
                            "s" : [ {
                              "name" : "{urn:hl7-org:cql-annotations:r1}s",
                              "declaredType" : "org.hl7.cql_annotations.r1.Narrative",
                              "scope" : "javax.xml.bind.JAXBElement$GlobalScope",
                              "value" : {
                                "s" : [ "\"Pertussis Booster Doses Administered to Patient During Measurement Period\"" ]
                              },
                              "nil" : false,
                              "globalScope" : true,
                              "typeSubstituted" : false
                            } ],
                            "r" : "13"
                          },
                          "nil" : false,
                          "globalScope" : true,
                          "typeSubstituted" : false
                        } ],
                        "r" : "13"
                      },
                      "nil" : false,
                      "globalScope" : true,
                      "typeSubstituted" : false
                    }, {
                      "name" : "{urn:hl7-org:cql-annotations:r1}s",
                      "declaredType" : "org.hl7.cql_annotations.r1.Narrative",
                      "scope" : "javax.xml.bind.JAXBElement$GlobalScope",
                      "value" : {
                        "s" : [ ")" ]
                      },
                      "nil" : false,
                      "globalScope" : true,
                      "typeSubstituted" : false
                    } ],
                    "r" : "13"
                  },
                  "nil" : false,
                  "globalScope" : true,
                  "typeSubstituted" : false
                } ],
                "r" : "14"
              },
              "nil" : false,
              "globalScope" : true,
              "typeSubstituted" : false
            } ],
            "r" : "15"
          }
        } ],
        "localId" : "15",
        "locator" : "38:1-39:95",
        "name" : "measure-population",
        "context" : "Patient",
        "accessLevel" : "Public"
      }, {
        "type" : "ExpressionDef",
        "expression" : {
          "type" : "Query",
          "source" : [ {
            "type" : "AliasedQuerySource",
            "expression" : {
              "type" : "ExpressionRef",
              "localId" : "16",
              "locator" : "45:2-45:87",
              "name" : "Pertussis Booster Doses Administered to Patient During Measurement Period",
              "libraryName" : "IMMZIndCom"
            },
            "localId" : "17",
            "locator" : "45:2-45:89",
            "alias" : "I"
          } ],
          "relationship" : [ ],
          "return" : {
            "type" : "ReturnClause",
            "expression" : {
              "type" : "Property",
              "source" : {
                "type" : "SingletonFrom",
                "operand" : {
                  "type" : "Property",
                  "localId" : "19",
                  "locator" : "46:25-46:41",
                  "path" : "protocolApplied",
                  "scope" : "I"
                },
                "localId" : "20",
                "locator" : "46:9-46:42"
              },
              "localId" : "21",
              "locator" : "46:9-46:53",
              "path" : "doseNumber"
            },
            "localId" : "22",
            "locator" : "46:2-46:53"
          },
          "localId" : "23",
          "locator" : "45:2-46:53"
        },
        "annotation" : [ {
          "s" : {
            "s" : [ {
              "name" : "{urn:hl7-org:cql-annotations:r1}s",
              "declaredType" : "org.hl7.cql_annotations.r1.Narrative",
              "scope" : "javax.xml.bind.JAXBElement$GlobalScope",
              "value" : {
                "s" : [ "/*\n * Disaggregator: Dose Sequence (4, 5, 6)\n */\n", "define ", "\"Dose Sequence Stratifier\"", ":\n\t" ]
              },
              "nil" : false,
              "globalScope" : true,
              "typeSubstituted" : false
            }, {
              "name" : "{urn:hl7-org:cql-annotations:r1}s",
              "declaredType" : "org.hl7.cql_annotations.r1.Narrative",
              "scope" : "javax.xml.bind.JAXBElement$GlobalScope",
              "value" : {
                "s" : [ {
                  "name" : "{urn:hl7-org:cql-annotations:r1}s",
                  "declaredType" : "org.hl7.cql_annotations.r1.Narrative",
                  "scope" : "javax.xml.bind.JAXBElement$GlobalScope",
                  "value" : {
                    "s" : [ {
                      "name" : "{urn:hl7-org:cql-annotations:r1}s",
                      "declaredType" : "org.hl7.cql_annotations.r1.Narrative",
                      "scope" : "javax.xml.bind.JAXBElement$GlobalScope",
                      "value" : {
                        "s" : [ {
                          "name" : "{urn:hl7-org:cql-annotations:r1}s",
                          "declaredType" : "org.hl7.cql_annotations.r1.Narrative",
                          "scope" : "javax.xml.bind.JAXBElement$GlobalScope",
                          "value" : {
                            "s" : [ {
                              "name" : "{urn:hl7-org:cql-annotations:r1}s",
                              "declaredType" : "org.hl7.cql_annotations.r1.Narrative",
                              "scope" : "javax.xml.bind.JAXBElement$GlobalScope",
                              "value" : {
                                "s" : [ {
                                  "name" : "{urn:hl7-org:cql-annotations:r1}s",
                                  "declaredType" : "org.hl7.cql_annotations.r1.Narrative",
                                  "scope" : "javax.xml.bind.JAXBElement$GlobalScope",
                                  "value" : {
                                    "s" : [ "IMMZIndCom", ".", "\"Pertussis Booster Doses Administered to Patient During Measurement Period\"" ]
                                  },
                                  "nil" : false,
                                  "globalScope" : true,
                                  "typeSubstituted" : false
                                } ]
                              },
                              "nil" : false,
                              "globalScope" : true,
                              "typeSubstituted" : false
                            } ],
                            "r" : "16"
                          },
                          "nil" : false,
                          "globalScope" : true,
                          "typeSubstituted" : false
                        }, {
                          "name" : "{urn:hl7-org:cql-annotations:r1}s",
                          "declaredType" : "org.hl7.cql_annotations.r1.Narrative",
                          "scope" : "javax.xml.bind.JAXBElement$GlobalScope",
                          "value" : {
                            "s" : [ " ", "I" ]
                          },
                          "nil" : false,
                          "globalScope" : true,
                          "typeSubstituted" : false
                        } ],
                        "r" : "17"
                      },
                      "nil" : false,
                      "globalScope" : true,
                      "typeSubstituted" : false
                    } ]
                  },
                  "nil" : false,
                  "globalScope" : true,
                  "typeSubstituted" : false
                }, {
                  "name" : "{urn:hl7-org:cql-annotations:r1}s",
                  "declaredType" : "org.hl7.cql_annotations.r1.Narrative",
                  "scope" : "javax.xml.bind.JAXBElement$GlobalScope",
                  "value" : {
                    "s" : [ "\n\t" ]
                  },
                  "nil" : false,
                  "globalScope" : true,
                  "typeSubstituted" : false
                }, {
                  "name" : "{urn:hl7-org:cql-annotations:r1}s",
                  "declaredType" : "org.hl7.cql_annotations.r1.Narrative",
                  "scope" : "javax.xml.bind.JAXBElement$GlobalScope",
                  "value" : {
                    "s" : [ {
                      "name" : "{urn:hl7-org:cql-annotations:r1}s",
                      "declaredType" : "org.hl7.cql_annotations.r1.Narrative",
                      "scope" : "javax.xml.bind.JAXBElement$GlobalScope",
                      "value" : {
                        "s" : [ "return " ]
                      },
                      "nil" : false,
                      "globalScope" : true,
                      "typeSubstituted" : false
                    }, {
                      "name" : "{urn:hl7-org:cql-annotations:r1}s",
                      "declaredType" : "org.hl7.cql_annotations.r1.Narrative",
                      "scope" : "javax.xml.bind.JAXBElement$GlobalScope",
                      "value" : {
                        "s" : [ {
                          "name" : "{urn:hl7-org:cql-annotations:r1}s",
                          "declaredType" : "org.hl7.cql_annotations.r1.Narrative",
                          "scope" : "javax.xml.bind.JAXBElement$GlobalScope",
                          "value" : {
                            "s" : [ {
                              "name" : "{urn:hl7-org:cql-annotations:r1}s",
                              "declaredType" : "org.hl7.cql_annotations.r1.Narrative",
                              "scope" : "javax.xml.bind.JAXBElement$GlobalScope",
                              "value" : {
                                "s" : [ "(" ]
                              },
                              "nil" : false,
                              "globalScope" : true,
                              "typeSubstituted" : false
                            }, {
                              "name" : "{urn:hl7-org:cql-annotations:r1}s",
                              "declaredType" : "org.hl7.cql_annotations.r1.Narrative",
                              "scope" : "javax.xml.bind.JAXBElement$GlobalScope",
                              "value" : {
                                "s" : [ {
                                  "name" : "{urn:hl7-org:cql-annotations:r1}s",
                                  "declaredType" : "org.hl7.cql_annotations.r1.Narrative",
                                  "scope" : "javax.xml.bind.JAXBElement$GlobalScope",
                                  "value" : {
                                    "s" : [ "singleton from " ]
                                  },
                                  "nil" : false,
                                  "globalScope" : true,
                                  "typeSubstituted" : false
                                }, {
                                  "name" : "{urn:hl7-org:cql-annotations:r1}s",
                                  "declaredType" : "org.hl7.cql_annotations.r1.Narrative",
                                  "scope" : "javax.xml.bind.JAXBElement$GlobalScope",
                                  "value" : {
                                    "s" : [ {
                                      "name" : "{urn:hl7-org:cql-annotations:r1}s",
                                      "declaredType" : "org.hl7.cql_annotations.r1.Narrative",
                                      "scope" : "javax.xml.bind.JAXBElement$GlobalScope",
                                      "value" : {
                                        "s" : [ {
                                          "name" : "{urn:hl7-org:cql-annotations:r1}s",
                                          "declaredType" : "org.hl7.cql_annotations.r1.Narrative",
                                          "scope" : "javax.xml.bind.JAXBElement$GlobalScope",
                                          "value" : {
                                            "s" : [ "I" ]
                                          },
                                          "nil" : false,
                                          "globalScope" : true,
                                          "typeSubstituted" : false
                                        } ],
                                        "r" : "18"
                                      },
                                      "nil" : false,
                                      "globalScope" : true,
                                      "typeSubstituted" : false
                                    }, {
                                      "name" : "{urn:hl7-org:cql-annotations:r1}s",
                                      "declaredType" : "org.hl7.cql_annotations.r1.Narrative",
                                      "scope" : "javax.xml.bind.JAXBElement$GlobalScope",
                                      "value" : {
                                        "s" : [ "." ]
                                      },
                                      "nil" : false,
                                      "globalScope" : true,
                                      "typeSubstituted" : false
                                    }, {
                                      "name" : "{urn:hl7-org:cql-annotations:r1}s",
                                      "declaredType" : "org.hl7.cql_annotations.r1.Narrative",
                                      "scope" : "javax.xml.bind.JAXBElement$GlobalScope",
                                      "value" : {
                                        "s" : [ {
                                          "name" : "{urn:hl7-org:cql-annotations:r1}s",
                                          "declaredType" : "org.hl7.cql_annotations.r1.Narrative",
                                          "scope" : "javax.xml.bind.JAXBElement$GlobalScope",
                                          "value" : {
                                            "s" : [ "protocolApplied" ]
                                          },
                                          "nil" : false,
                                          "globalScope" : true,
                                          "typeSubstituted" : false
                                        } ],
                                        "r" : "19"
                                      },
                                      "nil" : false,
                                      "globalScope" : true,
                                      "typeSubstituted" : false
                                    } ],
                                    "r" : "19"
                                  },
                                  "nil" : false,
                                  "globalScope" : true,
                                  "typeSubstituted" : false
                                } ],
                                "r" : "20"
                              },
                              "nil" : false,
                              "globalScope" : true,
                              "typeSubstituted" : false
                            }, {
                              "name" : "{urn:hl7-org:cql-annotations:r1}s",
                              "declaredType" : "org.hl7.cql_annotations.r1.Narrative",
                              "scope" : "javax.xml.bind.JAXBElement$GlobalScope",
                              "value" : {
                                "s" : [ ")" ]
                              },
                              "nil" : false,
                              "globalScope" : true,
                              "typeSubstituted" : false
                            } ],
                            "r" : "20"
                          },
                          "nil" : false,
                          "globalScope" : true,
                          "typeSubstituted" : false
                        }, {
                          "name" : "{urn:hl7-org:cql-annotations:r1}s",
                          "declaredType" : "org.hl7.cql_annotations.r1.Narrative",
                          "scope" : "javax.xml.bind.JAXBElement$GlobalScope",
                          "value" : {
                            "s" : [ "." ]
                          },
                          "nil" : false,
                          "globalScope" : true,
                          "typeSubstituted" : false
                        }, {
                          "name" : "{urn:hl7-org:cql-annotations:r1}s",
                          "declaredType" : "org.hl7.cql_annotations.r1.Narrative",
                          "scope" : "javax.xml.bind.JAXBElement$GlobalScope",
                          "value" : {
                            "s" : [ {
                              "name" : "{urn:hl7-org:cql-annotations:r1}s",
                              "declaredType" : "org.hl7.cql_annotations.r1.Narrative",
                              "scope" : "javax.xml.bind.JAXBElement$GlobalScope",
                              "value" : {
                                "s" : [ "doseNumber" ]
                              },
                              "nil" : false,
                              "globalScope" : true,
                              "typeSubstituted" : false
                            } ],
                            "r" : "21"
                          },
                          "nil" : false,
                          "globalScope" : true,
                          "typeSubstituted" : false
                        } ],
                        "r" : "21"
                      },
                      "nil" : false,
                      "globalScope" : true,
                      "typeSubstituted" : false
                    } ],
                    "r" : "22"
                  },
                  "nil" : false,
                  "globalScope" : true,
                  "typeSubstituted" : false
                } ],
                "r" : "23"
              },
              "nil" : false,
              "globalScope" : true,
              "typeSubstituted" : false
            } ],
            "r" : "24"
          }
        } ],
        "localId" : "24",
        "locator" : "44:1-46:53",
        "name" : "Dose Sequence Stratifier",
        "context" : "Patient",
        "accessLevel" : "Public"
      }, {
        "type" : "ExpressionDef",
        "expression" : {
          "type" : "ExpressionRef",
          "localId" : "26",
          "locator" : "52:2-52:45",
          "name" : "By Geographic Region Stratifier",
          "libraryName" : "IMMZIndCom"
        },
        "annotation" : [ {
          "s" : {
            "s" : [ {
              "name" : "{urn:hl7-org:cql-annotations:r1}s",
              "declaredType" : "org.hl7.cql_annotations.r1.Narrative",
              "scope" : "javax.xml.bind.JAXBElement$GlobalScope",
              "value" : {
                "s" : [ "/*\n * Disaggregator: Geographic Region\n */\n", "define ", "\"Geographic Region Stratifier\"", ":\n\t" ]
              },
              "nil" : false,
              "globalScope" : true,
              "typeSubstituted" : false
            }, {
              "name" : "{urn:hl7-org:cql-annotations:r1}s",
              "declaredType" : "org.hl7.cql_annotations.r1.Narrative",
              "scope" : "javax.xml.bind.JAXBElement$GlobalScope",
              "value" : {
                "s" : [ {
                  "name" : "{urn:hl7-org:cql-annotations:r1}s",
                  "declaredType" : "org.hl7.cql_annotations.r1.Narrative",
                  "scope" : "javax.xml.bind.JAXBElement$GlobalScope",
                  "value" : {
                    "s" : [ {
                      "name" : "{urn:hl7-org:cql-annotations:r1}s",
                      "declaredType" : "org.hl7.cql_annotations.r1.Narrative",
                      "scope" : "javax.xml.bind.JAXBElement$GlobalScope",
                      "value" : {
                        "s" : [ "IMMZIndCom" ]
                      },
                      "nil" : false,
                      "globalScope" : true,
                      "typeSubstituted" : false
                    } ],
                    "r" : "25"
                  },
                  "nil" : false,
                  "globalScope" : true,
                  "typeSubstituted" : false
                }, {
                  "name" : "{urn:hl7-org:cql-annotations:r1}s",
                  "declaredType" : "org.hl7.cql_annotations.r1.Narrative",
                  "scope" : "javax.xml.bind.JAXBElement$GlobalScope",
                  "value" : {
                    "s" : [ "." ]
                  },
                  "nil" : false,
                  "globalScope" : true,
                  "typeSubstituted" : false
                }, {
                  "name" : "{urn:hl7-org:cql-annotations:r1}s",
                  "declaredType" : "org.hl7.cql_annotations.r1.Narrative",
                  "scope" : "javax.xml.bind.JAXBElement$GlobalScope",
                  "value" : {
                    "s" : [ {
                      "name" : "{urn:hl7-org:cql-annotations:r1}s",
                      "declaredType" : "org.hl7.cql_annotations.r1.Narrative",
                      "scope" : "javax.xml.bind.JAXBElement$GlobalScope",
                      "value" : {
                        "s" : [ "\"By Geographic Region Stratifier\"" ]
                      },
                      "nil" : false,
                      "globalScope" : true,
                      "typeSubstituted" : false
                    } ],
                    "r" : "26"
                  },
                  "nil" : false,
                  "globalScope" : true,
                  "typeSubstituted" : false
                } ],
                "r" : "26"
              },
              "nil" : false,
              "globalScope" : true,
              "typeSubstituted" : false
            } ],
            "r" : "27"
          }
        } ],
        "localId" : "27",
        "locator" : "51:1-52:45",
        "name" : "Geographic Region Stratifier",
        "context" : "Patient",
        "accessLevel" : "Public"
      }, {
        "type" : "ExpressionDef",
        "expression" : {
          "type" : "ExpressionRef",
          "localId" : "29",
          "locator" : "58:2-58:49",
          "name" : "By Administrative Gender Stratifier",
          "libraryName" : "IMMZIndCom"
        },
        "annotation" : [ {
          "s" : {
            "s" : [ {
              "name" : "{urn:hl7-org:cql-annotations:r1}s",
              "declaredType" : "org.hl7.cql_annotations.r1.Narrative",
              "scope" : "javax.xml.bind.JAXBElement$GlobalScope",
              "value" : {
                "s" : [ "/*\n * Disaggregator: Administrative Gender (or Biological Sex)\n */\n", "define ", "\"Administrative Gender Stratifier\"", ":\n\t" ]
              },
              "nil" : false,
              "globalScope" : true,
              "typeSubstituted" : false
            }, {
              "name" : "{urn:hl7-org:cql-annotations:r1}s",
              "declaredType" : "org.hl7.cql_annotations.r1.Narrative",
              "scope" : "javax.xml.bind.JAXBElement$GlobalScope",
              "value" : {
                "s" : [ {
                  "name" : "{urn:hl7-org:cql-annotations:r1}s",
                  "declaredType" : "org.hl7.cql_annotations.r1.Narrative",
                  "scope" : "javax.xml.bind.JAXBElement$GlobalScope",
                  "value" : {
                    "s" : [ {
                      "name" : "{urn:hl7-org:cql-annotations:r1}s",
                      "declaredType" : "org.hl7.cql_annotations.r1.Narrative",
                      "scope" : "javax.xml.bind.JAXBElement$GlobalScope",
                      "value" : {
                        "s" : [ "IMMZIndCom" ]
                      },
                      "nil" : false,
                      "globalScope" : true,
                      "typeSubstituted" : false
                    } ],
                    "r" : "28"
                  },
                  "nil" : false,
                  "globalScope" : true,
                  "typeSubstituted" : false
                }, {
                  "name" : "{urn:hl7-org:cql-annotations:r1}s",
                  "declaredType" : "org.hl7.cql_annotations.r1.Narrative",
                  "scope" : "javax.xml.bind.JAXBElement$GlobalScope",
                  "value" : {
                    "s" : [ "." ]
                  },
                  "nil" : false,
                  "globalScope" : true,
                  "typeSubstituted" : false
                }, {
                  "name" : "{urn:hl7-org:cql-annotations:r1}s",
                  "declaredType" : "org.hl7.cql_annotations.r1.Narrative",
                  "scope" : "javax.xml.bind.JAXBElement$GlobalScope",
                  "value" : {
                    "s" : [ {
                      "name" : "{urn:hl7-org:cql-annotations:r1}s",
                      "declaredType" : "org.hl7.cql_annotations.r1.Narrative",
                      "scope" : "javax.xml.bind.JAXBElement$GlobalScope",
                      "value" : {
                        "s" : [ "\"By Administrative Gender Stratifier\"" ]
                      },
                      "nil" : false,
                      "globalScope" : true,
                      "typeSubstituted" : false
                    } ],
                    "r" : "29"
                  },
                  "nil" : false,
                  "globalScope" : true,
                  "typeSubstituted" : false
                } ],
                "r" : "29"
              },
              "nil" : false,
              "globalScope" : true,
              "typeSubstituted" : false
            } ],
            "r" : "30"
          }
        } ],
        "localId" : "30",
        "locator" : "57:1-58:49",
        "name" : "Administrative Gender Stratifier",
        "context" : "Patient",
        "accessLevel" : "Public"
      } ]
    },
    "annotation" : [ {
      "translatorVersion" : "1.4",
      "translatorOptions" : "EnableAnnotations,EnableLocators,DisableListDemotion,DisableListPromotion"
    }, {
      "s" : {
        "s" : [ {
          "name" : "{urn:hl7-org:cql-annotations:r1}s",
          "declaredType" : "org.hl7.cql_annotations.r1.Narrative",
          "scope" : "javax.xml.bind.JAXBElement$GlobalScope",
          "value" : {
            "s" : [ "/*\n * Library: IMMZ.IND.17\n * Immunization coverage for Pertussis containing vaccine boosters (Estimated Denominator) \n * Compares the administered booster dose of pertussis containing vaccine (dose 4) with a country specified denominator expressed as a percentage.\n * \n * Numerator: Number of administrations of booster vaccine containing a pertussis component during the reporting period \n * Numerator Computation: COUNT immunization events WHERE administered product is a Pertussis containing vaccine (IMMZ.A1.DE12) and dose > 3 during reporting period.\n * Denominator: Country defined target population.\n * Denominator Computation: PARAMETER country defined target population.\n * \n * Disaggregation:\n *   - Geographic Region\n *   - Administrative Gender (or Biological Sex)\n * \n * References: WHO / UNICEF Joint Reporting Form (3 - element 4090)\n */\n", "library IMMZIND17" ]
          },
          "nil" : false,
          "globalScope" : true,
          "typeSubstituted" : false
        } ],
        "r" : "30"
      }
    } ]
  }
}