<?xml version="1.0" encoding="UTF-8"?>

<PlanDefinition xmlns="http://hl7.org/fhir">
  <id value="IMMZ.DT.07.Rotavirus"/>
  <text>
    <status value="generated"/><div xmlns="http://www.w3.org/1999/xhtml"><p><b>Generated Narrative: PlanDefinition</b><a name="IMMZ.DT.07.Rotavirus"> </a></p><div style="display: inline-block; background-color: #d9e0e7; padding: 6px; margin: 4px; border: 1px solid #8da1b4; border-radius: 5px; line-height: 60%"><p style="margin-bottom: 0px">Resource PlanDefinition &quot;IMMZ.DT.07.Rotavirus&quot; </p></div><p><b>url</b>: <code>http://fhir.org/guides/who/smart-immunization/PlanDefinition/IMMZ.DT.07.Rotavirus</code></p><p><b>version</b>: 0.1.0</p><p><b>name</b>: IMMZ.DT.07.Rotavirus</p><p><b>title</b>: IMMZ.DT.07.Rotavirus</p><p><b>status</b>: draft</p><p><b>date</b>: 2023-03-31 14:00:01+0000</p><p><b>publisher</b>: World Health Organization (WHO)</p><p><b>description</b>: If child or person has not been vaccinated, give Rotavirus vaccine according to the defined schedule</p><p><b>jurisdiction</b>: Global (Whole world) <span style="background: LightGoldenRodYellow; margin: 4px; border: 1px solid khaki"> (m49.htm#001)</span></p><p><b>library</b>: <a href="Library-IMMZDT07.html">IMMZDT07</a></p><blockquote><p><b>action</b></p><p><b>title</b>: Immunize Patient for Rotavirus - No Doses</p><p><b>description</b>: Provide Rotavirus immunizations – using the &quot;Rotavirus vaccine immunization – NO PREVIOUS&quot; schedule (2-3 scheme depends on product)</p><blockquote><p><b>condition</b></p><p><b>kind</b>: applicability</p><h3>Expressions</h3><table class="grid"><tr><td>-</td><td><b>Description</b></td><td><b>Language</b></td><td><b>Expression</b></td></tr><tr><td>*</td><td>&quot;Rotavirus immunization history&quot; = &quot;No-doses&quot;</td><td>text/cql</td><td>Should vaccinate patient for Rotavirus 1st dose</td></tr></table></blockquote><blockquote><p><b>condition</b></p><p><b>kind</b>: applicability</p><h3>Expressions</h3><table class="grid"><tr><td>-</td><td><b>Description</b></td><td><b>Language</b></td><td><b>Expression</b></td></tr><tr><td>*</td><td>&quot;Current Patient Age in Weeks&quot; &gt;= 6</td><td>text/cql</td><td>Should vaccinate patient for Rotavirus 1st dose</td></tr></table></blockquote><blockquote><p><b>condition</b></p><p><b>kind</b>: applicability</p><h3>Expressions</h3><table class="grid"><tr><td>-</td><td><b>Description</b></td><td><b>Language</b></td><td><b>Expression</b></td></tr><tr><td>*</td><td>&quot;Current Patient Age in Months&quot; &lt;= 24</td><td>text/cql</td><td>Should vaccinate patient for Rotavirus 1st dose</td></tr></table></blockquote><blockquote><p><b>condition</b></p><p><b>kind</b>: applicability</p><h3>Expressions</h3><table class="grid"><tr><td>-</td><td><b>Description</b></td><td><b>Language</b></td><td><b>Expression</b></td></tr><tr><td>*</td><td>&quot;Patient has no history of intussusception&quot; = TRUE</td><td>text/cql</td><td>Should vaccinate patient for Rotavirus 1st dose</td></tr></table></blockquote><p><b>definition</b>: <a href="ActivityDefinition-IMMZ.DT.07.Rotavirus.01.html">IMMZ.DT.07.Rotavirus.01</a></p></blockquote><blockquote><p><b>action</b></p><p><b>title</b>: Immunize Patient for Rotavirus - 1 Rotavirus dose previously given 2 dose scheme</p><p><b>description</b>: Provide Rotavirus immunizations – using the &quot;Rotavirus vaccine immunization schedule&quot; – minimum of 4 weeks after previous dose</p><blockquote><p><b>condition</b></p><p><b>kind</b>: applicability</p><h3>Expressions</h3><table class="grid"><tr><td>-</td><td><b>Description</b></td><td><b>Language</b></td><td><b>Expression</b></td></tr><tr><td>*</td><td>&quot;Rotavirus immunization history&quot; = &quot;1 dose&quot;</td><td>text/cql</td><td>Should vaccinate patient with Rotavirus 2nd dose</td></tr></table></blockquote><blockquote><p><b>condition</b></p><p><b>kind</b>: applicability</p><h3>Expressions</h3><table class="grid"><tr><td>-</td><td><b>Description</b></td><td><b>Language</b></td><td><b>Expression</b></td></tr><tr><td>*</td><td>&quot;Date last Rotavirus dose given&quot; &gt;= &quot;4 weeks&quot;</td><td>text/cql</td><td>Should vaccinate patient with Rotavirus 2nd dose</td></tr></table></blockquote><blockquote><p><b>condition</b></p><p><b>kind</b>: applicability</p><h3>Expressions</h3><table class="grid"><tr><td>-</td><td><b>Description</b></td><td><b>Language</b></td><td><b>Expression</b></td></tr><tr><td>*</td><td>&quot;Current Patient Age in Months&quot; &lt;= 24</td><td>text/cql</td><td>Should vaccinate patient with Rotavirus 2nd dose</td></tr></table></blockquote><blockquote><p><b>condition</b></p><p><b>kind</b>: applicability</p><h3>Expressions</h3><table class="grid"><tr><td>-</td><td><b>Description</b></td><td><b>Language</b></td><td><b>Expression</b></td></tr><tr><td>*</td><td>&quot;Patient has no history of intussusception&quot; = TRUE</td><td>text/cql</td><td>Should vaccinate patient with Rotavirus 2nd dose</td></tr></table></blockquote><p><b>definition</b>: <a href="ActivityDefinition-IMMZ.DT.07.Rotavirus.02.html">IMMZ.DT.07.Rotavirus.02</a></p></blockquote><blockquote><p><b>action</b></p><p><b>title</b>: Immunize Patient for Rotavirus - 2 Rotavirus dose previously given 3 dose scheme</p><p><b>description</b>: Provide Rotavirus immunizations – using the &quot;Rotavirus vaccine immunization schedule&quot; – minimum of 4 weeks after previous dose assuming 3 dose scheme</p><blockquote><p><b>condition</b></p><p><b>kind</b>: applicability</p><h3>Expressions</h3><table class="grid"><tr><td>-</td><td><b>Description</b></td><td><b>Language</b></td><td><b>Expression</b></td></tr><tr><td>*</td><td>&quot;Rotavirus immunization history&quot; = &quot;2 doses&quot;</td><td>text/cql</td><td>Should vaccinate patient with Rotavirus 3rd dose</td></tr></table></blockquote><blockquote><p><b>condition</b></p><p><b>kind</b>: applicability</p><h3>Expressions</h3><table class="grid"><tr><td>-</td><td><b>Description</b></td><td><b>Language</b></td><td><b>Expression</b></td></tr><tr><td>*</td><td>&quot;Date last Rotavirus dose given&quot; &gt;= &quot;4 weeks&quot;</td><td>text/cql</td><td>Should vaccinate patient with Rotavirus 3rd dose</td></tr></table></blockquote><blockquote><p><b>condition</b></p><p><b>kind</b>: applicability</p><h3>Expressions</h3><table class="grid"><tr><td>-</td><td><b>Description</b></td><td><b>Language</b></td><td><b>Expression</b></td></tr><tr><td>*</td><td>&quot;All previous doses given with a 3 dose series product&quot; = TRUE</td><td>text/cql</td><td>Should vaccinate patient with Rotavirus 3rd dose</td></tr></table></blockquote><blockquote><p><b>condition</b></p><p><b>kind</b>: applicability</p><h3>Expressions</h3><table class="grid"><tr><td>-</td><td><b>Description</b></td><td><b>Language</b></td><td><b>Expression</b></td></tr><tr><td>*</td><td>&quot;Patient has no history of intussusception&quot; = TRUE</td><td>text/cql</td><td>Should vaccinate patient with Rotavirus 3rd dose</td></tr></table></blockquote><blockquote><p><b>condition</b></p><p><b>kind</b>: applicability</p><h3>Expressions</h3><table class="grid"><tr><td>-</td><td><b>Description</b></td><td><b>Language</b></td><td><b>Expression</b></td></tr><tr><td>*</td><td>&quot;Current Patient Age in Months&quot; &lt;= 24</td><td>text/cql</td><td>Should vaccinate patient with Rotavirus 3rd dose</td></tr></table></blockquote><p><b>definition</b>: <a href="ActivityDefinition-IMMZ.DT.07.Rotavirus.03.html">IMMZ.DT.07.Rotavirus.03</a></p></blockquote></div>
  </text>
  <url value="http://fhir.org/guides/who/smart-immunization/PlanDefinition/IMMZ.DT.07.Rotavirus"/>
  <version value="0.1.0"/>
  <name value="IMMZ.DT.07.Rotavirus"/>
  <title value="IMMZ.DT.07.Rotavirus"/>
  <status value="draft"/>
  <date value="2023-03-31T14:00:01+00:00"/>
  <publisher value="World Health Organization (WHO)"/>
  <description value="If child or person has not been vaccinated, give Rotavirus vaccine according to the defined schedule"/>
  <jurisdiction>
    <coding>
      <system value="http://unstats.un.org/unsd/methods/m49/m49.htm"/>
      <code value="001"/>
    </coding>
  </jurisdiction>
  <library value="http://fhir.org/guides/who/smart-immunization/Library/IMMZDT07"/>
  <action>
    <title value="Immunize Patient for Rotavirus - No Doses"/>
    <description value="Provide Rotavirus immunizations – using the &quot;Rotavirus vaccine immunization – NO PREVIOUS&quot; schedule (2-3 scheme depends on product)"/>
    <condition>
      <kind value="applicability"/>
      <expression>
        <description value="&quot;Rotavirus immunization history&quot; = &quot;No-doses&quot;"/>
        <language value="text/cql"/>
        <expression value="Should vaccinate patient for Rotavirus 1st dose"/>
      </expression>
    </condition>
    <condition>
      <kind value="applicability"/>
      <expression>
        <description value="&quot;Current Patient Age in Weeks&quot; &gt;= 6"/>
        <language value="text/cql"/>
        <expression value="Should vaccinate patient for Rotavirus 1st dose"/>
      </expression>
    </condition>
    <condition>
      <kind value="applicability"/>
      <expression>
        <description value="&quot;Current Patient Age in Months&quot; &lt;= 24"/>
        <language value="text/cql"/>
        <expression value="Should vaccinate patient for Rotavirus 1st dose"/>
      </expression>
    </condition>
    <condition>
      <kind value="applicability"/>
      <expression>
        <description value="&quot;Patient has no history of intussusception&quot; = TRUE"/>
        <language value="text/cql"/>
        <expression value="Should vaccinate patient for Rotavirus 1st dose"/>
      </expression>
    </condition>
    <definitionCanonical value="http://fhir.org/guides/who/smart-immunization/ActivityDefinition/IMMZ.DT.07.Rotavirus.01"/>
  </action>
  <action>
    <title value="Immunize Patient for Rotavirus - 1 Rotavirus dose previously given 2 dose scheme"/>
    <description value="Provide Rotavirus immunizations – using the &quot;Rotavirus vaccine immunization schedule&quot; – minimum of 4 weeks after previous dose"/>
    <condition>
      <kind value="applicability"/>
      <expression>
        <description value="&quot;Rotavirus immunization history&quot; = &quot;1 dose&quot;"/>
        <language value="text/cql"/>
        <expression value="Should vaccinate patient with Rotavirus 2nd dose"/>
      </expression>
    </condition>
    <condition>
      <kind value="applicability"/>
      <expression>
        <description value="&quot;Date last Rotavirus dose given&quot; &gt;= &quot;4 weeks&quot;"/>
        <language value="text/cql"/>
        <expression value="Should vaccinate patient with Rotavirus 2nd dose"/>
      </expression>
    </condition>
    <condition>
      <kind value="applicability"/>
      <expression>
        <description value="&quot;Current Patient Age in Months&quot; &lt;= 24"/>
        <language value="text/cql"/>
        <expression value="Should vaccinate patient with Rotavirus 2nd dose"/>
      </expression>
    </condition>
    <condition>
      <kind value="applicability"/>
      <expression>
        <description value="&quot;Patient has no history of intussusception&quot; = TRUE"/>
        <language value="text/cql"/>
        <expression value="Should vaccinate patient with Rotavirus 2nd dose"/>
      </expression>
    </condition>
    <definitionCanonical value="http://fhir.org/guides/who/smart-immunization/ActivityDefinition/IMMZ.DT.07.Rotavirus.02"/>
  </action>
  <action>
    <title value="Immunize Patient for Rotavirus - 2 Rotavirus dose previously given 3 dose scheme"/>
    <description value="Provide Rotavirus immunizations – using the &quot;Rotavirus vaccine immunization schedule&quot; – minimum of 4 weeks after previous dose assuming 3 dose scheme"/>
    <condition>
      <kind value="applicability"/>
      <expression>
        <description value="&quot;Rotavirus immunization history&quot; = &quot;2 doses&quot;"/>
        <language value="text/cql"/>
        <expression value="Should vaccinate patient with Rotavirus 3rd dose"/>
      </expression>
    </condition>
    <condition>
      <kind value="applicability"/>
      <expression>
        <description value="&quot;Date last Rotavirus dose given&quot; &gt;= &quot;4 weeks&quot;"/>
        <language value="text/cql"/>
        <expression value="Should vaccinate patient with Rotavirus 3rd dose"/>
      </expression>
    </condition>
    <condition>
      <kind value="applicability"/>
      <expression>
        <description value="&quot;All previous doses given with a 3 dose series product&quot; = TRUE"/>
        <language value="text/cql"/>
        <expression value="Should vaccinate patient with Rotavirus 3rd dose"/>
      </expression>
    </condition>
    <condition>
      <kind value="applicability"/>
      <expression>
        <description value="&quot;Patient has no history of intussusception&quot; = TRUE"/>
        <language value="text/cql"/>
        <expression value="Should vaccinate patient with Rotavirus 3rd dose"/>
      </expression>
    </condition>
    <condition>
      <kind value="applicability"/>
      <expression>
        <description value="&quot;Current Patient Age in Months&quot; &lt;= 24"/>
        <language value="text/cql"/>
        <expression value="Should vaccinate patient with Rotavirus 3rd dose"/>
      </expression>
    </condition>
    <definitionCanonical value="http://fhir.org/guides/who/smart-immunization/ActivityDefinition/IMMZ.DT.07.Rotavirus.03"/>
  </action>
</PlanDefinition>