<?xml version="1.0" encoding="UTF-8"?>

<ValueSet xmlns="http://hl7.org/fhir">
  <id value="MonovalentMenCconjugate-values"/>
  <text>
    <status value="generated"/><div xmlns="http://www.w3.org/1999/xhtml"><p>This value set includes codes based on the following rules:</p><ul><li>Include these codes as defined in <code>http://hl7.org/fhir/sid/icd-11</code><table class="none"><tr><td style="white-space:nowrap"><b>Code</b></td><td><b>Display</b></td></tr><tr><td>XM2WV4</td><td>Meningococcal vaccines</td></tr><tr><td>XM18Y8</td><td>Meningococcus C, purified polysaccharides antigen conjugated</td></tr></table></li><li>Include these codes as defined in <a href="http://www.snomed.org/"><code>http://snomed.info/sct</code></a><table class="none"><tr><td style="white-space:nowrap"><b>Code</b></td><td><b>Display</b></td></tr><tr><td><a href="http://snomed.info/id/259840006">259840006</a></td><td>Meningococcal polysaccharide group C antibody (substance)</td></tr><tr><td><a href="http://snomed.info/id/871866001">871866001</a></td><td>Vaccine product containing only Neisseria meningitidis serogroup C antigen (medicinal product)</td></tr><tr><td><a href="http://snomed.info/id/951000221102">951000221102</a></td><td>Vaccine product containing only Neisseria meningitidis serogroup C capsular polysaccharide conjugated antigen (medicinal product)</td></tr></table></li></ul></div>
  </text>
  <url value="http://fhir.org/guides/who/smart-immunization/ValueSet/MonovalentMenCconjugate-values"/>
  <version value="0.1.0"/>
  <name value="MonovalentMenCconjugatevalues"/>
  <title value="monovalent MenC conjugate values"/>
  <status value="draft"/>
  <experimental value="false"/>
  <date value="2023-03-31T14:38:57+00:00"/>
  <publisher value="World Health Organization (WHO)"/>
  <description value="Codes representing monovalent MenC conjugate values"/>
  <jurisdiction>
    <coding>
      <system value="http://unstats.un.org/unsd/methods/m49/m49.htm"/>
      <code value="001"/>
    </coding>
  </jurisdiction>
  <immutable value="true"/>
  <compose>
    <include>
      <system value="http://hl7.org/fhir/sid/icd-11"/>
      <concept>
        <code value="XM2WV4"/>
        <display value="Meningococcal vaccines"/>
      </concept>
      <concept>
        <code value="XM18Y8"/>
        <display value="Meningococcus C, purified polysaccharides antigen conjugated"/>
      </concept>
    </include>
    <include>
      <system value="http://snomed.info/sct"/>
      <concept>
        <code value="259840006"/>
        <display value="Meningococcal polysaccharide group C antibody (substance)"/>
      </concept>
      <concept>
        <code value="871866001"/>
        <display value="Vaccine product containing only Neisseria meningitidis serogroup C antigen (medicinal product)"/>
      </concept>
      <concept>
        <code value="951000221102"/>
        <display value="Vaccine product containing only Neisseria meningitidis serogroup C capsular polysaccharide conjugated antigen (medicinal product)"/>
      </concept>
    </include>
  </compose>
</ValueSet>